"BILBO ULMER","03/14/1976","MALE","BLACK"
"DANYEL ULMER","01/12/1984","MALE","BLACK"
"DARRELL ULMER","02/23/1974","MALE","BLACK"
"LONNIE ULMER","08/30/1972","MALE","BLACK"
"STANTON ULMER","06/25/1975","MALE","WHITE"
"COLE UMFRESS","07/19/1993","MALE","WHITE"
"CHRISTI UMPHRESS","01/21/1971","FEMALE","WHITE"
"BRUCE UNDERWOOD","04/09/1971","MALE","WHITE"
"DUSTIN UNDERWOOD","02/10/1987","MALE","WHITE"
"GARY UNDERWOOD","11/21/1988","MALE","BLACK"
"JESSIE UNDERWOOD","11/10/1988","MALE","WHITE"
"JUSTIN UNDERWOOD","01/02/1991","MALE","WHITE"
"JUSTIN UNDERWOOD","10/06/1973","MALE","BLACK"
"KHARLES UNDERWOOD","05/15/1985","MALE","BLACK"
"TIMOTHY UNDERWOOD","02/12/1976","MALE","WHITE"
"TOMMY UNDERWOOD","01/17/1976","MALE","WHITE"
"WESLEY UNDERWOOD","01/09/1987","MALE","WHITE"
"PAUL UNGER","07/20/1979","MALE","WHITE"
"DEQUAN UPCHURCH","01/18/1976","MALE","BLACK"
"FARREL UPCHURCH","08/08/1977","MALE","WHITE"
"HAKEEM UPCHURCH","12/11/1995","MALE","BLACK"
"JAMES UPCHURCH","03/13/1977","MALE","BLACK"
"CURTIS UPKINS","09/04/1968","MALE","BLACK"
"TERRANCE UPSHAW","02/12/1956","MALE","BLACK"
"VICTOR UPSHAW","12/06/1965","MALE","BLACK"
"JOSHUA UPTON","04/09/1979","MALE","WHITE"
"CALVIN USE'","10/23/1969","MALE","WHITE"
"GARLAND USRY","06/29/1973","MALE","WHITE"
"GREGORY USRY","01/16/1965","MALE","WHITE"
"DOMINIC VACA","11/14/2001","MALE","SPANISH"
"LAURA VACCA","12/22/1963","FEMALE","WHITE"
"BILLY VAIL","03/06/1983","MALE","WHITE"
"JIMMY VALANZUELA","09/29/1971","MALE","SPANISH"
"DERRICK VALDEZ","11/07/1981","MALE","WHITE"
"JEFFREY VALDEZ","09/02/1966","MALE","WHITE"
"PEDRO VALDEZ","08/22/1974","MALE","WHITE"
"JOB VALENCIA","09/23/1982","MALE","SPANISH"
"WILLIAM VALENCIA","01/27/1957","MALE","WHITE"
"CURTIS VALENTINE","08/31/1996","MALE","BLACK"
"GEORGE VALENTINE","10/21/1974","MALE","BLACK"
"JAMES VALENTINE","07/14/1955","MALE","BLACK"
"LARENZA VALENTINE","04/03/1957","MALE","BLACK"
"TAYLOR VALENTINE","06/10/1991","MALE","WHITE"
"JOHN VALLEROY","04/13/1982","MALE","WHITE"
"JOSHUA VALLUM","07/07/1987","MALE","WHITE"
"PAUL VALMAIN","04/12/1972","MALE","WHITE"
"CHAZ VALRIE","02/19/1981","MALE","BLACK"
"JEROME VAN","01/22/1990","MALE","BLACK"
"DYLAN VAN DYKE","09/23/1992","MALE","WHITE"
"CASSANDRA VAN NORMAN","12/01/1989","FEMALE","BLACK"
"SCOTT VANBERGEN","08/30/1988","MALE","WHITE"
"ERIC VANBUREN","09/08/1969","MALE","BLACK"
"JOHNNY VANBUREN","07/27/1970","MALE","BLACK"
"BILLY VANCE","08/24/1983","MALE","WHITE"
"FREDERICK VANCE","08/09/1981","MALE","BLACK"
"JASON VANCE","09/27/1982","MALE","WHITE"
"JOHNNY VANCE","01/04/1988","MALE","BLACK"
"LETARIUS VANDERBILT","03/18/1997","MALE","BLACK"
"LEVANUS VANDERBUILT","10/16/1977","MALE","BLACK"
"ANTHONY VANDERFORD","08/20/1989","MALE","WHITE"
"WILLIAM VANDERFORD","08/23/1983","MALE","WHITE"
"DAVID VANDERSLICE","06/17/1988","MALE","WHITE"
"AARON VANDEVENDER","08/26/1989","MALE","WHITE"
"DARYL VANISH","11/27/1962","MALE","BLACK"
"JAMES VANLANINGHAM","03/09/1961","MALE","WHITE"
"JONATHAN VANN","11/04/1987","MALE","BLACK"
"JACOB VANSLYKE","02/05/1994","MALE","WHITE"
"JERRY VANWAGNER","01/05/1971","MALE","WHITE"
"CHRISTY VARAKSA","08/08/1976","FEMALE","WHITE"
"ARTHUR VARDAMAN","05/01/1995","MALE","BLACK"
"JAMES VARDAMAN","09/25/1975","MALE","WHITE"
"JIMMY VARELA","02/09/1993","MALE","BLACK"
"JESUS VARGAS","10/02/1995","MALE","SPANISH"
"TOMMIE VARGAS","07/19/1967","MALE","WHITE"
"BOBBY VARNADO","08/29/1976","MALE","BLACK"
"BRODRICK VARNADO","01/05/1990","MALE","BLACK"
"CARLOS VARNADO","07/31/1984","MALE","BLACK"
"CUTRELL VARNADO","04/12/1986","MALE","BLACK"
"ERNEST VARNADO","04/18/1980","MALE","BLACK"
"HENRY VARNADO","01/23/1955","MALE","BLACK"
"HOLLIS VARNADO","04/10/1985","MALE","BLACK"
"KENO VARNADO","10/20/1993","MALE","BLACK"
"ANTHONY VARNELL","01/12/1988","MALE","BLACK"
"CEDRIC VARNELL","02/16/1987","MALE","BLACK"
"ZACCHEAUS VASSAR","07/20/1995","MALE","BLACK"
"CHRISTOPHER VASSER","08/06/1978","MALE","BLACK"
"JEFFERY VASSER","11/20/1986","MALE","BLACK"
"SCOTTY VAUGHAN","06/17/1991","MALE","WHITE"
"TONY VAUGHAN","11/27/1983","MALE","BLACK"
"TYRONE VAUGHAN","10/17/1979","MALE","BLACK"
"AKEEM VAUGHN","11/03/1984","MALE","BLACK"
"ANTHONY VAUGHN","02/12/1965","MALE","BLACK"
"BRYANT VAUGHN","06/19/1971","MALE","BLACK"
"CORTRAY VAUGHN","01/18/1990","MALE","BLACK"
"CORY VAUGHN","03/10/1983","MALE","WHITE"
"DERRICK VAUGHN","06/26/1966","MALE","BLACK"
"GERALD VAUGHN","09/14/1978","MALE","BLACK"
"JALYN VAUGHN","08/19/1996","MALE","BLACK"
"JOHNNY VAUGHN","01/15/1967","MALE","BLACK"
"JOSEPH VAUGHN","05/12/1972","MALE","WHITE"
"LADARIUS VAUGHN","01/14/1997","MALE","BLACK"
"MARCUS VAUGHN","06/14/1980","MALE","BLACK"
"MARCUS VAUGHN","10/17/1986","MALE","BLACK"
"ROBERT VAUGHN","01/07/1979","MALE","WHITE"
"STEWART VAUGHN","09/12/1981","MALE","WHITE"
"TERRY VAUGHN","02/15/1979","MALE","BLACK"
"TRAVIS VAUGHN","06/16/1985","MALE","WHITE"
"WALTER VAUGHN","01/08/1953","MALE","WHITE"
"WILLIAM VAUGHN","09/02/1986","MALE","BLACK"
"JOSE VAZQUEZ","03/20/1979","MALE","SPANISH"
"RAYSHON VEASLEY","02/04/2000","MALE","BLACK"
"RICO VEAZY","12/27/1990","MALE","BLACK"
"ANDREW VEGA","08/14/1984","MALE","SPANISH"
"JONATHAN VELEZ","06/09/1974","MALE","WHITE"
"ROBERT VELEZ","09/16/1994","MALE","WHITE"
"CHAD VENEZIA","10/22/1979","MALE","WHITE"
"JEFFERY VENSON","01/06/1972","MALE","BLACK"
"AMBER VEREEN","04/20/1983","FEMALE","BLACK"
"RYAN VERNON","07/01/1977","MALE","WHITE"
"JONATHAN VERSELL","11/17/1987","MALE","BLACK"
"CHARLES VEST","11/19/1992","MALE","WHITE"
"JOHNATHON VIARS","01/17/1990","MALE","WHITE"
"ASA VICE","09/12/1980","MALE","WHITE"
"CODE VICE","01/13/1942","MALE","WHITE"
"DAVID VICE","01/02/1990","MALE","WHITE"
"TRAVIS VICE","09/10/1985","MALE","WHITE"
"JAMES VICKERS","05/20/1944","MALE","WHITE"
"RAYMOND VICKERS","02/06/1958","MALE","BLACK"
"JERMELL VICTORY","06/25/1982","MALE","BLACK"
"CODY VINCE","12/10/1990","MALE","WHITE"
"DANNY VINCE","08/31/1971","MALE","WHITE"
"DERRICK VINCENT","02/19/1961","MALE","BLACK"
"LOGAN VINES","10/24/1989","FEMALE","WHITE"
"JERRY VINZANT","01/06/1992","MALE","WHITE"
"WILLIAM VINZANT","01/09/1961","MALE","WHITE"
"NATALIO VITERVO-VASQUE","01/01/1970","MALE","SPANISH"
"BENJAMIN VIVIAN","11/22/1979","MALE","BLACK"
"TORREY VIVIANS","03/01/1981","MALE","BLACK"
"JONATHAN VIZCAINO","07/27/1991","MALE","SPANISH"
"KENNETH VOGT","09/24/1977","MALE","WHITE"
"NATHAN VOIVEDICH","01/22/1979","MALE","WHITE"
"PETE VOLKING","12/26/1980","MALE","WHITE"
"DION VONTRESS","04/13/1993","MALE","BLACK"
"SANDRA VOWELL","02/19/1952","FEMALE","WHITE"
"ANGELA VOYLES","05/17/1975","FEMALE","WHITE"
"DOUGLAS VOYLES","11/14/1973","MALE","WHITE"
"LOGAN VOYLES","12/02/1993","MALE","WHITE"
"MICHAEL VOYLES","01/26/1976","MALE","WHITE"
"TIMOTHY VOYLES","06/28/1967","MALE","WHITE"
"CLINT VREELAND","05/10/1983","MALE","WHITE"
"BAO-DINH VU","02/16/1991","MALE","ASIAN"
"CHRYSTAL VUNCANNON","12/23/1977","FEMALE","WHITE"
"CHRISTINA YANACHEAK","12/25/1981","FEMALE","WHITE"
"BENJAMIN YANCEY","02/14/1964","MALE","BLACK"
"CHASE YANCEY","11/02/1989","MALE","WHITE"
"JIMMY YANCEY","08/22/1974","MALE","BLACK"
"PETER YANCEY","01/13/1988","MALE","BLACK"
"BRANDON YANCY","08/20/1987","MALE","BLACK"
"KYLE YANCY","02/03/1992","MALE","BLACK"
"ANDREW YANDELL","10/11/1991","MALE","WHITE"
"RICO YARBO","11/05/1970","MALE","BLACK"
"DURENTE YARBOR","02/15/1999","MALE","BLACK"
"JEREMY YARBOROUGH","04/22/1991","MALE","WHITE"
"THOMAS YARBRO","10/01/1956","MALE","WHITE"
"JAVOROSE YARBROUGH","08/29/1994","MALE","BLACK"
"JEREMY YARBROUGH","07/29/1989","MALE","WHITE"
"KIP YARBROUGH","08/08/1967","MALE","BLACK"
"MELVIN YARBROUGH","01/28/1991","MALE","BLACK"
"PERRY YARBROUGH","03/01/1994","MALE","BLACK"
"WENDELL YARBROUGH","07/30/1988","MALE","WHITE"
"JORDAN YARNELL","02/16/1994","MALE","WHITE"
"BRANDON YATES","05/30/1989","MALE","WHITE"
"DANNY YATES","10/27/1955","MALE","WHITE"
"DAVID YATES","05/09/1973","MALE","WHITE"
"JACKIE YATES","03/09/1976","MALE","BLACK"
"JERRY YATES","05/14/1961","MALE","BLACK"
"KIMBERLY YATES","07/21/1974","FEMALE","WHITE"
"LAVARIS YATES","06/03/1979","MALE","BLACK"
"NATHANIEL YATES","03/22/1978","MALE","BLACK"
"THOMAS YATES","11/17/1997","MALE","WHITE"
"TIMOTHY YATES","02/18/1986","MALE","WHITE"
"CHRISTOPHER YAWN","12/27/1972","MALE","WHITE"
"JAMIE YAWN","08/07/1986","MALE","WHITE"
"STEVEN YAWN","01/12/1992","MALE","WHITE"
"SAMANTHA YBARRA","10/12/1996","FEMALE","SPANISH"
"SAMUEL YEARBER","06/22/1981","MALE","WHITE"
"JOHNNY YEARBY","01/08/1975","MALE","BLACK"
"CHANDLER YEEND","02/21/1994","MALE","WHITE"
"QUNADA YELDELL","06/20/1988","FEMALE","BLACK"
"JAMES YELVERTON","06/12/1982","MALE","WHITE"
"LESTER YELVERTON","09/14/1987","MALE","WHITE"
"JUSTIN YHONQUEA","10/05/1989","MALE","BLACK"
"HOWARD YOAKUM","01/18/1977","MALE","WHITE"
"RONALD YOE","08/03/1956","MALE","WHITE"
"CHAD YONCE","02/14/1981","MALE","WHITE"
"CHRISTOPHER YORK","06/12/1990","MALE","BLACK"
"LEDARIUS YORK","06/16/1992","MALE","BLACK"
"ZACHARY YORK","01/30/1989","MALE","WHITE"
"DAJOHN YOST","09/05/1994","MALE","BLACK"
"ANTHONY YOTHER","01/14/1983","MALE","WHITE"
"AKELA YOUNG","04/29/1992","MALE","BLACK"
"ALEXANDER YOUNG","05/04/1977","MALE","BLACK"
"ALGERNON YOUNG","06/07/1988","MALE","BLACK"
"ALLEGRA YOUNG","04/04/1988","FEMALE","BLACK"
"AMIR YOUNG","10/09/1981","MALE","BLACK"
"AMONTY YOUNG","08/20/1986","MALE","BLACK"
"ANGELA YOUNG","10/20/1970","FEMALE","BLACK"
"ANTONIUS YOUNG","08/05/1998","MALE","BLACK"
"ARQUELLOS YOUNG","09/25/1979","MALE","BLACK"
"BERNARD YOUNG","12/23/1972","MALE","BLACK"
"BILLY YOUNG","06/16/1985","MALE","BLACK"
"BRIAN YOUNG","03/05/1968","MALE","BLACK"
"CARL YOUNG","10/14/1984","MALE","WHITE"
"CASSANDRA YOUNG","05/29/1980","FEMALE","BLACK"
"CECIL YOUNG","10/06/1977","MALE","BLACK"
"CEDRIC YOUNG","12/26/1981","MALE","BLACK"
"CHARLES YOUNG","03/11/1993","MALE","BLACK"
"CORNELIUS YOUNG","12/07/1985","MALE","BLACK"
"DANIEL YOUNG","09/10/1989","MALE","BLACK"
"DARIOUS YOUNG","12/20/1997","MALE","BLACK"
"DAVID YOUNG","03/08/1978","MALE","BLACK"
"DEAREALL YOUNG","12/27/1965","MALE","BLACK"
"DEMARIO YOUNG","07/08/1993","MALE","BLACK"
"DEMETRIC YOUNG","09/08/1987","MALE","BLACK"
"DERRICK YOUNG","04/09/1993","MALE","BLACK"
"DERRICK YOUNG","03/14/1979","MALE","BLACK"
"DEVONTE YOUNG","05/27/1995","MALE","BLACK"
"DOMINIC YOUNG","03/28/1978","MALE","BLACK"
"DYLAN YOUNG","09/21/1993","MALE","WHITE"
"EDWARD YOUNG","02/23/1983","MALE","BLACK"
"ELLIOTT YOUNG","12/12/1978","MALE","BLACK"
"EMMANUEL YOUNG","04/16/1981","MALE","BLACK"
"ERIC YOUNG","03/29/1992","MALE","BLACK"
"FARON YOUNG","11/11/1979","MALE","WHITE"
"FREDDIE YOUNG","02/07/1964","MALE","BLACK"
"FREDDIE YOUNG","02/24/1956","MALE","BLACK"
"FREDDIE YOUNG","12/02/1957","MALE","BLACK"
"HARVEY YOUNG","09/09/1981","MALE","BLACK"
"HENRY YOUNG","09/16/1961","MALE","BLACK"
"JAMES YOUNG","11/11/1959","MALE","BLACK"
"JAMES YOUNG","06/29/1980","MALE","BLACK"
"JAMES YOUNG","08/11/1981","MALE","BLACK"
"JEREMIAH YOUNG","01/15/1986","MALE","BLACK"
"JEREMY YOUNG","02/28/1989","MALE","WHITE"
"JERRY YOUNG","01/29/1993","MALE","BLACK"
"JESMANE YOUNG","02/14/1991","MALE","BLACK"
"JIMMY YOUNG","08/21/1977","MALE","BLACK"
"JIMMY YOUNG","11/23/1984","MALE","BLACK"
"JODIE YOUNG","07/28/1962","MALE","BLACK"
"JOHN YOUNG","11/03/1975","MALE","BLACK"
"JOHN YOUNG","11/05/1970","MALE","BLACK"
"JOHNNY YOUNG","05/21/1973","MALE","WHITE"
"JOSEPH YOUNG","03/11/1987","MALE","WHITE"
"JOSHUA YOUNG","01/16/1985","MALE","WHITE"
"JOSHUA YOUNG","11/05/1986","MALE","BLACK"
"JOSHUA YOUNG","07/13/1994","MALE","WHITE"
"KANDRIC YOUNG","05/03/1996","MALE","BLACK"
"KEITH YOUNG","05/01/1971","MALE","BLACK"
"KENNETH YOUNG","05/11/1993","MALE","BLACK"
"KEYONTAY YOUNG","11/22/1997","MALE","BLACK"
"KORSHAWNDUIS YOUNG","03/05/1991","MALE","BLACK"
"LEONARD YOUNG","01/22/1945","MALE","WHITE"
"LLOYD YOUNG","09/24/1981","MALE","BLACK"
"LONNIE YOUNG","08/17/1959","MALE","BLACK"
"MICHAEL YOUNG","10/09/1974","MALE","WHITE"
"NATHANIEL YOUNG","03/03/1986","MALE","WHITE"
"NICHOLAS YOUNG","09/11/1994","MALE","BLACK"
"PATRICK YOUNG","07/31/1963","MALE","WHITE"
"PHILIP YOUNG","09/18/1966","MALE","BLACK"
"QUANTEZ YOUNG","09/10/1993","MALE","BLACK"
"ROBERT YOUNG","02/21/1994","MALE","BLACK"
"ROGER YOUNG","08/02/1954","MALE","BLACK"
"RYAN YOUNG","04/08/1995","MALE","BLACK"
"SAMUEL YOUNG","12/14/1987","MALE","BLACK"
"TAROSKY YOUNG","12/17/1988","MALE","BLACK"
"TERRY YOUNG","08/21/1986","MALE","BLACK"
"TIMOTHY YOUNG","12/30/1962","MALE","BLACK"
"TIROME YOUNG","08/16/1990","MALE","BLACK"
"TOMMIE YOUNG","12/31/1958","MALE","BLACK"
"TOMMY YOUNG","12/03/1995","MALE","BLACK"
"VINCENT YOUNG","04/30/1962","MALE","BLACK"
"WILLIE YOUNG","06/12/1963","MALE","BLACK"
"TITUS YOUNG DANIELS","05/23/1999","MALE","BLACK"
"CHARLES YOUNGBLOOD","06/06/1968","MALE","BLACK"
"EVERETTE YOUNGBLOOD","03/13/1981","MALE","BLACK"
"RONALD YOUNGBLOOD","05/19/1989","MALE","BLACK"
"TRADARRIUS YOUNGBLOOD","11/24/1993","MALE","BLACK"
"CASSANDRA YOUNGER","05/29/1973","FEMALE","BLACK"
"JOHNNY ZACKARY","08/10/1964","MALE","BLACK"
"DANIEL ZALES","05/21/1968","MALE","WHITE"
"RODERICK ZAMORA","01/27/1987","MALE","WHITE"
"MICHAEL ZAMUDIO","10/16/1967","MALE","WHITE"
"JOSEPH ZATTONI","07/07/1992","MALE","WHITE"
"LAUREN ZEHNER","11/10/1990","FEMALE","WHITE"
"DANIEL ZEI","04/20/1992","MALE","WHITE"
"CHRISTOPHER ZESSIN","02/29/1988","MALE","WHITE"
"TURHAN ZIGLAR","06/30/1963","MALE","BLACK"
"JOHN ZIMMERMAN","05/24/1983","MALE","WHITE"
"RICHARD ZIMMERMAN","01/28/1991","MALE","WHITE"
"SANDRA ZITTERKOPF","03/07/1961","FEMALE","WHITE"
"FREDRICK ZOLICOFFER","09/28/1985","MALE","BLACK"
"KIMBERLY ZUNIGA","09/16/1983","FEMALE","WHITE"
