"HAROLD ABBOTT","09/06/1957","MALE","WHITE"
"JUSTIN ABBOTT","10/26/1980","MALE","WHITE"
"BYRON ABBY","01/25/1977","MALE","BLACK"
"DOMINIQUE ABEL","11/29/1983","MALE","BLACK"
"JAMIE ABEL","03/01/1978","MALE","WHITE"
"JEFFERY ABERNATHY","08/23/1972","MALE","WHITE"
"RYAN ABEYTA","10/08/1982","MALE","SPANISH"
"JON ABLES","06/26/1976","MALE","WHITE"
"BOBBY ABNER","06/10/1992","MALE","BLACK"
"LAMICHAEL ABNEY","01/10/1996","MALE","BLACK"
"SCOTTIE ABNEY","11/19/1971","MALE","WHITE"
"DERRIAN ABRAHAM","11/29/1993","MALE","BLACK"
"LARRELL ABRAM","07/08/1983","MALE","BLACK"
"LATREAL ABRAM","06/15/1997","MALE","BLACK"
"RAYNARD ABRAM","02/04/1961","MALE","BLACK"
"CHARLES ABRAMS","05/24/1981","MALE","WHITE"
"DAMONTE ABRAMS","11/02/1997","MALE","BLACK"
"DIJON ABRON","01/19/1992","MALE","BLACK"
"DARIUS ABSTON","01/18/1990","MALE","BLACK"
"MELISSA ABU-OBEID","03/29/1973","FEMALE","WHITE"
"CHADWICK ACISON","07/29/1976","MALE","WHITE"
"MICHAEL ACKER","08/27/1980","MALE","BLACK"
"SHANE ACKERMAN","03/10/1973","MALE","WHITE"
"JAMIE ACOFF","02/17/1993","MALE","BLACK"
"CHARLES ACY","10/13/1996","MALE","WHITE"
"KEENA ADAIR","07/20/1988","FEMALE","WHITE"
"ANDREW ADAMS","05/08/1981","MALE","BLACK"
"ANTHONY ADAMS","03/12/1979","MALE","BLACK"
"ASHLEY ADAMS","10/11/1989","FEMALE","WHITE"
"BLESSED ADAMS","10/24/1993","MALE","BLACK"
"BOBBY ADAMS","06/26/1962","MALE","BLACK"
"BRIAN ADAMS","12/11/1986","MALE","WHITE"
"CARLEN ADAMS","12/30/1978","MALE","BLACK"
"CHRISTOPHER ADAMS","05/16/1987","MALE","BLACK"
"CURTIS ADAMS","05/14/1994","MALE","BLACK"
"DAVID ADAMS","05/22/1966","MALE","WHITE"
"DAVID ADAMS","08/07/1993","MALE","BLACK"
"DAVID ADAMS","11/23/1983","MALE","BLACK"
"DEVIASSI ADAMS","12/08/1977","MALE","BLACK"
"DONALD ADAMS","04/12/1979","MALE","WHITE"
"DONVONTE ADAMS","02/05/1996","MALE","BLACK"
"DWAN ADAMS","12/22/1989","MALE","BLACK"
"EDDIE ADAMS","02/05/1979","MALE","BLACK"
"EDWARD ADAMS","01/11/1978","MALE","BLACK"
"ERIC ADAMS","10/29/1991","MALE","BLACK"
"GREGORY ADAMS","09/12/1962","MALE","BLACK"
"JACOB ADAMS","01/05/1993","MALE","WHITE"
"JAMES ADAMS","08/23/1988","MALE","WHITE"
"JAMES ADAMS","11/11/1975","MALE","BLACK"
"JARQUIS ADAMS","07/01/1994","MALE","BLACK"
"JASON ADAMS","05/19/1979","MALE","WHITE"
"JAVIER ADAMS","10/26/1988","MALE","BLACK"
"JOHN ADAMS","03/06/1993","MALE","BLACK"
"KYRION ADAMS","12/07/2000","MALE","BLACK"
"LAMONT ADAMS","06/04/1997","MALE","BLACK"
"LATERRANCE ADAMS","04/10/1990","MALE","BLACK"
"MARY ADAMS","06/20/1950","FEMALE","WHITE"
"MELISSA ADAMS","08/12/1973","FEMALE","WHITE"
"MICHAEL ADAMS","02/26/1968","MALE","BLACK"
"MILTON ADAMS","11/07/1969","MALE","BLACK"
"NATHAN ADAMS","08/09/1968","MALE","BLACK"
"RAYMOND ADAMS","09/21/1946","MALE","WHITE"
"RILEY ADAMS","10/26/1955","MALE","WHITE"
"ROBERT ADAMS","05/17/1958","MALE","BLACK"
"ROBERT ADAMS","02/18/1975","MALE","BLACK"
"RUSSELL ADAMS","09/14/1990","MALE","WHITE"
"SCOTTY ADAMS","10/02/1978","MALE","WHITE"
"SHAWN ADAMS","12/15/1975","MALE","BLACK"
"SPENCER ADAMS","03/05/1998","MALE","BLACK"
"STANLEY ADAMS","05/25/1963","MALE","BLACK"
"STEPHEN ADAMS","05/16/1989","MALE","BLACK"
"TERRY ADAMS","09/05/1956","MALE","BLACK"
"TOBY ADAMS","03/08/1989","MALE","WHITE"
"TODD ADAMS","12/30/1986","MALE","BLACK"
"WESLEY ADAMS","09/13/1991","MALE","BLACK"
"CONSTANCE ADAMS-ALLEN","01/20/1992","FEMALE","BLACK"
"JORGE CARLOS ADAY CAZORLA","02/23/1990","MALE","SPANISH"
"JAMES ADCOCK","10/09/1990","MALE","WHITE"
"TYLER ADCOCK","10/09/1994","MALE","WHITE"
"DEMARCUS ADDISON","09/10/1986","MALE","BLACK"
"JAMAAL ADDISON","08/20/1991","MALE","BLACK"
"DAVID ADELE","03/04/1964","MALE","WHITE"
"PHILIP ADELSHEIMER","10/08/1989","MALE","WHITE"
"DARNELL ADKINS","04/17/1987","MALE","BLACK"
"STEVEN ADKINS","09/13/1956","MALE","WHITE"
"TAMMY ADKINS","09/03/1966","FEMALE","WHITE"
"BRITTNEY ADLER","01/10/1990","FEMALE","WHITE"
"TYLER ADVANI","08/12/1993","MALE","WHITE"
"ANTHONY AGATE","03/27/1987","MALE","WHITE"
"CATRELLE AGEE","08/16/1994","MALE","BLACK"
"JOE AGEE","02/26/1971","MALE","BLACK"
"MARK AGEE","11/15/1971","MALE","BLACK"
"WILLIAMS AGEE","05/24/1987","MALE","BLACK"
"CHRISTOPHER AGENT","03/22/1980","MALE","WHITE"
"DAVID AGENT","07/17/1957","MALE","WHITE"
"JAMES AGENT","05/23/1968","MALE","WHITE"
"YANCE AGENT","09/27/1975","MALE","WHITE"
"ERIC AGNEW","07/24/1970","MALE","BLACK"
"JARRETT AGNEW","08/25/1978","MALE","BLACK"
"JIMMY AGNEW","02/27/1990","MALE","BLACK"
"JOSHUA AGNEW","10/25/1988","MALE","BLACK"
"RODNEY AGNEW","05/04/1981","MALE","BLACK"
"TONY AGNEW","12/16/1980","MALE","BLACK"
"GODWIN AGUEBOR","02/13/1990","MALE","BLACK"
"CHRISTOPHER AGUERO","12/21/1990","MALE","WHITE"
"CHRISTOPHER AGUERO","01/28/1980","MALE","WHITE"
"BENNY AGUILAR","04/03/1966","MALE","SPANISH"
"GEORGE AGUILAR","02/15/1975","MALE","BLACK"
"ROBERT AGUILAR","07/18/1991","MALE","SPANISH"
"CHARLES AGUSTUS","04/28/1998","MALE","BLACK"
"VINCENT AIKENS","03/20/1983","MALE","WHITE"
"ANDRE AINSWORTH","06/25/1979","MALE","BLACK"
"ANTONIO AINSWORTH","01/20/1980","MALE","BLACK"
"CRAIG AINSWORTH","03/23/1973","MALE","WHITE"
"DOUGLAS AINSWORTH","12/09/1972","MALE","WHITE"
"DUSTIN AINSWORTH","06/28/1991","MALE","WHITE"
"DWITE AINSWORTH","07/18/1961","MALE","BLACK"
"JASON AINSWORTH","08/12/1973","MALE","WHITE"
"KENNETH AINSWORTH","10/31/1970","MALE","BLACK"
"MARCUS AINSWORTH","07/22/1976","MALE","BLACK"
"WILLIAM AINSWORTH","11/14/1977","MALE","WHITE"
"GEORGE AISTROP","03/27/1976","MALE","WHITE"
"JUSTIN AKINS","08/02/1982","MALE","WHITE"
"KENNETH AKRIDGE","06/09/1990","MALE","WHITE"
"GISELDA ALBARRAN","08/23/1993","FEMALE","SPANISH"
"RANDY ALBERT","04/15/1988","MALE","BLACK"
"SAMUEL ALBIN","09/27/1981","MALE","WHITE"
"CORY ALBRIGHT","03/23/1980","MALE","BLACK"
"JOSHUA ALBRIGHT","09/24/1992","MALE","BLACK"
"ROBERT ALBRIGHT","09/07/1984","MALE","WHITE"
"WILLIAM ALBRITTON","04/02/1991","MALE","WHITE"
"JAMES ALDERMAN","10/04/1956","MALE","WHITE"
"JASON ALDRICH","12/03/1981","MALE","WHITE"
"CORTEZ ALDRIDGE","06/14/1983","MALE","BLACK"
"CURTIS ALDRIDGE","10/04/1989","MALE","BLACK"
"JAMES ALDRIDGE","05/04/1954","MALE","BLACK"
"JANSEN ALDRIDGE","04/15/1992","MALE","WHITE"
"JUANYA ALDRIDGE","08/15/2002","MALE","BLACK"
"MARK ALDRIDGE","01/12/1957","MALE","WHITE"
"STEVE ALDRIDGE","02/11/1968","MALE","BLACK"
"JEROME ALES","03/25/1989","MALE","BLACK"
"MELVIN ALESICH","05/08/1970","MALE","WHITE"
"AARON ALESSI","10/06/1983","MALE","WHITE"
"ANDREW ALEXANDER","02/26/1958","MALE","BLACK"
"ANDREW ALEXANDER","04/18/1988","MALE","BLACK"
"BARRY ALEXANDER","12/21/1969","MALE","BLACK"
"BRANDON ALEXANDER","08/20/1989","MALE","BLACK"
"CAMERON ALEXANDER","04/14/1983","MALE","BLACK"
"CEDRIC ALEXANDER","11/06/1994","MALE","BLACK"
"CHAD ALEXANDER","10/15/1974","MALE","WHITE"
"CHARLES ALEXANDER","07/06/1988","MALE","WHITE"
"CHRISTOPHER ALEXANDER","01/27/1978","MALE","BLACK"
"CRAIG ALEXANDER","03/31/1988","MALE","BLACK"
"DAKOTAH ALEXANDER","08/03/1986","MALE","WHITE"
"DAVID ALEXANDER","05/19/1992","MALE","BLACK"
"DAVID ALEXANDER","10/27/1956","MALE","WHITE"
"GERALD ALEXANDER","06/21/1988","MALE","BLACK"
"HOWARD ALEXANDER","11/03/1982","MALE","BLACK"
"JARVIS ALEXANDER","04/02/1992","MALE","BLACK"
"JOHN ALEXANDER","12/30/1954","MALE","WHITE"
"JOSEPH ALEXANDER","01/13/1986","MALE","BLACK"
"KEVIN ALEXANDER","01/05/1980","MALE","BLACK"
"KIMBERLY ALEXANDER","10/31/1979","FEMALE","WHITE"
"KIMBERLY ALEXANDER","09/01/1988","FEMALE","WHITE"
"LEONARD ALEXANDER","04/25/1972","MALE","BLACK"
"MICHAEL ALEXANDER","08/09/1974","MALE","BLACK"
"NORRIS ALEXANDER","03/10/1976","MALE","WHITE"
"PIERRE ALEXANDER","05/06/1993","MALE","BLACK"
"RAYMOND ALEXANDER","09/23/1973","MALE","BLACK"
"RAYMOND ALEXANDER","01/02/1979","MALE","WHITE"
"REGINALD ALEXANDER","03/02/1996","MALE","BLACK"
"RICKY ALEXANDER","09/26/1962","MALE","BLACK"
"RONALD ALEXANDER","11/15/1971","MALE","BLACK"
"SANDRA ALEXANDER","09/19/1971","FEMALE","WHITE"
"SEAN ALEXANDER","08/26/1975","MALE","BLACK"
"SHAFFEZ ALEXANDER","01/24/1992","MALE","BLACK"
"TONY ALEXANDER","07/02/1975","MALE","BLACK"
"WILBURN ALEXANDER","12/05/1992","MALE","BLACK"
"ACE ALFORD","11/12/1997","MALE","BLACK"
"AUBREY ALFORD","08/14/1989","MALE","WHITE"
"BRANDON ALFORD","04/29/1991","MALE","WHITE"
"CHARLES ALFORD","03/17/1993","MALE","BLACK"
"GERALDINE ALFORD","04/15/1959","FEMALE","WHITE"
"GREGORY ALFORD","12/06/1968","MALE","WHITE"
"JERICHO ALFORD","07/31/1977","MALE","BLACK"
"LASHARIS ALFORD","04/02/1980","MALE","BLACK"
"RALPH ALFORD","12/20/1976","MALE","WHITE"
"SPARTACUS ALFORD","02/25/1971","MALE","WHITE"
"STEPHANIE ALFORD","05/05/1993","FEMALE","BLACK"
"VALENTIN ALFRONSE-ARGUE","02/14/1981","MALE","SPANISH"
"MEVALINE ALLAN","09/28/1978","FEMALE","WHITE"
"ADRIAN ALLEN","07/16/1983","MALE","BLACK"
"ANGELO ALLEN","08/13/1999","MALE","BLACK"
"ANTONIO ALLEN","06/27/1991","MALE","BLACK"
"AUSTIN ALLEN","04/27/1988","MALE","WHITE"
"BOBBY ALLEN","11/19/1960","MALE","BLACK"
"BOBBY ALLEN","06/22/1989","MALE","BLACK"
"BOBBY ALLEN","07/01/1965","MALE","WHITE"
"BRADLEY ALLEN","09/30/1967","MALE","WHITE"
"CARI ALLEN","03/20/1992","FEMALE","WHITE"
"CHAD ALLEN","10/16/1984","MALE","WHITE"
"CHARLES ALLEN","07/23/1968","MALE","WHITE"
"CHRISTIAN ALLEN","08/24/1995","MALE","BLACK"
"CORNELIUS ALLEN","11/18/1979","MALE","BLACK"
"CORTEZ ALLEN","03/01/1990","MALE","BLACK"
"DAQUARIAN ALLEN","05/22/1999","MALE","BLACK"
"DAVID ALLEN","04/05/1996","MALE","WHITE"
"DENNIS ALLEN","11/17/1989","MALE","BLACK"
"DORMAN ALLEN","09/23/1979","MALE","WHITE"
"EARNEST ALLEN","12/11/1956","MALE","BLACK"
"ELLIS ALLEN","04/19/1985","MALE","BLACK"
"GARY ALLEN","06/14/1962","MALE","WHITE"
"GREGORY ALLEN","07/06/1992","MALE","WHITE"
"HEATH ALLEN","11/30/1985","MALE","WHITE"
"JAHADD ALLEN","07/02/1997","MALE","BLACK"
"JAMAR ALLEN","07/12/1986","MALE","BLACK"
"JAMES ALLEN","06/23/1984","MALE","BLACK"
"JENNY ALLEN","10/10/1981","FEMALE","WHITE"
"JEREMIAH ALLEN","02/03/1987","MALE","BLACK"
"JEREMY ALLEN","02/12/1988","MALE","WHITE"
"JERMAINE ALLEN","06/18/1981","MALE","BLACK"
"JEROME ALLEN","06/08/1962","MALE","BLACK"
"JERRELL ALLEN","01/20/1985","MALE","BLACK"
"JESSE ALLEN","07/20/1963","MALE","BLACK"
"JESSICA ALLEN","01/21/1992","FEMALE","WHITE"
"JESSIE ALLEN","10/09/1989","MALE","BLACK"
"JOHNNY ALLEN","08/11/1993","MALE","BLACK"
"JOHNNY ALLEN","01/31/1962","MALE","BLACK"
"JOSHUA ALLEN","05/28/1988","MALE","BLACK"
"JUSTICE ALLEN","02/18/1997","MALE","BLACK"
"KALDRICK ALLEN","09/23/1994","MALE","BLACK"
"KENNETH ALLEN","08/15/1991","MALE","WHITE"
"LAKENDRICK ALLEN","06/29/1987","MALE","BLACK"
"LARRY ALLEN","07/12/1963","MALE","WHITE"
"LESLIE ALLEN","03/24/1958","MALE","BLACK"
"MARCUS ALLEN","05/26/1988","MALE","BLACK"
"MICHAEL ALLEN","02/14/1974","MALE","WHITE"
"MICHAEL ALLEN","11/13/1966","MALE","WHITE"
"MOSES ALLEN","08/08/2000","MALE","BLACK"
"NORMAN ALLEN","11/17/1982","MALE","WHITE"
"ORLANDO ALLEN","07/27/1959","MALE","BLACK"
"QUWANDERIUS ALLEN","07/16/1996","MALE","BLACK"
"RANDY ALLEN","04/02/1989","MALE","WHITE"
"RICHARD ALLEN","03/27/1972","MALE","BLACK"
"RODNEY ALLEN","11/24/1995","MALE","BLACK"
"RONALD ALLEN","10/21/1975","MALE","WHITE"
"SAMANTHA ALLEN","08/19/1994","FEMALE","WHITE"
"SHAQUAN ALLEN","06/28/1996","MALE","BLACK"
"STEPHEN ALLEN","10/26/1988","MALE","WHITE"
"THOMAS ALLEN","12/09/1976","MALE","WHITE"
"TODD ALLEN","12/10/1973","MALE","WHITE"
"TONY ALLEN","02/24/1985","MALE","WHITE"
"TREVON ALLEN","05/06/1996","MALE","BLACK"
"TUCKER ALLEN","03/21/1993","MALE","WHITE"
"VERNEAL ALLEN","04/20/1965","MALE","BLACK"
"WALTER ALLEN","02/20/1989","MALE","BLACK"
"WILLIE ALLEN","03/13/1968","MALE","BLACK"
"YO'SHIRKIA ALLEN","03/25/1987","FEMALE","BLACK"
"DANIEL ALLGOOD","02/07/1996","MALE","WHITE"
"CURTIS ALLISON","10/27/1958","MALE","WHITE"
"JAMAL ALLISON","07/07/1990","MALE","BLACK"
"BENJAMIN ALLRED","12/09/1979","MALE","WHITE"
"BOBBY ALLRED","07/13/1936","MALE","WHITE"
"JASON ALLRED","03/18/1977","MALE","WHITE"
"WILLIAM ALLRED","08/06/1956","MALE","WHITE"
"LUIS ALMANZA","12/06/1981","MALE","SPANISH"
"EDWARD ALMOND","06/23/1963","MALE","BLACK"
"COREY ALRED","09/29/1979","MALE","WHITE"
"JOHNATHAN ALRED","12/14/1983","MALE","WHITE"
"JOSEPH ALRED","04/24/1994","MALE","WHITE"
"SALEH ALROWHANI","11/25/1982","MALE","ASIAN"
"JOHN ALSOBROOKS","08/03/1988","MALE","WHITE"
"JERMAINE ALSTON","08/09/1980","MALE","BLACK"
"SHELDON ALSTON","06/06/1995","MALE","WHITE"
"EDUARDO ALVARADO","03/04/1989","MALE","SPANISH"
"LOUIS ALVARADO","08/01/1990","MALE","SPANISH"
"MANUEL ALVARADO","05/09/1955","MALE","SPANISH"
"MICHAEL AMARAL","02/09/1971","MALE","WHITE"
"ANDY AMBROCIO","09/24/1993","MALE","SPANISH"
"ABDUR AMBROSE","09/01/1984","MALE","BLACK"
"MICHAEL AMBROSE","07/11/1984","MALE","BLACK"
"REGINALD AMBROSE","04/09/1991","MALE","BLACK"
"RICARDO AMBROSE","06/18/1996","MALE","BLACK"
"STEVIE AMBROSE","12/23/1985","MALE","BLACK"
"LEE AMERSON","08/01/1980","MALE","BLACK"
"REGINALD AMERSON","05/16/1971","MALE","BLACK"
"JOHNNY AMES","01/02/1972","MALE","BLACK"
"TOMMY AMES","08/19/1972","MALE","BLACK"
"TONY AMES","06/29/1984","MALE","BLACK"
"LARRY AMMUS","10/26/1970","MALE","BLACK"
"CARDARRIUS AMOS","08/30/1998","MALE","BLACK"
"DEMARKESE AMOS","09/11/1994","MALE","BLACK"
"JASON AMOS","10/13/1999","MALE","BLACK"
"JERMAINE AMOS","01/05/1982","MALE","BLACK"
"JOSEPH AMOS","06/16/1990","MALE","BLACK"
"MARVEL AMOS","08/19/1997","MALE","BLACK"
"MICHAEL AMOS","01/07/1998","MALE","BLACK"
"ROMMEL AMOS","04/19/1976","MALE","BLACK"
"SAMUEL AMOS","11/18/1973","MALE","BLACK"
"SAMUEL AMOS","08/22/1990","MALE","BLACK"
"SANTEE AMOS","12/14/1965","MALE","BLACK"
"TITUS AMOS","03/02/1966","MALE","BLACK"
"NASER AMRO","07/02/1975","MALE","WHITE"
"HARRY ANAYA","12/31/1964","MALE","WHITE"
"JOHNATHAN ANAYA","12/20/1984","MALE","WHITE"
"JIMMY ANDERS","04/08/1976","MALE","WHITE"
"ALBERT ANDERSON","09/19/1984","MALE","BLACK"
"ALEXANDER ANDERSON","12/12/1990","MALE","BLACK"
"AMBER ANDERSON","04/20/1994","FEMALE","WHITE"
"ANTONIO ANDERSON","01/31/1974","MALE","BLACK"
"BILLY ANDERSON","05/25/1975","MALE","BLACK"
"BILLY ANDERSON","10/01/1952","MALE","WHITE"
"BLAKE ANDERSON","09/15/1999","MALE","WHITE"
"BOBBY ANDERSON","07/13/1982","MALE","WHITE"
"BOBBY ANDERSON","07/26/1984","MALE","BLACK"
"BRUCE ANDERSON","04/15/1978","MALE","BLACK"
"BRUCE ANDERSON","01/28/1995","MALE","AMERICAN"
"CALVIN ANDERSON","12/30/1997","MALE","BLACK"
"CARTER ANDERSON","05/03/1982","MALE","WHITE"
"CHARLES ANDERSON","12/02/1951","MALE","WHITE"
"CHESTER ANDERSON","10/02/1985","MALE","BLACK"
"CHRISTOPHER ANDERSON","05/09/1975","MALE","WHITE"
"CLARENCE ANDERSON","09/09/1984","MALE","BLACK"
"DAMIEN ANDERSON","09/12/1985","MALE","BLACK"
"DARRIELLE ANDERSON","12/17/1987","MALE","BLACK"
"DAVID ANDERSON","09/17/1980","MALE","BLACK"
"DAVID ANDERSON","11/30/1960","MALE","WHITE"
"DERIAS ANDERSON","06/28/1993","MALE","BLACK"
"DERIKE ANDERSON","09/01/1966","MALE","BLACK"
"DIANA ANDERSON","12/29/1984","FEMALE","WHITE"
"DON ANDERSON","08/07/1980","MALE","WHITE"
"EUGENE ANDERSON","04/19/1969","MALE","BLACK"
"HAROLD ANDERSON","10/30/1966","MALE","WHITE"
"HARVEY ANDERSON","05/31/1995","MALE","BLACK"
"HUBERT ANDERSON","03/17/1981","MALE","BLACK"
"IVYON ANDERSON","01/04/2001","MALE","BLACK"
"J W ANDERSON","01/16/1984","MALE","WHITE"
"JACOB ANDERSON","07/22/1989","MALE","WHITE"
"JAMIE ANDERSON","08/17/1978","MALE","WHITE"
"JASON ANDERSON","11/02/1979","MALE","BLACK"
"JATREVIOUS ANDERSON","10/11/1998","MALE","BLACK"
"JEFF ANDERSON","11/02/1988","MALE","BLACK"
"JEFFERY ANDERSON","12/03/1973","MALE","BLACK"
"JENNIFER ANDERSON","02/03/1975","FEMALE","WHITE"
"JERMEL ANDERSON","06/17/1988","MALE","BLACK"
"JIVONTA ANDERSON","01/28/1994","MALE","BLACK"
"JOHN ANDERSON","04/02/1987","MALE","BLACK"
"JOHNATHAN ANDERSON","07/15/1980","MALE","WHITE"
"JOHNDARIOUS ANDERSON","11/27/1997","MALE","BLACK"
"JOHNNY ANDERSON","06/07/1951","MALE","BLACK"
"JUSTIN ANDERSON","08/24/1989","MALE","WHITE"
"KAJUAN ANDERSON","01/07/2002","MALE","BLACK"
"L ANDERSON","04/24/1969","MALE","BLACK"
"LARRY ANDERSON","12/05/1975","MALE","BLACK"
"LEANDRE ANDERSON","04/30/1996","MALE","BLACK"
"LEVONZEL ANDERSON","03/05/1975","MALE","BLACK"
"MARCUS ANDERSON","09/03/1977","MALE","BLACK"
"MARCUS ANDERSON","03/23/1980","MALE","BLACK"
"MARCUS ANDERSON","07/05/1990","MALE","BLACK"
"MARK ANDERSON","06/09/1963","MALE","WHITE"
"MARSHALL ANDERSON","12/28/1971","MALE","BLACK"
"MELVIN ANDERSON","08/13/1978","MALE","BLACK"
"MICHAEL ANDERSON","09/21/1960","MALE","BLACK"
"MICHAEL ANDERSON","07/26/1960","MALE","BLACK"
"MILTON ANDERSON","07/25/1962","MALE","BLACK"
"MONTAE ANDERSON","05/03/1998","MALE","BLACK"
"MONTREAL ANDERSON","10/29/1989","MALE","BLACK"
"NATASHA ANDERSON","11/02/1986","FEMALE","WHITE"
"OSCAR ANDERSON","11/26/1992","MALE","BLACK"
"PIERRE ANDERSON","11/16/1990","MALE","BLACK"
"RANDY ANDERSON","06/18/1968","MALE","BLACK"
"RANDY ANDERSON","11/14/1976","MALE","BLACK"
"REGINALD ANDERSON","03/15/1977","MALE","BLACK"
"ROBERT ANDERSON","12/22/1985","MALE","BLACK"
"RONDAL ANDERSON","09/13/1972","MALE","WHITE"
"SHAMAR ANDERSON","01/22/2001","MALE","BLACK"
"SHIRLEY ANDERSON","03/15/1992","FEMALE","BLACK"
"SKILAH ANDERSON","11/11/1984","MALE","BLACK"
"SONNIE ANDERSON","10/25/1974","MALE","BLACK"
"STEPHEN ANDERSON","03/15/1958","MALE","BLACK"
"STEVEN ANDERSON","01/01/1977","MALE","WHITE"
"SYLVESTER ANDERSON","08/31/1977","MALE","BLACK"
"THEOTIS ANDERSON","11/25/1983","MALE","BLACK"
"TIFFANY ANDERSON","02/25/1973","FEMALE","WHITE"
"TRASONYA ANDERSON","12/01/1976","FEMALE","BLACK"
"TREYLIN ANDERSON","01/31/2000","MALE","BLACK"
"TROY ANDERSON","09/30/1992","MALE","BLACK"
"TYRELL ANDERSON","04/22/1991","MALE","BLACK"
"VICTOR ANDERSON","02/18/1987","MALE","BLACK"
"W ANDERSON","03/09/1961","MALE","BLACK"
"WESLEY ANDERSON","05/15/1985","MALE","BLACK"
"WILLIAM ANDERSON","08/17/1972","MALE","WHITE"
"WILLIAM ANDERSON","09/20/1985","MALE","WHITE"
"XAVIER ANDERSON","11/21/1995","MALE","BLACK"
"XAVIER ANDERSON","05/21/1995","MALE","BLACK"
"SHAUN ANDES","10/19/1983","MALE","WHITE"
"JOSE ANDINO","12/11/1952","MALE","SPANISH"
"CHRISTIAN ANDOL","01/04/1982","FEMALE","WHITE"
"RICHARD ANDRAS","01/15/1969","MALE","WHITE"
"ADARIUS ANDREWS","10/24/1993","MALE","BLACK"
"ANTONIO ANDREWS","07/16/1969","MALE","BLACK"
"ANTONIO ANDREWS","02/16/1968","MALE","BLACK"
"CEDRIC ANDREWS","09/02/1975","MALE","BLACK"
"DEMETRIUS ANDREWS","08/30/1972","MALE","BLACK"
"DERRICK ANDREWS","09/12/1967","MALE","BLACK"
"ELLIOT ANDREWS","01/21/1989","MALE","BLACK"
"GARLAND ANDREWS","06/26/1971","MALE","BLACK"
"GREGORY ANDREWS","09/15/1957","MALE","BLACK"
"JONAS ANDREWS","06/05/1986","MALE","BLACK"
"JOSHUA ANDREWS","04/18/1995","MALE","BLACK"
"KENNETH ANDREWS","08/24/1989","MALE","BLACK"
"KENNETH ANDREWS","08/04/1962","MALE","BLACK"
"LENNEL ANDREWS","03/01/1984","MALE","BLACK"
"SAMANTHA ANDREWS","04/03/1988","FEMALE","WHITE"
"SHANETRA ANDREWS","07/21/1984","FEMALE","BLACK"
"MICHAEL ANGEL","11/26/1964","MALE","WHITE"
"BRIAN ANGELL","11/18/1977","MALE","WHITE"
"DARREN ANGLAND","08/22/2000","MALE","BLACK"
"DARREN ANGLAND","08/09/1972","MALE","BLACK"
"AMANDA ANGLIN","09/17/1990","FEMALE","WHITE"
"JOHNATHAN ANKSTON","03/09/1993","MALE","BLACK"
"CHRISTOPHER ANNABLE","06/23/1988","MALE","WHITE"
"ARTHUR ANSERLAIN","12/23/1965","MALE","WHITE"
"WALTER ANSFIELD","07/30/1959","MALE","BLACK"
"RICARDO ANTALAN","06/13/1994","MALE","SPANISH"
"JOHN ANTHONY","08/29/1979","MALE","BLACK"
"KENNETH ANTHONY","11/26/1976","MALE","BLACK"
"ROBERT ANTHONY","03/29/1957","MALE","BLACK"
"NICHOLAS APPLEBY","10/25/1981","MALE","AMERICAN"
"ANGELA APPLEGATE","07/20/1971","FEMALE","WHITE"
"JAMIE APPLETON","02/01/1980","MALE","WHITE"
"GREGORY APPLEWHITE","09/24/1971","MALE","BLACK"
"KELBY APPLEWHITE","12/13/1984","MALE","BLACK"
"LERAY APPLEWHITE","01/03/1986","MALE","BLACK"
"DESIREE ARCHER","08/23/1988","FEMALE","WHITE"
"RICKY ARCHER","06/04/1967","MALE","BLACK"
"JUSTIN ARCHIE","05/02/1992","MALE","BLACK"
"STEVEN ARCHIE","11/06/1989","MALE","BLACK"
"VICTOR ARCHIE","05/05/1981","MALE","BLACK"
"JOHN ARENA","02/19/1990","MALE","WHITE"
"FRANK ARENDER","08/11/1966","MALE","WHITE"
"JUMON ARENDER","06/13/1967","MALE","WHITE"
"JOHN ARGO","03/04/1970","MALE","WHITE"
"BILL ARGOL","09/12/1967","MALE","WHITE"
"JOHNNIE ARICER","09/03/1946","MALE","WHITE"
"JASON ARMELIN","03/07/1986","MALE","BLACK"
"ARTEMIO ARMENTA","02/02/1998","MALE","SPANISH"
"JORGE ARMENTEROS-FER","08/10/1967","MALE","SPANISH"
"MARK ARMON","09/17/1985","MALE","BLACK"
"BENNETTE ARMSTEAD","03/21/1982","MALE","BLACK"
"COURTNEY ARMSTEAD","10/03/1986","MALE","BLACK"
"JAMES ARMSTEAD","06/04/1985","MALE","BLACK"
"LAPATRICK ARMSTEAD","05/11/1987","MALE","BLACK"
"LONNIE ARMSTEAD","06/09/1964","MALE","BLACK"
"PERRY ARMSTEAD","09/05/1971","MALE","BLACK"
"ROOSEVELT ARMSTEAD","04/03/1959","MALE","BLACK"
"TONY ARMSTEAD","08/29/1975","MALE","BLACK"
"ALEX ARMSTRONG","01/28/1974","MALE","BLACK"
"ALLEN ARMSTRONG","05/28/1985","MALE","BLACK"
"ANTHONY ARMSTRONG","08/18/1981","MALE","BLACK"
"ANTHONY ARMSTRONG","09/10/1987","MALE","BLACK"
"ANTONIO ARMSTRONG","08/09/1983","MALE","BLACK"
"BYRON ARMSTRONG","10/24/1989","MALE","BLACK"
"CHRISTOPHER ARMSTRONG","08/11/1992","MALE","BLACK"
"CURTIS ARMSTRONG","07/27/1988","MALE","WHITE"
"DAJUAN ARMSTRONG","10/04/1996","MALE","BLACK"
"DAVID ARMSTRONG","03/29/1989","MALE","BLACK"
"DONALD ARMSTRONG","06/20/1983","MALE","BLACK"
"DUEY ARMSTRONG","02/11/1981","MALE","WHITE"
"DUSTIN ARMSTRONG","12/19/1986","MALE","BLACK"
"JOE ARMSTRONG","04/01/1977","MALE","BLACK"
"JOHN ARMSTRONG","08/25/1954","MALE","BLACK"
"JORDAN ARMSTRONG","11/02/1992","MALE","BLACK"
"KEESHAWN ARMSTRONG","10/04/1996","MALE","BLACK"
"KEVIN ARMSTRONG","08/02/1977","MALE","WHITE"
"KIDRICK ARMSTRONG","03/02/1977","MALE","BLACK"
"KYLE ARMSTRONG","09/18/1986","MALE","BLACK"
"LADARRIUS ARMSTRONG","08/10/1993","MALE","BLACK"
"LUCAS ARMSTRONG","05/30/1983","MALE","BLACK"
"MAXIE ARMSTRONG","11/06/1977","MALE","BLACK"
"MICHAEL ARMSTRONG","12/26/1955","MALE","BLACK"
"MICHAEL ARMSTRONG","06/29/1996","MALE","WHITE"
"MICHAEL ARMSTRONG","04/05/1998","MALE","BLACK"
"STEVEN ARMSTRONG","10/23/1969","MALE","BLACK"
"TRAZARRA ARMSTRONG","12/26/2000","MALE","BLACK"
"BRAXTON ARNOLD","10/13/1991","MALE","WHITE"
"CLINTON ARNOLD","02/09/1988","MALE","WHITE"
"DANNY ARNOLD","04/17/1997","MALE","WHITE"
"JAMAHN ARNOLD","07/30/1997","MALE","BLACK"
"LANCE ARNOLD","03/25/1991","MALE","BLACK"
"LIONEL ARNOLD","10/18/1982","MALE","BLACK"
"MATTHEW ARNOLD","05/17/1988","MALE","WHITE"
"NICHOLAS ARNOLD","11/16/1980","MALE","WHITE"
"RANDY ARNOLD","11/22/1982","MALE","BLACK"
"TIMOTHY ARNOLD","03/09/1978","MALE","BLACK"
"TRAVIS ARNOLD","03/28/1989","MALE","WHITE"
"WILLIAM ARNOLD","02/04/1965","MALE","WHITE"
"TAMMY ARNS","01/24/1969","FEMALE","WHITE"
"ANTHONY ARRINGTON","04/29/1983","MALE","BLACK"
"DEON ARRINGTON","07/05/1997","MALE","BLACK"
"DEVIN ARRINGTON","12/30/1995","MALE","BLACK"
"DEVONTE ARRINGTON","07/30/1993","MALE","BLACK"
"DOVAN ARRINGTON","04/14/1983","MALE","BLACK"
"EDDIE ARRINGTON","02/23/1962","MALE","BLACK"
"ERIC ARRINGTON","01/16/1976","MALE","BLACK"
"THERMON ARRINGTON","12/02/1964","MALE","BLACK"
"MICHAEL ARSENAULT","05/07/1962","MALE","WHITE"
"INEKA ARTIS","10/22/1979","FEMALE","BLACK"
"TAMI ASBILL","05/25/1975","FEMALE","WHITE"
"AUSTIN ASH","08/21/1985","MALE","WHITE"
"GARY ASH","01/22/1972","MALE","WHITE"
"DEWAYNE ASHBY","11/07/1956","MALE","BLACK"
"RANDALL ASHCRAFT","04/18/1972","MALE","WHITE"
"CHAD ASHER","08/21/1997","MALE","WHITE"
"RAMBO ASHER","11/24/1985","MALE","WHITE"
"BRANDON ASHFORD","11/01/1981","MALE","BLACK"
"CARLTON ASHFORD","09/20/1994","MALE","BLACK"
"DOMINQUE ASHFORD","01/27/1984","MALE","BLACK"
"KELVIN ASHFORD","05/01/1997","MALE","BLACK"
"KELVIN ASHFORD","05/14/1973","MALE","BLACK"
"LEOTHA ASHFORD","04/18/1982","MALE","BLACK"
"CHARLES ASHLEY","09/15/1956","MALE","BLACK"
"CHRISTOPHER ASHLEY","10/22/1997","MALE","WHITE"
"COLBY ASHLEY","12/05/1986","MALE","WHITE"
"JAMES ASHLEY","06/05/1980","MALE","BLACK"
"JESSYE ASHLEY","09/04/1982","FEMALE","WHITE"
"THOMAS ASHLEY","12/16/1988","MALE","BLACK"
"ANTHONY ASHLOCK","07/10/1993","MALE","WHITE"
"AUSTEN ASHMORE","07/01/1995","MALE","WHITE"
"BRADLEY ASHMORE","09/26/1990","MALE","WHITE"
"KAREN ASHMORE","07/22/1965","FEMALE","WHITE"
"ROBERT ASHMORE","04/21/1995","MALE","WHITE"
"THOMAS ASHNER","08/01/1989","MALE","WHITE"
"MICHAEL ASKEW","12/15/1967","MALE","WHITE"
"RANDY ASKEW","07/07/1991","MALE","BLACK"
"JAMES ATCHINSON","06/14/1968","MALE","WHITE"
"JAMES ATCHISON","06/21/1996","MALE","WHITE"
"DWAYNE ATCHLEY","08/22/1967","MALE","WHITE"
"GEORGE ATKINS","04/24/1982","MALE","BLACK"
"QUE'NISHA ATKINS","09/19/1994","FEMALE","BLACK"
"RICHARD ATKINS","10/10/1997","MALE","WHITE"
"ROOSEVELT ATKINS","12/25/1968","MALE","BLACK"
"SHAWN ATKINS","05/16/1978","MALE","BLACK"
"WILLIAM ATKINS","07/13/1970","MALE","WHITE"
"ANTHONY ATKINSON","02/18/1953","MALE","WHITE"
"DEANGELO ATKINSON","08/26/1991","MALE","BLACK"
"DONALD ATKINSON","05/02/1973","MALE","WHITE"
"JALAN ATKINSON","10/08/1993","MALE","BLACK"
"JAMES ATKINSON","06/27/1992","MALE","BLACK"
"JERRIN ATKINSON","06/27/1995","MALE","BLACK"
"JUSTIN ATKINSON","04/04/1989","MALE","BLACK"
"MARK ATKINSON","03/14/1961","MALE","WHITE"
"WILL ATKINSON","01/31/1996","MALE","BLACK"
"CLARENCE ATWATER","12/17/1966","MALE","WHITE"
"SAMMY ATWELL","09/26/1941","MALE","WHITE"
"KOBE AUGUSTINE","06/26/2000","MALE","BLACK"
"ROY AULTMAN","11/23/1950","MALE","BLACK"
"RYAN AULTMAN","07/27/1991","MALE","WHITE"
"JOE AUSBON","04/20/1948","MALE","WHITE"
"DAVID AUST","07/05/1958","MALE","WHITE"
"ARTIS AUSTIN","06/02/1973","MALE","BLACK"
"CECIL AUSTIN","01/14/1947","MALE","WHITE"
"CLIFFORD AUSTIN","04/22/1953","MALE","BLACK"
"DANNY AUSTIN","07/02/1992","MALE","WHITE"
"DOMOHN AUSTIN","03/22/1978","MALE","BLACK"
"JEROME AUSTIN","06/22/1976","MALE","BLACK"
"JIM AUSTIN","07/09/1960","MALE","WHITE"
"MCKENNSEY AUSTIN","03/02/1979","MALE","BLACK"
"SAMUEL AUSTIN","04/23/1980","MALE","BLACK"
"TERRANCE AUSTIN","05/28/1982","MALE","BLACK"
"THOMAS AUSTIN","04/22/1972","MALE","BLACK"
"TIMOTHY AUTREY","11/05/1986","MALE","WHITE"
"BILETHON AUTRY","01/07/1985","MALE","BLACK"
"ALAN AVANT","09/08/1981","MALE","BLACK"
"CHRISTOPHER AVERY","02/13/1974","MALE","BLACK"
"WARREN AVERY","08/30/1958","MALE","WHITE"
"WILLIAM AVERY","10/01/1975","MALE","BLACK"
"TIMOTHY AVERY SR","02/24/1978","MALE","WHITE"
"ALLEN AYERS","10/04/1961","MALE","BLACK"
"WILLIAM AYERS","05/31/1975","MALE","BLACK"
"MALAKA AZARA","05/05/1985","MALE","BLACK"
