"JOHNNY BABB","02/11/1959","MALE","WHITE"
"RONALD BABBITT","07/25/1980","MALE","BLACK"
"SHAWN BABBITT","01/18/1989","MALE","WHITE"
"JONATHAN BABER","02/18/1980","MALE","BLACK"
"SHARLA BACHELDER","04/15/1975","FEMALE","WHITE"
"ALFRED BACKLIN","04/25/1944","MALE","WHITE"
"ANTONIUS BACKSTROM","07/12/1986","MALE","BLACK"
"JASON BACKSTROM","03/17/1980","MALE","WHITE"
"CRAYTONIA BADGER","05/12/1980","MALE","BLACK"
"JON BADGER","01/12/1995","MALE","WHITE"
"JOSIA BADON","04/07/1993","MALE","BLACK"
"CORNELIUS BADY","10/28/1996","MALE","BLACK"
"DERRICK BADY","12/18/1972","MALE","BLACK"
"DEVON BADY","08/08/1992","MALE","BLACK"
"ROBERT BADY","02/10/1977","MALE","BLACK"
"NATHAN BAFFORD","05/09/1970","MALE","BLACK"
"CORADELL BAGGETT","07/18/1986","MALE","BLACK"
"KENNETH BAGGETT","02/28/1982","MALE","WHITE"
"RONNIE BAGGETT","07/09/1971","MALE","WHITE"
"SHANNON BAGGETT","04/02/1969","MALE","WHITE"
"TERRY BAGGETT","08/20/1971","MALE","BLACK"
"AVONTE BAGLEY","07/24/1995","MALE","BLACK"
"JAYLAND BAGLEY","04/02/2001","MALE","BLACK"
"ALEX BAHAM","08/10/1977","MALE","WHITE"
"BRANDAN BAHAM","07/22/1991","MALE","BLACK"
"QUINCY BAHAM","07/18/1974","MALE","BLACK"
"AUSTIN BAHM","12/22/1997","MALE","WHITE"
"PERRY BAILES","05/03/1966","MALE","BLACK"
"CARTAVIOUS BAILEY","02/05/2000","MALE","BLACK"
"CHRISTOPHER BAILEY","07/29/1993","MALE","BLACK"
"DAMON BAILEY","10/26/1978","MALE","BLACK"
"DARIUS BAILEY","11/30/1995","MALE","BLACK"
"DAWRAIL BAILEY","06/23/1992","MALE","BLACK"
"DERIC BAILEY","01/30/1980","MALE","BLACK"
"DUSTY BAILEY","04/19/1997","MALE","WHITE"
"ERIC BAILEY","11/15/1987","MALE","BLACK"
"GREEN BAILEY","02/20/1958","MALE","BLACK"
"IRVIN BAILEY","11/19/1965","MALE","WHITE"
"JACARIUS BAILEY","12/04/1991","MALE","BLACK"
"JAMES BAILEY","03/12/1964","MALE","WHITE"
"JAMES BAILEY","06/26/1946","MALE","WHITE"
"JEREMY BAILEY","11/03/1989","MALE","BLACK"
"JEUNTE BAILEY","08/23/1988","MALE","BLACK"
"JOHNNY BAILEY","08/06/1983","MALE","BLACK"
"JONATHAN BAILEY","06/03/1981","MALE","WHITE"
"MATTHEW BAILEY","09/30/1990","MALE","BLACK"
"MICHAEL BAILEY","08/10/1964","MALE","BLACK"
"MICHAEL BAILEY","12/06/1990","MALE","WHITE"
"MONTREE BAILEY","02/21/1980","MALE","BLACK"
"NELSON BAILEY","05/27/1968","MALE","BLACK"
"ROBERT BAILEY","05/25/1948","MALE","WHITE"
"TRABIS BAILEY","06/16/1983","MALE","BLACK"
"TYLER BAILEY","01/12/1994","MALE","BLACK"
"TYREE BAILEY","03/30/1997","MALE","BLACK"
"VICTOR BAILEY","03/08/1984","MALE","BLACK"
"WALLACE BAILEY","12/24/1970","MALE","WHITE"
"WILLIE BAILEY","04/12/1979","MALE","BLACK"
"COLIN BAILEY-BYRD","07/07/1992","FEMALE","WHITE"
"DEMARICO BAINES","05/22/1998","MALE","BLACK"
"AUSTIN BAIRD","08/06/1994","MALE","WHITE"
"CHRISTEVER BAITE","01/21/1994","MALE","BLACK"
"ALFONZO BAKER","08/03/1984","MALE","BLACK"
"ANDRE BAKER","03/20/1992","MALE","BLACK"
"ANDREW BAKER","03/30/1991","MALE","WHITE"
"ANN BAKER","02/18/1965","FEMALE","WHITE"
"ANTHONY BAKER","02/16/1983","MALE","BLACK"
"ARKEITH BAKER","01/09/1983","MALE","BLACK"
"AZAVIER BAKER","08/01/2000","MALE","BLACK"
"BOBBY BAKER","02/16/1978","MALE","BLACK"
"BRIAN BAKER","11/26/1990","MALE","WHITE"
"BRITTANY BAKER","09/17/1986","FEMALE","WHITE"
"BUTCH BAKER","11/22/1948","MALE","WHITE"
"CHARLIE BAKER","05/24/1975","MALE","BLACK"
"CHRISTOPHER BAKER","02/03/1985","MALE","WHITE"
"CRAIG BAKER","09/24/1991","MALE","BLACK"
"DAMICHAEL BAKER","06/15/1996","MALE","BLACK"
"DARRIOUS BAKER","08/24/1987","MALE","BLACK"
"DAVID BAKER","12/29/1982","MALE","WHITE"
"EDWARD BAKER","11/11/1966","MALE","WHITE"
"EDWARD BAKER","06/10/1960","MALE","BLACK"
"ERIC BAKER","01/25/1985","MALE","BLACK"
"JARRAD BAKER","09/25/1991","MALE","BLACK"
"JEREMY BAKER","11/02/1986","MALE","WHITE"
"JIMMIE BAKER","03/18/1980","MALE","BLACK"
"JOHNNY BAKER","09/10/1983","MALE","BLACK"
"JONATHAN BAKER","01/15/1978","MALE","WHITE"
"JOSHUA BAKER","05/18/1989","MALE","WHITE"
"JOSHUA BAKER","08/06/1975","MALE","WHITE"
"KATISHA BAKER","05/29/1983","FEMALE","BLACK"
"KENNETH BAKER","04/05/1977","MALE","BLACK"
"KENNETH BAKER","08/17/1980","MALE","WHITE"
"KEVIN BAKER","10/22/1996","MALE","BLACK"
"KIANTE BAKER","05/21/1998","MALE","BLACK"
"LEKEISHA BAKER","02/08/1989","FEMALE","BLACK"
"LIONEL BAKER","08/25/1979","MALE","BLACK"
"RANDY BAKER","04/23/1983","MALE","WHITE"
"ROBERT BAKER","06/13/1985","MALE","WHITE"
"STEPHEN BAKER","11/28/1979","MALE","WHITE"
"TERRANCE BAKER","02/12/1999","MALE","BLACK"
"THAXTER BAKER","04/29/1992","MALE","BLACK"
"THOMAS BAKER","02/23/1966","MALE","BLACK"
"TRAVIS BAKER","05/08/1997","MALE","BLACK"
"WADE BAKER","07/17/1967","MALE","BLACK"
"CASEY BALDWIN","05/30/1991","MALE","WHITE"
"CLINT BALDWIN","03/31/1963","MALE","BLACK"
"DARNELL BALDWIN","06/25/1958","MALE","BLACK"
"LOVANTRICE BALDWIN","10/04/1970","MALE","BLACK"
"PAUL BALDWIN","07/30/1990","MALE","BLACK"
"JOSHUA BALENTINE","10/17/1984","MALE","WHITE"
"SUSAN BALFOUR","04/08/1961","FEMALE","BLACK"
"JEFFREY BALIUS","04/10/1989","MALE","WHITE"
"ANTONIO BALL","11/03/1977","MALE","BLACK"
"ARTHUR BALL","03/21/1986","MALE","WHITE"
"DEANDRE BALL","03/26/1997","MALE","BLACK"
"ERIC BALL","12/15/1989","MALE","BLACK"
"JAMAICA BALL","07/24/1997","MALE","BLACK"
"JERMEL BALL","05/01/1999","MALE","BLACK"
"JONQUIL BALL","12/28/1993","MALE","BLACK"
"RICHARD BALL","01/15/1985","MALE","WHITE"
"THOMAS BALL","08/24/1975","MALE","BLACK"
"BOBBY BALLARD","12/10/1959","MALE","BLACK"
"CHRISTOPHER BALLARD","10/07/1975","MALE","WHITE"
"CURTIS BALLARD","06/30/1970","MALE","WHITE"
"JOSEPH BALLARD","01/04/1986","MALE","WHITE"
"MAKANA BALLARD","04/28/1994","FEMALE","WHITE"
"RICKY BALLARD","06/19/1983","MALE","WHITE"
"MICHAEL BALLE","03/08/1977","MALE","WHITE"
"ALEXANDER BALLENTINE","04/27/1996","MALE","BLACK"
"JOHN BALLEW","10/21/1981","MALE","WHITE"
"RYAN BALLINGER","07/31/1982","MALE","WHITE"
"EARNEST BANDY","09/06/1962","MALE","BLACK"
"JAMES BANIS","01/22/1997","MALE","BLACK"
"JONATHAN BANKASTER","09/11/1983","MALE","WHITE"
"DERRICK BANKHEAD","08/10/1977","MALE","BLACK"
"DORTONIA BANKHEAD","01/27/1990","FEMALE","BLACK"
"NATHANIEL BANKHEAD","05/17/1965","MALE","BLACK"
"ALFRED BANKS","01/18/1973","MALE","BLACK"
"ANTWAIN BANKS","03/06/1989","MALE","BLACK"
"AZA BANKS","07/22/1981","MALE","BLACK"
"BENTRAVIOUS BANKS","06/01/1997","MALE","BLACK"
"CALVIN BANKS","08/14/1964","MALE","BLACK"
"CLAUDY BANKS","02/21/1963","MALE","BLACK"
"CURTIS BANKS","11/23/1988","MALE","BLACK"
"DANNY BANKS","04/14/1967","MALE","BLACK"
"DON BANKS","10/02/1977","MALE","BLACK"
"DONTARRIO BANKS","05/20/1980","MALE","BLACK"
"EPHEN BANKS","12/01/1981","MALE","BLACK"
"FELIX BANKS","09/04/1994","MALE","BLACK"
"GERALD BANKS","09/25/1962","MALE","BLACK"
"JACORIOUS BANKS","02/11/1999","MALE","BLACK"
"JAMES BANKS","09/20/1989","MALE","BLACK"
"JOHN BANKS","11/13/1972","MALE","BLACK"
"JOSHUA BANKS","10/11/1984","MALE","BLACK"
"LONNIE BANKS","03/12/1962","MALE","BLACK"
"MICHAEL BANKS","07/11/1992","MALE","BLACK"
"QUINN BANKS","01/06/1961","MALE","BLACK"
"TORVIS BANKS","09/15/1993","MALE","BLACK"
"TRAVIS BANKS","05/10/1983","MALE","BLACK"
"CHARLES BANKSTON","07/20/1964","MALE","WHITE"
"GUREL BANKSTON","07/17/1981","MALE","BLACK"
"KHYRSTOFER BANKSTON","08/28/1989","MALE","BLACK"
"MARTELL BANKSTON","07/02/1990","MALE","BLACK"
"WILEY BANKSTON","03/12/1967","MALE","BLACK"
"YULONDA BANKSTON","09/15/1981","FEMALE","BLACK"
"DARRYL BANNISTER","06/30/1971","MALE","WHITE"
"CODY BANTON","02/01/1991","MALE","WHITE"
"CARL BAPTIST","01/23/1991","MALE","BLACK"
"JOSE BAQUEDANO","11/05/1970","MALE","WHITE"
"AARON BARBER","04/19/1993","MALE","BLACK"
"CODY BARBER","09/10/1992","MALE","WHITE"
"DANIEL BARBER","03/21/1987","MALE","BLACK"
"DEMETRIUS BARBER","12/30/1978","MALE","BLACK"
"EDWARD BARBER","09/01/1984","MALE","BLACK"
"JAMES BARBER","09/30/1997","MALE","BLACK"
"JOSEPH BARBER","02/15/1963","MALE","WHITE"
"KEYON BARBER","04/23/1999","MALE","BLACK"
"LARRY BARDNEY","05/19/1959","MALE","BLACK"
"JAMES BARDWELL","02/20/1983","MALE","WHITE"
"KAYLA BARDWELL","05/31/1991","FEMALE","WHITE"
"RICHARD BARDWELL","08/10/1963","MALE","WHITE"
"ROMAN BARDWELL","01/26/1987","MALE","WHITE"
"JAMES BAREFOOT","10/07/1975","MALE","WHITE"
"EDGAR BARFIELD","12/05/1967","MALE","BLACK"
"DAVID BARGER","01/08/1965","MALE","WHITE"
"ELIZABETH BARHONOVICH","08/08/1989","FEMALE","WHITE"
"ALFRED BARIA","08/07/1953","MALE","WHITE"
"JOSEPH BARICH","09/07/1965","MALE","WHITE"
"AARON BARKER","11/17/1983","MALE","BLACK"
"CASSIE BARKER","11/14/1989","FEMALE","WHITE"
"DENNIS BARKER","05/09/1986","MALE","WHITE"
"DONALD BARKER","04/23/1990","MALE","WHITE"
"JAYLEN BARKER","09/21/1996","MALE","BLACK"
"JENNIFER BARKER","10/29/1982","FEMALE","WHITE"
"KAREN BARKER","10/31/1964","FEMALE","WHITE"
"BILLY BARKLEY","08/02/1976","MALE","WHITE"
"CODY BARKLEY","04/14/1993","MALE","WHITE"
"ROBERT BARKLEY","07/15/1988","MALE","BLACK"
"STEPHEN BARKLEY","07/20/1993","MALE","WHITE"
"ALVIN BARKSDALE","09/05/1955","MALE","BLACK"
"L. BARKSDALE","01/27/1963","MALE","BLACK"
"ARTHUR BARLOW","01/29/1987","MALE","BLACK"
"DANNY BARLOW","01/23/1966","MALE","WHITE"
"JONATHAN BARLOW","08/08/1991","MALE","BLACK"
"RANDY BARLOW","10/28/1982","MALE","BLACK"
"RONDERICK BARLOW","12/10/1982","MALE","BLACK"
"STEVEN BARLOW","01/22/1981","MALE","WHITE"
"ADRIAN BARNES","07/31/1989","FEMALE","BLACK"
"ALBERT BARNES","12/20/1964","MALE","BLACK"
"ALONZO BARNES","08/13/1996","MALE","BLACK"
"ALVIN BARNES","04/06/1999","MALE","BLACK"
"BARREN BARNES","03/05/1967","MALE","BLACK"
"BILLY BARNES","07/26/1962","MALE","BLACK"
"BRANDON BARNES","07/15/1982","MALE","BLACK"
"CEARIC BARNES","02/22/1984","MALE","BLACK"
"COURTNEY BARNES","04/30/1992","FEMALE","WHITE"
"DAMARIONNE BARNES","12/04/2000","MALE","BLACK"
"DAMION BARNES","08/25/1985","MALE","BLACK"
"DANNY BARNES","04/16/1979","MALE","BLACK"
"DAVID BARNES","08/31/1975","MALE","WHITE"
"DEARIUS BARNES","11/11/1989","MALE","BLACK"
"DIQUAN BARNES","10/15/1993","MALE","BLACK"
"DONALD BARNES","08/11/1971","MALE","BLACK"
"DONTAVIOUS BARNES","09/18/1992","MALE","BLACK"
"EDWARD BARNES","06/12/1974","MALE","BLACK"
"ELISHA BARNES","04/10/1986","FEMALE","WHITE"
"EMMITT BARNES","03/15/1977","MALE","BLACK"
"FLOYD BARNES","06/05/1963","MALE","BLACK"
"HERMAN BARNES","09/05/1960","MALE","BLACK"
"JACQUELINE BARNES","10/03/1963","FEMALE","BLACK"
"JAMES BARNES","12/01/1987","MALE","BLACK"
"JEFFERY BARNES","07/18/1968","MALE","BLACK"
"JESSIE BARNES","01/31/1965","MALE","BLACK"
"JOE BARNES","11/05/1958","MALE","WHITE"
"JOHN BARNES","12/30/1975","MALE","WHITE"
"JOSHUA BARNES","12/10/1981","MALE","BLACK"
"JUSTIN BARNES","03/20/1986","MALE","WHITE"
"KATRINA BARNES","01/20/1984","FEMALE","BLACK"
"KEMAR BARNES","07/17/1995","MALE","BLACK"
"LADARIUS BARNES","04/02/1998","MALE","BLACK"
"LATERRICE BARNES","10/10/1986","MALE","BLACK"
"MARCUS BARNES","09/01/1985","MALE","BLACK"
"MARTEL BARNES","03/03/1991","MALE","BLACK"
"MICHAEL BARNES","11/12/1977","MALE","WHITE"
"NICHOLAS BARNES","02/05/1989","MALE","BLACK"
"PATRICK BARNES","02/19/1974","MALE","BLACK"
"PENELOPE BARNES","02/04/1973","FEMALE","WHITE"
"RANDY BARNES","03/22/1989","MALE","WHITE"
"RAVONDA BARNES","12/22/1979","FEMALE","BLACK"
"REMERIOUS BARNES","02/28/1994","MALE","BLACK"
"SHERBY BARNES","03/04/1980","MALE","BLACK"
"STANLEY BARNES","06/21/1974","MALE","BLACK"
"STEVEN BARNES","07/16/1976","MALE","BLACK"
"TEVIN BARNES","01/08/1991","MALE","BLACK"
"TIMOTHY BARNES","02/20/1979","MALE","BLACK"
"ADOLPH BARNETT","04/22/1968","MALE","BLACK"
"ANTONIO BARNETT","12/15/1991","MALE","BLACK"
"APRIL BARNETT","08/22/1979","FEMALE","BLACK"
"BOBBY BARNETT","05/12/1956","MALE","BLACK"
"BRANDY BARNETT","01/04/1977","FEMALE","WHITE"
"CHARLES BARNETT","01/16/1984","MALE","WHITE"
"CRAIG BARNETT","04/07/1977","MALE","BLACK"
"DURELL BARNETT","08/16/1985","MALE","BLACK"
"GERALD BARNETT","03/24/1996","MALE","BLACK"
"JAMES BARNETT","12/29/1981","MALE","BLACK"
"JOHN BARNETT","05/18/1957","MALE","BLACK"
"JOHNNY BARNETT","08/15/1993","MALE","BLACK"
"JOSEPH BARNETT","04/08/1959","MALE","WHITE"
"LEE BARNETT","06/09/1964","MALE","BLACK"
"LEROY BARNETT","02/09/1971","MALE","BLACK"
"LEVI BARNETT","08/02/1955","MALE","WHITE"
"MARTEZ BARNETT","11/28/1981","MALE","BLACK"
"PAUL BARNETT","09/07/1982","MALE","BLACK"
"ROBERT BARNETT","05/29/1989","MALE","WHITE"
"SEAN BARNETT","10/10/1993","MALE","WHITE"
"THEOTUS BARNETT","04/18/1973","MALE","BLACK"
"TONI BARNETT","11/24/1983","FEMALE","WHITE"
"TONY BARNETT","11/12/1996","MALE","BLACK"
"TORRY BARNETT","06/13/1983","MALE","BLACK"
"TYREE BARNETT","03/08/1997","MALE","BLACK"
"ALAN BARNETTE","11/23/1989","MALE","BLACK"
"BYRON BARNEY","11/30/1987","MALE","BLACK"
"RICARDO BARNEY","12/11/1991","MALE","BLACK"
"RODNEY BARNEY","12/13/2001","MALE","BLACK"
"TROY BARNEY","04/22/1966","MALE","BLACK"
"MICHAEL BARNHILL","09/29/1988","MALE","WHITE"
"JASON BARONICH","06/19/1975","MALE","WHITE"
"CHARLES BARR","07/16/1956","MALE","BLACK"
"DAMIAN BARR","02/06/1996","MALE","BLACK"
"FRANK BARR","08/25/1986","MALE","WHITE"
"JENNIFER BARR","06/15/1980","FEMALE","WHITE"
"MARVIN BARRA","08/08/1976","MALE","BLACK"
"JUAN BARRERA","10/16/1973","MALE","SPANISH"
"JAVON BARRET","09/22/1995","MALE","BLACK"
"RAMON BARRETO","11/01/1979","MALE","SPANISH"
"BRANDON BARRETT","07/28/1986","MALE","WHITE"
"DAN BARRETT","09/14/1968","MALE","BLACK"
"GERALD BARRETT","12/09/1966","MALE","WHITE"
"JOHN BARRETT","03/28/1955","MALE","WHITE"
"JOSHUA BARRETT","04/29/1985","MALE","WHITE"
"JUSTIN BARRETT","01/20/1985","MALE","WHITE"
"MICHAEL BARRETT","01/04/1992","MALE","WHITE"
"PATRION BARRETT","10/29/1995","MALE","BLACK"
"RAPHAEL BARRETT","07/17/1989","MALE","BLACK"
"TODD BARRETT","07/12/1975","MALE","WHITE"
"DANIEL BARRIER","06/19/1982","MALE","WHITE"
"JOSEPH BARRILLEAUX","09/06/1962","MALE","WHITE"
"EDWIN BARRIOS","11/05/1958","MALE","SPANISH"
"BRANDON BARRON","01/16/1985","MALE","BLACK"
"BRAXTON BARRON","08/18/1990","MALE","BLACK"
"JUSTIN BARRON","01/21/1991","MALE","WHITE"
"THEODIS BARRON","11/24/1965","MALE","BLACK"
"ARMANDO BARRY","05/03/1979","MALE","BLACK"
"DIMARIO BARRY","03/14/1989","MALE","BLACK"
"RAYMOND BARRY","12/12/1969","MALE","BLACK"
"MIGUEL BARTOLO","10/04/1985","MALE","SPANISH"
"ASHBY BARTON","08/03/1989","MALE","WHITE"
"CAROL BARTON","07/23/1981","FEMALE","WHITE"
"CODY BARTON","09/13/1980","MALE","WHITE"
"GLEN BARTON","04/14/1993","MALE","WHITE"
"LUKE BARTON","07/12/1967","MALE","BLACK"
"LUKE BARTON","07/01/1992","MALE","WHITE"
"PAUL BARTON","02/19/1977","MALE","BLACK"
"ZACHERY BASCOMB","01/07/1988","MALE","WHITE"
"BENARD BASH","11/03/1986","MALE","BLACK"
"JENNIFER BASHAM","11/01/1993","FEMALE","WHITE"
"JOHNNY BASKIN","01/12/1978","MALE","BLACK"
"JOHNNY BASKIN","04/03/1963","MALE","BLACK"
"KEITH BASKIN","03/20/1973","MALE","BLACK"
"RODERICK BASKIN","08/09/1985","MALE","BLACK"
"SHASHONA BASKIN","12/26/1992","MALE","BLACK"
"LARRY BASKINS","08/07/1990","MALE","BLACK"
"MATHEW BASKINS","07/16/1975","MALE","WHITE"
"ANDRE BASS","09/14/1991","MALE","BLACK"
"BENJAMIN BASS","11/11/1977","MALE","BLACK"
"CORTEX BASS","05/21/1996","MALE","BLACK"
"DAVID BASS","11/10/1985","MALE","WHITE"
"DERRICK BASS","05/06/1990","MALE","WHITE"
"DWAYNE BASS","11/27/1986","MALE","BLACK"
"GEORGE BASS","04/04/1972","MALE","WHITE"
"HALEY BASS","04/15/1990","FEMALE","WHITE"
"JACQUES BASS","10/23/1990","MALE","BLACK"
"JASON BASS","11/09/1987","MALE","BLACK"
"JUNIOR BASS","06/27/1969","MALE","BLACK"
"KENDRICK BASS","08/10/1996","MALE","BLACK"
"SEDRIC BASS","05/29/1995","MALE","BLACK"
"TERRELL BASS","06/17/1951","MALE","WHITE"
"MICHAEL BASSETT","09/10/1983","MALE","BLACK"
"JOHN BASWELL","08/23/1987","MALE","WHITE"
"DONNELL BATEAST","05/15/1999","MALE","BLACK"
"KAMERON BATEASTE","03/17/1995","MALE","BLACK"
"CLAYTON BATEMAN","11/02/1968","MALE","WHITE"
"JEFREY BATEMAN","12/16/1987","MALE","WHITE"
"RECO BATEMAN","08/31/1976","MALE","BLACK"
"AARON BATES","02/02/1983","MALE","WHITE"
"ALBERT BATES","09/28/1956","MALE","WHITE"
"ARNIE BATES","07/02/1968","MALE","BLACK"
"CHARLES BATES","04/19/1954","MALE","WHITE"
"DAVID BATES","10/08/1989","MALE","BLACK"
"DECORIE BATES","07/07/1988","MALE","BLACK"
"EARL BATES","05/06/1951","MALE","BLACK"
"GARETH BATES","10/05/2001","MALE","WHITE"
"GARY BATES","09/24/1979","MALE","WHITE"
"JEREMY BATES","03/02/1985","MALE","WHITE"
"JORDAN BATES","05/22/1990","MALE","BLACK"
"PATRICIA BATES","12/11/1982","FEMALE","WHITE"
"WILLIAM BATES","05/19/1972","MALE","WHITE"
"WILLIAM BATES","05/19/1975","MALE","BLACK"
"ROBERT BATIE","07/10/1963","MALE","BLACK"
"BOBBY BATISTE","12/25/1979","MALE","BLACK"
"IQURI BATISTE","01/13/1983","MALE","BLACK"
"PHILLIP BATTAGLIA","03/25/1975","MALE","WHITE"
"WILLIAM BATTAYA","10/14/1974","MALE","WHITE"
"ROBERT BATTEAST","01/05/1995","MALE","BLACK"
"ANTONIO BATTEE","09/14/1970","MALE","BLACK"
"CHARLES BATTLE","09/02/1967","MALE","BLACK"
"DEMARCUS BATTLE","07/06/1994","MALE","BLACK"
"JOHN BATTLE","02/12/1993","MALE","BLACK"
"PATRICK BATTLE","07/23/1970","MALE","BLACK"
"JAMES BATTLES","02/05/1963","MALE","WHITE"
"RANDY BATTLES","04/22/1983","MALE","WHITE"
"BILLY BATTS","08/29/1990","MALE","BLACK"
"LABRODERICK BAUGH","10/12/1987","MALE","BLACK"
"RICKY BAUGH","12/08/1957","MALE","WHITE"
"BRIAN BAUGHMAN","03/26/1981","MALE","WHITE"
"TERRY BAUGHMAN","09/12/1980","MALE","WHITE"
"ALEXANDER BAUTISTA","08/28/1982","MALE","WHITE"
"SILVESTRE BAUTISTA VASQU","12/31/1963","MALE","SPANISH"
"MICHAEL BAXLEY","07/19/1993","MALE","WHITE"
"BENJAMIN BAXTER","09/10/1977","MALE","WHITE"
"CHRISTOPHER BAXTER","07/26/1985","MALE","WHITE"
"KASSIE BAXTER","07/07/1983","FEMALE","WHITE"
"WALTER BAYLIS","01/11/1982","MALE","BLACK"
"CAREY BAYLOR","07/21/1991","MALE","BLACK"
"WILLIE BAYS","10/28/1985","MALE","BLACK"
"JARRED BAYSINGER","09/25/1987","MALE","WHITE"
"BRANDIE BAZOR","09/21/1983","FEMALE","WHITE"
"SHANE BAZZELL","03/02/1979","MALE","WHITE"
"ANDREW BEACH","04/16/1997","MALE","BLACK"
"RICHARD BEACH","04/19/1975","MALE","WHITE"
"JAMES BEACHEM","07/07/1959","MALE","BLACK"
"PATRICK BEADLE","04/02/1972","MALE","BLACK"
"BENNIE BEAL","07/26/1995","MALE","BLACK"
"DENNIS BEAL","11/09/1974","MALE","BLACK"
"JESSIE BEAL","07/26/1971","MALE","BLACK"
"MICHAEL BEAL","09/09/1968","MALE","BLACK"
"JAMES BEALE","03/06/1959","MALE","WHITE"
"TYRIKAS BEALS","03/31/1998","MALE","BLACK"
"CHRISTOPHER BEAM","07/08/1982","MALE","WHITE"
"DANA BEAMAN","05/20/1977","FEMALE","WHITE"
"AARON BEAMON","03/09/1995","MALE","BLACK"
"CHRISTOPHER BEAMON","02/17/1972","MALE","BLACK"
"RASHAD BEAMON","10/05/1990","MALE","BLACK"
"ANDRELL BEAN","11/16/1982","MALE","BLACK"
"ANTHONY BEAN","10/02/1976","MALE","BLACK"
"BATRAMER BEAN","02/25/1982","MALE","BLACK"
"CORNELIUS BEAN","01/27/1997","MALE","BLACK"
"DERRICK BEAN","08/12/1978","MALE","BLACK"
"JAMES BEAN","08/31/1961","MALE","BLACK"
"LYRIC BEAN","02/19/1995","FEMALE","BLACK"
"REBECCA BEAN","04/06/1976","FEMALE","WHITE"
"ROBERT BEAN","01/29/1977","MALE","BLACK"
"WILL BEAN","09/04/1970","MALE","BLACK"
"XAVIER BEAN","12/12/1995","MALE","BLACK"
"ANTWON BEANS","09/02/1989","MALE","BLACK"
"CHADWICK BEARD","08/24/1987","MALE","WHITE"
"DOMINIQUE BEARD","01/14/1994","MALE","BLACK"
"JOSEPH BEARD","10/30/1995","MALE","WHITE"
"JOSHUA BEARD","02/07/1988","MALE","BLACK"
"MATTHEW BEARD","05/07/1984","MALE","BLACK"
"PHILLIP BEARD","02/25/1957","MALE","BLACK"
"PRESTON BEARD","08/30/1995","MALE","WHITE"
"QUINCY BEARD","05/02/1991","MALE","BLACK"
"RONDERIQUEZ BEARD","09/14/1988","MALE","BLACK"
"RONNIE BEARD","05/16/1959","MALE","BLACK"
"CHRISTOPHER BEASLEY","12/10/1977","MALE","WHITE"
"DANIEL BEASLEY","10/22/1976","MALE","WHITE"
"DAVID BEASLEY","09/25/1978","MALE","WHITE"
"DERRICK BEASLEY","06/29/1985","MALE","BLACK"
"J BEASLEY","08/21/1963","MALE","WHITE"
"NICHOLAS BEASLEY","07/27/1989","MALE","WHITE"
"QUINTON BEASLEY","12/11/1983","MALE","BLACK"
"ROGER BEASLEY","01/11/1984","MALE","BLACK"
"TERRY BEASLEY","06/06/1966","MALE","BLACK"
"TIMOTHY BEASLEY","02/10/1964","MALE","WHITE"
"VINCENT BEASLEY","07/06/1979","MALE","BLACK"
"JAMES BEATTY","07/31/1979","MALE","WHITE"
"MICHAEL BEATTY","06/02/1981","MALE","BLACK"
"BRADLEY BEAUCHAINE","07/13/1987","MALE","WHITE"
"MOLLY BEAUCHAINE","11/17/1985","FEMALE","WHITE"
"CHRISTOPHER BEAUGEZ","09/06/1959","MALE","WHITE"
"TIMOTHY BEAUGEZ","08/13/1958","MALE","WHITE"
"ERIC BEAVERS","03/11/1982","MALE","WHITE"
"SAMUEL BEAVERS","07/10/1983","MALE","BLACK"
"ALEXIS BECK","05/06/1996","FEMALE","BLACK"
"BRITTANY BECK","06/14/1978","FEMALE","WHITE"
"CURTIS BECK","02/06/1960","MALE","BLACK"
"GREGORY BECK","08/17/1978","MALE","BLACK"
"ROBERT BECK","04/26/1990","MALE","BLACK"
"DARRYL BECKEM","09/01/1983","MALE","BLACK"
"TRAVIS BECKER","06/18/1976","MALE","WHITE"
"BRITTANY BECKHAM","03/28/1996","FEMALE","BLACK"
"DERRIC BECKHAM","12/30/1995","MALE","WHITE"
"GEORGE BECKHAM","07/23/1977","MALE","WHITE"
"DONALD BECKUM","02/23/1973","MALE","WHITE"
"MARVIN BECKUM","05/04/1965","MALE","BLACK"
"RESHON BECKUM","10/31/1977","MALE","BLACK"
"TIMOTHY BECKWITH","04/08/1980","MALE","WHITE"
"DONUVAN BEDDINGFIELD","07/15/1991","MALE","BLACK"
"RONNIE BEDDINGTON","02/04/1986","MALE","WHITE"
"MARCUS BEDELL","03/07/1978","MALE","BLACK"
"TAJUAN BEDFORD","02/03/1982","MALE","BLACK"
"JASMINE BEDWELL","12/06/1994","FEMALE","WHITE"
"BOBBY BEECH","03/25/1994","MALE","WHITE"
"KENNETH BEECH","11/23/1985","MALE","WHITE"
"JACKIE BEECHAMP","04/01/1991","MALE","BLACK"
"CHARLES BEECHER","10/19/1962","MALE","BLACK"
"FREDDIE BEEMON","04/08/1949","MALE","BLACK"
"CHAZ BEENE","09/21/1986","MALE","BLACK"
"JEREMY BEENE","06/22/1988","MALE","BLACK"
"MATTHEW BEENE","08/13/1981","MALE","BLACK"
"TERRIEK BEENE","02/03/1997","MALE","BLACK"
"PETER BEESLEY","02/01/1979","MALE","WHITE"
"LONNIE BEHAN","08/10/1961","MALE","WHITE"
"HAKEEM BELIM","07/27/1990","MALE","BLACK"
"EDWIN BELK","04/05/1939","MALE","WHITE"
"KENTRAIL BELK","05/05/1978","MALE","BLACK"
"QUINTON BELK","02/01/1981","MALE","BLACK"
"RICHARD BELK","11/16/1965","MALE","WHITE"
"ALETHA BELL","01/20/1968","FEMALE","BLACK"
"ALLEN BELL","11/16/1981","MALE","AMERICAN"
"ANDREW BELL","03/01/1988","MALE","BLACK"
"ANTHONY BELL","11/18/1955","MALE","WHITE"
"ANTONIO BELL","05/28/1993","MALE","BLACK"
"BOBBY BELL","01/18/1964","MALE","BLACK"
"CALEB BELL","10/27/1994","MALE","BLACK"
"CARL BELL","07/04/1963","MALE","BLACK"
"CHARLES BELL","09/13/1957","MALE","BLACK"
"CHARLIE BELL","02/09/1990","MALE","BLACK"
"CHAROYD BELL","05/21/1980","MALE","BLACK"
"CHRISTOPHER BELL","06/13/1976","MALE","BLACK"
"CORDARRYL BELL","04/26/1991","MALE","BLACK"
"CRAIG BELL","02/08/1979","MALE","BLACK"
"DAVID BELL","06/10/1987","MALE","BLACK"
"DECANNON BELL","08/08/1972","MALE","BLACK"
"DERRICK BELL","11/18/1977","MALE","BLACK"
"DREUDARIUS BELL","07/16/1993","MALE","BLACK"
"EARNEST BELL","04/06/1966","MALE","BLACK"
"ERIC BELL","03/21/1983","MALE","BLACK"
"ERIC BELL","03/09/1981","MALE","BLACK"
"ERIC BELL","09/06/1992","MALE","BLACK"
"FREDERICK BELL","11/18/1971","MALE","BLACK"
"GEORGE BELL","06/27/1974","MALE","WHITE"
"JAMES BELL","10/11/1970","MALE","BLACK"
"JARVIS BELL","12/22/1980","MALE","BLACK"
"JOHN BELL","02/03/1969","MALE","BLACK"
"JOHN BELL","01/05/1994","MALE","BLACK"
"JONSHA BELL","12/12/1973","MALE","BLACK"
"JOSHUA BELL","12/09/1991","MALE","BLACK"
"JOYCE BELL","06/03/1965","FEMALE","BLACK"
"KELVIN BELL","09/25/1970","MALE","BLACK"
"KENDRICK BELL","09/12/1987","MALE","BLACK"
"KENYATTA BELL","05/07/1981","MALE","BLACK"
"LADARIUS BELL","04/04/1993","MALE","BLACK"
"LANCE BELL","12/22/1969","MALE","BLACK"
"LEMARIO BELL","06/24/1974","MALE","BLACK"
"MAURICE BELL","12/23/1993","MALE","BLACK"
"MCKINLEY BELL","09/30/1957","MALE","BLACK"
"MILTON BELL","10/04/1980","MALE","BLACK"
"MONTA BELL","08/26/1975","FEMALE","BLACK"
"ORLANDO BELL","09/25/1977","MALE","BLACK"
"PLANEREO BELL","10/14/1987","MALE","BLACK"
"PUSHMATAHA BELL","04/22/1960","MALE","BLACK"
"RALPHFUNES BELL","08/09/1978","MALE","BLACK"
"RUBEN BELL","04/17/1989","MALE","BLACK"
"SHAQUILLE BELL","03/07/1993","MALE","BLACK"
"STEPHANIE BELL","11/28/1985","FEMALE","WHITE"
"SYLVESTER BELL","05/05/1958","MALE","BLACK"
"TAQUANTIS BELL","02/19/1993","MALE","BLACK"
"TIMOTHY BELL","08/23/1974","MALE","BLACK"
"TOCCARA BELL","01/27/1983","MALE","BLACK"
"WHITNEY BELL","09/23/1985","MALE","BLACK"
"WILLIAM BELL","01/18/1982","MALE","WHITE"
"WILLIE BELL","02/14/1991","MALE","BLACK"
"MUHAYMIN BELLAMY","02/02/1998","MALE","BLACK"
"MELISSA BELLANGER","03/03/1983","FEMALE","WHITE"
"CORNELIUS BELMER","12/11/1976","MALE","BLACK"
"TONY BELSOME","01/31/1995","MALE","WHITE"
"AMANDA BELUE","07/03/1982","FEMALE","WHITE"
"JENNIFER BELUE","11/19/1980","FEMALE","WHITE"
"CECIL BEN","08/02/1966","MALE","AMERICAN"
"DEMARIO BEN","08/26/1990","MALE","BLACK"
"HENRY BENAMON","04/05/1988","MALE","BLACK"
"RICO BENAMON","03/17/1989","MALE","BLACK"
"GEORGIRE BENARD","05/29/1955","MALE","BLACK"
"JULIUS BENDER","01/03/1977","MALE","BLACK"
"KAWASKEI BENDER","06/24/1977","MALE","BLACK"
"DAMIEN BENEDICT","09/17/1978","MALE","WHITE"
"ANTONIO BENEFIELD","02/06/1991","MALE","BLACK"
"PORTER BENEFIELD","01/31/1986","MALE","WHITE"
"CHRISTEIAN BENFORD","09/29/1988","MALE","BLACK"
"LADRICK BENFORD","08/16/1981","MALE","BLACK"
"RUBEN BENITEZ","09/14/1966","MALE","SPANISH"
"SAMUEL BENJAMIN","07/01/1976","MALE","BLACK"
"TERRANCE BENJAMIN","03/10/1977","MALE","BLACK"
"TEVIN BENJAMIN","10/03/1994","MALE","BLACK"
"SYDNEY BENNER","06/08/1977","MALE","WHITE"
"ADONIS BENNETT","08/02/1994","MALE","BLACK"
"ALLOIYSHIOUS BENNETT","11/24/1997","MALE","BLACK"
"AMANDA BENNETT","07/17/1979","FEMALE","WHITE"
"BRITNEY BENNETT","07/05/1991","FEMALE","BLACK"
"BRYAN BENNETT","06/02/1987","MALE","WHITE"
"CARL BENNETT","09/29/1967","MALE","WHITE"
"CHRISTOPHER BENNETT","10/22/1984","MALE","BLACK"
"CLARENCE BENNETT","11/08/1955","MALE","BLACK"
"CURTIS BENNETT","03/15/1959","MALE","WHITE"
"D'MARIO BENNETT","05/13/1997","MALE","BLACK"
"DANNY BENNETT","09/25/1953","MALE","WHITE"
"DAQUIRIUS BENNETT","06/18/1996","MALE","BLACK"
"DERRICK BENNETT","11/01/1974","MALE","BLACK"
"DEVIN BENNETT","06/11/1980","MALE","WHITE"
"DILLON BENNETT","05/20/1989","MALE","WHITE"
"EDDIE BENNETT","03/05/1980","MALE","BLACK"
"ELLIS BENNETT","05/27/1969","MALE","WHITE"
"ERIC BENNETT","02/02/1970","MALE","BLACK"
"HENRY BENNETT","08/10/1973","MALE","BLACK"
"ISAAC BENNETT","11/04/1993","MALE","BLACK"
"JEREMY BENNETT","07/22/1989","MALE","BLACK"
"JOSEPH BENNETT","12/02/1977","MALE","BLACK"
"RAFAEL BENNETT","08/02/1987","MALE","BLACK"
"RANDALL BENNETT","07/13/1994","MALE","BLACK"
"STEPHEN BENNETT","01/04/1960","MALE","WHITE"
"STEVEN BENNETT","07/25/1988","MALE","BLACK"
"TAURA BENNETT","09/14/1978","FEMALE","BLACK"
"TORA BENNETT","03/02/1972","MALE","BLACK"
"TRAVIS BENNETT","05/11/1997","MALE","BLACK"
"VERE BENNETT","02/11/1967","FEMALE","BLACK"
"WESLEY BENNETT","09/25/1977","MALE","BLACK"
"DAVID BENNETTE","12/15/1956","MALE","WHITE"
"ANDREW BENNOMAN","12/23/1987","MALE","BLACK"
"CEDRIC BENNOMON","05/28/1991","MALE","BLACK"
"EDWARD BENOIT","01/08/1970","MALE","BLACK"
"CHRISTOPHER BENOMAN","02/04/1976","MALE","BLACK"
"DAVID BENSEND","07/10/1976","MALE","WHITE"
"CHRIS BENSON","08/01/1982","MALE","BLACK"
"DAVID BENSON","11/19/1954","MALE","WHITE"
"MALCOLM BENSON","06/07/1977","MALE","BLACK"
"THOMAS BENSON","07/29/1958","MALE","WHITE"
"TONI BENSON","02/20/1990","FEMALE","WHITE"
"WESLEY BENSON","01/25/1996","MALE","BLACK"
"ZACHARIAH BENSON","02/20/1993","MALE","BLACK"
"EMILY BENTHALL","08/26/1967","FEMALE","WHITE"
"JAMES BENTLEY","11/24/1980","MALE","WHITE"
"GERMAINE BENTON","04/11/1978","MALE","BLACK"
"JALEN BENTON","08/21/2000","MALE","BLACK"
"RICHARD BENTON","03/11/1977","MALE","BLACK"
"ROBERT BENTON","12/29/1962","MALE","WHITE"
"BILLY BERGERON","12/17/1963","MALE","WHITE"
"JAMES BERGERON","07/15/1971","MALE","WHITE"
"PHILLIP BERGERSON","05/12/1990","MALE","WHITE"
"DESMOND BERNARD","05/26/1983","MALE","BLACK"
"RODARIUS BERNARD","10/29/1995","MALE","BLACK"
"WILLIE BERNARD","04/27/1983","MALE","BLACK"
"ROBERT BERNARDINI","10/11/1977","MALE","WHITE"
"RICHARD BERNER","08/30/1964","MALE","WHITE"
"DONALD BERNIUS","10/03/1982","MALE","WHITE"
"CHANCELLOR BERRONG","02/23/1999","MALE","WHITE"
"AKINSOLA BERRY","08/11/1979","MALE","BLACK"
"CHRISTOPHER BERRY","06/18/1973","MALE","WHITE"
"CHRISTOPHER BERRY","07/11/1975","MALE","BLACK"
"DANTRELL BERRY","10/30/1996","MALE","BLACK"
"DEQUAN BERRY","12/23/1993","MALE","BLACK"
"DOMINIQUE BERRY","12/05/1985","MALE","BLACK"
"DUSTIN BERRY","12/26/1985","MALE","WHITE"
"JATAVIS BERRY","06/21/2000","MALE","BLACK"
"JOHN BERRY","08/26/1960","MALE","WHITE"
"JOHNNY BERRY","11/13/1961","MALE","WHITE"
"KRISTEN BERRY","07/06/1996","FEMALE","BLACK"
"LYDIA BERRY","01/19/1986","FEMALE","BLACK"
"MARCUS BERRY","10/14/1980","MALE","BLACK"
"MATTHEW BERRY","06/29/1992","MALE","WHITE"
"MICHAEL BERRY","10/20/1994","MALE","BLACK"
"RAHEEM BERRY","07/13/1992","MALE","BLACK"
"RATASHIMA BERRY","12/22/1985","FEMALE","BLACK"
"RODERICK BERRY","08/10/1987","MALE","BLACK"
"ROGER BERRY","04/03/1968","MALE","WHITE"
"RONALD BERRY","07/16/1980","MALE","BLACK"
"SANTONIO BERRY","01/18/1975","MALE","BLACK"
"STACEY BERRY","09/18/1968","MALE","BLACK"
"STACY BERRY","09/26/1982","FEMALE","WHITE"
"TYQWAN BERRY","03/04/1989","MALE","BLACK"
"ANTHONY BERRYHILL","02/22/1967","MALE","WHITE"
"ROYCE BERRYHILL","04/23/1967","MALE","WHITE"
"BRIAN BERRYMAN","06/18/1963","MALE","WHITE"
"DOMINICK BERTUCCI","05/08/1995","MALE","WHITE"
"TROY BESINGER","04/07/1970","MALE","WHITE"
"JAMES BESSONETTE","06/25/1980","MALE","WHITE"
"BENNETT BEST","02/17/1966","MALE","WHITE"
"JONATHAN BEST","07/16/1995","MALE","WHITE"
"CHARLES BESTER","02/10/1970","MALE","BLACK"
"DANIEL BESTER","12/13/1980","MALE","BLACK"
"DENISE BESTER","02/13/1979","FEMALE","BLACK"
"HENRY BESTER","07/21/1966","MALE","BLACK"
"SAMARCUS BESTER","03/16/1993","MALE","BLACK"
"LAWRENCE BETANCOURT","11/09/1961","MALE","WHITE"
"LEE BETHLEY","01/25/1989","MALE","BLACK"
"BRENDA BETTIS","03/05/1987","FEMALE","BLACK"
"BRIANNA BETTIS","05/14/1991","FEMALE","BLACK"
"PERRY BETTIS","02/12/1963","MALE","BLACK"
"KHIMMY BETTS","04/13/1982","MALE","BLACK"
"JOHN BEVALAQUE","04/06/1966","MALE","WHITE"
"CAMERON BEVERLY","07/14/2000","MALE","BLACK"
"DEMETRIUS BEVERLY","02/23/1978","MALE","BLACK"
"JAMES BEVERLY","12/25/1962","MALE","BLACK"
"BOBBY BEVILLE","09/06/1971","MALE","WHITE"
"SHARAAD BEYA","08/08/1998","MALE","BLACK"
"ERIC BEYER","02/04/1989","MALE","WHITE"
"JAKE BIAS","04/12/1983","MALE","BLACK"
"STEFAN BIBB","10/30/1984","MALE","BLACK"
"DOUGLAS BIBBS","01/14/1984","MALE","BLACK"
"ROBERT BICE","06/20/1982","MALE","WHITE"
"JOHNNY BICKHAM","04/09/1986","MALE","BLACK"
"MARSHALL BIGBEE","03/16/1978","MALE","WHITE"
"EUGENE BIGGS","01/29/1978","MALE","WHITE"
"QUENTIN BIGGS","08/24/1984","MALE","BLACK"
"HERMAN BIGNER","04/12/1976","MALE","WHITE"
"RODNEY BILBO","02/16/1967","MALE","WHITE"
"WILL BILBRO","05/04/1948","MALE","BLACK"
"SHERMAN BILLIE","01/12/1982","MALE","AMERICAN"
"DILLON BILLINGS","07/11/1994","MALE","WHITE"
"ELIJAH BILLINGSLEY","06/13/1983","MALE","BLACK"
"JAMES BILLIOT","06/10/1961","MALE","WHITE"
"MELODY BILLS","10/12/1981","FEMALE","WHITE"
"BILLY BILLUPS","12/09/1987","MALE","BLACK"
"DARRELL BILLUPS","02/14/1999","MALE","BLACK"
"JEREMY BILLUPS","12/16/1993","MALE","BLACK"
"KEVIN BILLUPS","05/28/1991","MALE","BLACK"
"SHAMOR BILLUPS","09/10/1991","MALE","BLACK"
"TERRITON BILLUPS","01/13/1987","MALE","BLACK"
"CORNELIUS BINGHAM","03/06/1989","MALE","BLACK"
"FADARION BINGHAM","06/22/1994","MALE","BLACK"
"THEODORE BINGHAM","09/23/1993","MALE","BLACK"
"JAMES BINION","02/29/1988","MALE","BLACK"
"SARAH BIRD","10/11/1995","FEMALE","WHITE"
"JAWANZA BIRDEN","09/12/1989","MALE","BLACK"
"L BIRGE","05/10/1950","MALE","BLACK"
"KARL BIRKHEAD","05/13/1955","MALE","BLACK"
"CASEY BIRKLEY","06/30/1978","MALE","BLACK"
"GEORGE BIRKLEY","11/23/1990","MALE","BLACK"
"JERRY BIRKS","06/09/1996","MALE","BLACK"
"REKINA BIRKS","04/25/1982","FEMALE","BLACK"
"RICKY BIRMINGHAM","06/22/1963","MALE","BLACK"
"SCOTTY BIRMINGHAM","03/26/1971","MALE","BLACK"
"AARON BISHOP","11/02/1981","MALE","WHITE"
"ALEX BISHOP","03/31/1987","MALE","BLACK"
"AMANDA BISHOP","08/29/1983","FEMALE","WHITE"
"BRENTON BISHOP","04/07/1986","MALE","WHITE"
"CHRISTOPHER BISHOP","02/10/1972","MALE","WHITE"
"DARRELL BISHOP","04/17/1989","MALE","BLACK"
"JAVANTE BISHOP","09/26/1986","MALE","BLACK"
"KENDRICK BISHOP","11/24/1992","MALE","BLACK"
"LEAH BISHOP","07/31/1970","FEMALE","WHITE"
"MAURICE BISHOP","02/21/1960","MALE","BLACK"
"PARRISH BISHOP","01/31/1985","MALE","BLACK"
"ROBERT BISHOP","09/16/1968","MALE","WHITE"
"ROY BISHOP","07/13/1971","MALE","WHITE"
"SHANTESHA BISHOP","07/19/1994","FEMALE","BLACK"
"SIDNEY BISHOP","03/19/1938","MALE","WHITE"
"TIMOTHY BISHOP","08/25/1982","MALE","WHITE"
"WANDA BISHOP","08/13/1963","FEMALE","WHITE"
"CHRISTOPHER BIVENS","08/18/1987","MALE","WHITE"
"MARKEUS BIVENS","12/25/1986","MALE","BLACK"
"CHRISTRON BIZZARD","08/03/1995","MALE","BLACK"
"BILLY BLACK","07/07/1973","MALE","WHITE"
"BRIAN BLACK","12/28/1977","MALE","WHITE"
"CORDARRELL BLACK","11/22/1988","MALE","BLACK"
"CORNELIUS BLACK","10/02/1988","MALE","BLACK"
"CORNELIUS BLACK","09/14/1987","MALE","BLACK"
"CORNELIUS BLACK","03/18/1986","MALE","BLACK"
"DAMARIS BLACK","05/07/1992","MALE","BLACK"
"DANIEL BLACK","08/05/1988","MALE","WHITE"
"DEMARIO BLACK","02/15/1993","MALE","BLACK"
"JAMES BLACK","12/10/1985","MALE","BLACK"
"LATERRY BLACK","02/10/1990","MALE","BLACK"
"MARQUIS BLACK","05/04/1997","MALE","BLACK"
"MARSHA BLACK","02/22/1971","FEMALE","BLACK"
"OCTAVIUS BLACK","06/14/1987","MALE","BLACK"
"PETER BLACK","08/31/1967","MALE","BLACK"
"TIMOTHY BLACK","06/27/1975","MALE","WHITE"
"WESTLEY BLACK","04/08/1969","MALE","WHITE"
"WILLIAM BLACK","03/04/1965","MALE","WHITE"
"WILLIAM BLACK","11/08/1974","MALE","WHITE"
"JOHN BLACKBURN","04/14/1985","MALE","WHITE"
"KEITH BLACKBURN","03/23/1978","MALE","BLACK"
"NATALIE BLACKBURN","08/06/1979","FEMALE","WHITE"
"JAMES BLACKLEDGE","01/30/1988","MALE","WHITE"
"CASSANDRA BLACKMON","05/03/1964","FEMALE","BLACK"
"CHAD BLACKMON","02/10/1981","MALE","BLACK"
"ELBERT BLACKMON","06/05/1970","MALE","BLACK"
"EUGENE BLACKMON","07/07/1977","MALE","BLACK"
"HARRELL BLACKMON","12/06/1978","MALE","BLACK"
"HOWARD BLACKMON","05/08/1959","MALE","WHITE"
"ROBERT BLACKMON","05/29/1975","MALE","BLACK"
"VERONICA BLACKMON","12/19/1980","FEMALE","BLACK"
"XAVIER BLACKMON","06/04/1990","MALE","BLACK"
"CEDRICK BLACKMORE","01/08/1986","MALE","BLACK"
"JAMES BLACKNALL","09/07/1991","MALE","BLACK"
"MAURICE BLACKSHEAR","08/19/1984","MALE","BLACK"
"CARL BLACKSTON","12/06/1959","MALE","BLACK"
"JACOB BLACKSTON","10/20/1995","MALE","BLACK"
"RALPHAEL BLACKSTON","02/25/1993","MALE","BLACK"
"VICTORIA BLACKSTON","08/07/1991","FEMALE","BLACK"
"RICHARD BLACKWELDER","04/06/1981","MALE","WHITE"
"CHAD BLACKWELL","08/30/1972","MALE","WHITE"
"CHRISTOPHER BLACKWELL","05/24/1980","MALE","WHITE"
"DAVID BLACKWELL","02/25/1991","MALE","WHITE"
"JAMES BLACKWELL","03/04/1988","MALE","WHITE"
"LOREN BLACKWELL","09/07/1990","FEMALE","WHITE"
"WADE BLACKWELL","10/02/1950","MALE","WHITE"
"PATRICK BLADES","09/23/1992","MALE","WHITE"
"ADAM BLADSACKER","10/22/1977","MALE","WHITE"
"BENJAMIN BLAINE","08/16/1999","MALE","WHITE"
"DALLAS BLAIR","02/10/1992","MALE","WHITE"
"MICHAEL BLAIR","08/26/1982","MALE","BLACK"
"NOLAN BLAIR","10/25/1972","MALE","BLACK"
"TERRELL BLAIR","05/02/1981","MALE","BLACK"
"TERRY BLAIR","03/17/1987","MALE","WHITE"
"CALVIN BLAKE","03/12/1992","MALE","BLACK"
"CHARLES BLAKE","03/21/1961","MALE","BLACK"
"JEREMY BLAKE","04/03/1986","MALE","WHITE"
"KEITH BLAKE","02/28/1977","MALE","WHITE"
"ASSANTE BLAKELY","11/04/1992","MALE","BLACK"
"MICHAEL BLAKELY","12/08/1974","MALE","WHITE"
"TAIWAN BLAKELY","02/04/1991","MALE","BLACK"
"JOHN BLAKENEY","10/29/1971","MALE","WHITE"
"JOHNNY BLAKENEY","12/28/1950","MALE","WHITE"
"JUSTIN BLAKENEY","01/28/1984","MALE","WHITE"
"KENNETH BLAKENEY","08/14/1979","MALE","WHITE"
"WANDA BLAKENEY","09/30/1980","FEMALE","WHITE"
"JERMEKA BLAKLEY","09/16/1981","MALE","BLACK"
"BRYANT BLANCHARD","09/24/1977","MALE","BLACK"
"EARL BLANCHARD","11/05/1985","MALE","BLACK"
"MONTAE BLANCHARD","07/29/1984","MALE","BLACK"
"SREDRICK BLANCHARD","12/27/1978","MALE","BLACK"
"WILLIAM BLANCHARD","02/16/1984","MALE","WHITE"
"SERGIO BLANCO","06/14/1974","MALE","SPANISH"
"SULLIVAN BLANCO","01/20/1966","MALE","BLACK"
"ANTONIO BLAND","01/29/1977","MALE","BLACK"
"CHRISTOPHER BLAND","11/04/1975","MALE","BLACK"
"DARIUS BLAND","01/02/2002","MALE","BLACK"
"EDWARD BLAND","03/31/1952","MALE","BLACK"
"HEATH BLAND","03/14/1992","MALE","WHITE"
"JASON BLAND","11/21/1984","MALE","WHITE"
"JERRY BLAND","11/16/1964","MALE","BLACK"
"JOHN BLAND","02/25/1976","MALE","BLACK"
"JULIUS BLAND","06/12/1985","MALE","BLACK"
"SHERRY BLAND","11/14/1970","FEMALE","WHITE"
"CURTIS BLANDEN","07/30/1990","MALE","BLACK"
"WALTER BLANDEN","04/30/1957","MALE","BLACK"
"JONATHAN BLANKENSHIP","12/08/1987","MALE","WHITE"
"JOSEPH BLANKENSHIP","02/20/1986","MALE","WHITE"
"ROBERT BLANKINCHIP","02/16/1987","MALE","WHITE"
"PASSION BLANKS","01/21/1995","MALE","BLACK"
"JAMAAL BLANKSON","05/19/1988","MALE","BLACK"
"BENNY BLANSETT","06/22/1960","MALE","WHITE"
"CORY BLANSETT","10/13/1988","MALE","WHITE"
"DENNIS BLANSETT","10/12/1973","MALE","WHITE"
"PATRICK BLANSETT","01/20/1993","MALE","WHITE"
"JAMES BLANTON","07/29/1961","MALE","BLACK"
"DARRELL BLAPPERT","04/30/1984","MALE","WHITE"
"CODY BLASINGAME","12/20/1990","MALE","WHITE"
"CHRISTOPHER BLASSINGAME","07/17/1992","MALE","WHITE"
"MICHAEL BLAYLOCK","11/13/1980","MALE","WHITE"
"TIMOTHY BLAYLOCK","05/13/1984","MALE","WHITE"
"JONATHAN BLEDSOE","12/27/1989","MALE","BLACK"
"LAKESHA BLEDSOE","03/06/1984","FEMALE","BLACK"
"LESTER BLEDSOE","07/03/1976","MALE","BLACK"
"TERRENCE BLEDSOE","11/28/1994","MALE","BLACK"
"SONNY BLEVINS","11/21/1953","MALE","BLACK"
"FREDRICK BLISS","09/26/1979","MALE","BLACK"
"REMAR BLOCKER","10/05/1988","MALE","BLACK"
"YOLANDER BLOCKER","08/21/1975","FEMALE","BLACK"
"MICHAEL BLOCKMON","02/11/1991","MALE","BLACK"
"BRIAN BLOODSWORTH","01/14/1980","MALE","WHITE"
"MICHAEL BLOOMER","02/07/1986","MALE","BLACK"
"FRANKLIN BLOUNT","09/10/1997","MALE","WHITE"
"GEORGE BLOUNT","05/27/1955","MALE","WHITE"
"GREGORY BLOUNT","06/01/1992","MALE","BLACK"
"JAMES BLOUNT","09/08/1994","MALE","WHITE"
"KALA BLOUNT","09/06/1994","FEMALE","WHITE"
"MICHAEL BLOUNT","12/25/1984","MALE","WHITE"
"DAKOTAH BLUE","07/07/1994","MALE","WHITE"
"DAVID BLUE","10/20/1974","MALE","BLACK"
"EARL BLUE","09/28/1977","MALE","BLACK"
"JOSHUA BLUE","09/02/1989","MALE","BLACK"
"CHARLIE BLUNT","10/06/1974","MALE","BLACK"
"BRANDON BLY","03/10/1997","MALE","BLACK"
"MICHAEL BOATNER","02/20/1968","MALE","WHITE"
"STEFFON BOATWRIGHT","01/10/1991","MALE","BLACK"
"RICHARD BOBBITT","01/08/1983","MALE","BLACK"
"AARON BOBINGER","01/12/1985","MALE","WHITE"
"CHRISTIAN BOBO","02/05/1993","MALE","BLACK"
"HERMAN BOBO","12/27/1990","MALE","BLACK"
"JASON BOBO","01/24/1983","MALE","BLACK"
"TADAROW BOBO","05/31/1994","MALE","BLACK"
"TYLER BOBO","04/02/1997","MALE","BLACK"
"VINTRELL BOBO","08/15/1994","MALE","BLACK"
"WILLIAM BOBO","06/17/1970","MALE","BLACK"
"THOMAS BODKER","12/19/1978","MALE","WHITE"
"TYRONE BODY","07/30/1982","MALE","BLACK"
"SAGAN BOEHM","12/21/1995","MALE","WHITE"
"BIONCA BOGAN","10/03/1988","FEMALE","BLACK"
"CHARLES BOGAN","07/17/1986","MALE","BLACK"
"CHRISTOPHER BOGAN","05/18/1993","MALE","BLACK"
"JERRY BOGAN","05/19/1970","MALE","BLACK"
"JOSHUA BOGAN","12/21/1998","MALE","BLACK"
"KEVONT BOGAN","09/13/1999","MALE","BLACK"
"RETONYA BOGAN","07/09/1973","FEMALE","BLACK"
"WILLIE BOGARD","08/11/1959","MALE","BLACK"
"JAMES BOGGAN","07/30/1980","MALE","WHITE"
"JAMES BOGGAN","10/24/1952","MALE","WHITE"
"ZACHARY BOGGAN","10/28/1993","MALE","WHITE"
"KEITH BOGGANS","01/08/1979","MALE","BLACK"
"BRIAN BOGGS","08/13/1975","MALE","WHITE"
"LEE BOGGS","02/17/1989","MALE","WHITE"
"STEPHANIE BOGGS","10/31/1974","FEMALE","WHITE"
"STEVEN BOGGS","09/28/1958","MALE","WHITE"
"EDDIE BOHANNAN","09/13/1952","MALE","BLACK"
"VERNON BOHANNON","04/28/1960","MALE","WHITE"
"ELYSIA BOLAND","07/14/1986","FEMALE","WHITE"
"RUSSELL BOLAR","12/06/1969","MALE","WHITE"
"ANDREW BOLDEN","08/10/1995","MALE","BLACK"
"DEJAMES BOLDEN","11/20/1994","MALE","BLACK"
"JAMIE BOLDEN","10/06/1985","MALE","BLACK"
"JOSEPH BOLDEN","06/03/1954","MALE","WHITE"
"KATRINA BOLDEN","04/02/1973","FEMALE","BLACK"
"MARVIN BOLDEN","02/15/1979","MALE","BLACK"
"CHELSEA BOLDING","06/04/1980","FEMALE","WHITE"
"WINFRED BOLDING","09/23/1971","MALE","BLACK"
"DON BOLDS","06/11/1980","MALE","BLACK"
"SAMMY BOLEN","03/03/1981","MALE","WHITE"
"CHRISTOPHER BOLER","04/17/1983","MALE","BLACK"
"JULE BOLER","03/07/1971","MALE","BLACK"
"MORENO BOLER","12/27/1978","MALE","BLACK"
"RODNEY BOLER","08/05/1977","MALE","WHITE"
"TRAVIS BOLER","01/14/1990","MALE","BLACK"
"JERRY BOLES","02/15/1973","MALE","BLACK"
"DEVINA BOLEWARE","05/14/1982","FEMALE","WHITE"
"JOHN BOLEWARE","08/19/1960","MALE","WHITE"
"BELINDA BOLEYN","08/16/1959","FEMALE","WHITE"
"LARRY BOLING","11/24/1975","MALE","WHITE"
"BRIAN BOLLING","05/15/1976","MALE","WHITE"
"EARNEST BOLLING","12/09/1987","MALE","WHITE"
"DERRICK BOLLS","08/23/1994","MALE","BLACK"
"ANTHONY BOLTON","03/24/1990","MALE","BLACK"
"CHARLES BOLTON","04/28/1984","MALE","BLACK"
"DANNY BOLTON","03/04/1971","MALE","BLACK"
"DERRICK BOLTON","02/07/1987","MALE","BLACK"
"DERRICK BOLTON","09/18/1994","MALE","BLACK"
"DONZELL BOLTON","11/17/1978","MALE","BLACK"
"JAMES BOLTON","10/27/1976","MALE","BLACK"
"JAMES BOLTON","04/15/1988","MALE","WHITE"
"JULIAN BOLTON","09/26/1986","MALE","BLACK"
"KEYANIN BOLTON","08/10/1990","MALE","BLACK"
"LADARRIAN BOLTON","02/17/1997","MALE","BLACK"
"LEBRIAN BOLTON","12/06/1982","MALE","BLACK"
"MICHAEL BOLTON","06/26/1975","MALE","BLACK"
"PERRY BOLTON","07/16/1982","MALE","WHITE"
"RAVIELLE BOLTON","08/05/1984","MALE","BLACK"
"TARA BOLTON","10/04/1976","FEMALE","BLACK"
"TERRY BOLTON","01/23/1999","MALE","BLACK"
"TIMOTHY BOLTON","01/14/1962","MALE","WHITE"
"JUSTIN BOND","08/15/1987","MALE","WHITE"
"MICHAEL BOND","11/14/1980","MALE","WHITE"
"ROLAND BOND","10/12/1963","MALE","WHITE"
"TERESA BOND","12/27/1966","FEMALE","WHITE"
"WILLIAM BOND","02/05/1992","MALE","WHITE"
"DELWIN BONDS","07/19/1986","MALE","BLACK"
"JASON BONDS","07/24/1988","MALE","BLACK"
"LEDARIUS BONDS","02/05/1991","MALE","BLACK"
"OTIS BONDS","11/03/1970","MALE","BLACK"
"PAUL BONE","07/28/1958","MALE","WHITE"
"BILLY BONNER","05/08/1973","MALE","WHITE"
"DEONDRE BONNER","05/29/1992","MALE","BLACK"
"EDWIN BONNER","04/04/1978","MALE","WHITE"
"JOHN BONNER","09/20/1979","MALE","BLACK"
"JOHNNY BONNER","05/27/1986","MALE","BLACK"
"MICHAEL BONNER","12/17/1973","MALE","BLACK"
"MORIAL BONNER","09/14/1989","MALE","BLACK"
"THOMAS BONNER","07/31/1980","MALE","BLACK"
"ROBERT BONNET","08/02/1984","MALE","WHITE"
"KEVIN BOOK","10/15/1975","MALE","WHITE"
"BRANDON BOOKER","06/21/1996","MALE","BLACK"
"CLARENCE BOOKER","03/09/1966","MALE","WHITE"
"CRAIG BOOKER","12/31/1971","MALE","BLACK"
"DALVIN BOOKER","09/26/1992","MALE","BLACK"
"DEMAS BOOKER","01/09/1996","MALE","BLACK"
"DERRICK BOOKER","10/26/1992","MALE","BLACK"
"EDDIE BOOKER","09/11/1980","MALE","BLACK"
"EDDIE BOOKER","02/07/1983","MALE","BLACK"
"FRANK BOOKER","11/02/1954","MALE","BLACK"
"JESSE BOOKER","01/23/1964","MALE","BLACK"
"JOHN BOOKER","05/25/1960","MALE","BLACK"
"JUSTIN BOOKER","05/18/1998","MALE","BLACK"
"KARINA BOOKER","01/24/1983","FEMALE","BLACK"
"KAYO BOOKER","07/21/1977","MALE","BLACK"
"KENDRICK BOOKER","09/30/1978","MALE","BLACK"
"KERRY BOOKER","11/28/1975","MALE","BLACK"
"LEANDREW BOOKER","06/27/1995","MALE","BLACK"
"DERICK BOONE","09/01/1990","MALE","WHITE"
"ERIC BOONE","05/07/1965","MALE","BLACK"
"EUNICE BOONE","07/09/1969","FEMALE","BLACK"
"JOSHUA BOONE","11/28/1986","MALE","BLACK"
"KEITH BOONE","06/21/1982","MALE","WHITE"
"NIGEL BOONE","01/29/1963","MALE","WHITE"
"RICHARD BOONE","05/22/1980","MALE","WHITE"
"WILLIAM BOONE","11/13/1985","MALE","WHITE"
"UNDONTA BOOSE","04/29/1979","MALE","BLACK"
"DONALD BOOTH","05/30/1978","MALE","WHITE"
"DURRELL BOOTH","06/17/1987","MALE","BLACK"
"JAYMAR BOOTH","03/13/1996","MALE","BLACK"
"MATTHEW BOOTH","01/22/1993","MALE","WHITE"
"MIKE BOOTH","09/18/1991","MALE","BLACK"
"RASHAWN BOOTH","11/10/1977","MALE","BLACK"
"STEPHEN BOOTH","05/30/1978","MALE","WHITE"
"ANTONIO BOOTHE","10/18/1979","MALE","BLACK"
"JONATHAN BOOTHROYD","01/06/1999","MALE","WHITE"
"JEREMY BOOZE","01/31/1984","MALE","BLACK"
"RICHARD BOOZE","03/27/1974","MALE","BLACK"
"BARRY BOOZER","10/12/1975","MALE","WHITE"
"CODY BORDELON","04/01/1992","MALE","WHITE"
"LAYKIN BORDELON","03/06/1990","FEMALE","WHITE"
"BARRON BORDEN","08/06/1975","MALE","BLACK"
"DAVID BORDEN","07/30/1972","MALE","WHITE"
"ALLEN BORLAND","04/30/1984","MALE","WHITE"
"SHANNON BORMAN","09/01/1981","MALE","WHITE"
"DAVID BOSARGE","12/10/1983","MALE","WHITE"
"JAMES BOSARGE","12/04/1989","MALE","WHITE"
"TROY BOSARGE","11/30/1982","MALE","WHITE"
"CHRISTOPHER BOSSIER","03/14/1984","MALE","WHITE"
"MICAH BOSTIC","07/18/1991","MALE","BLACK"
"DARREN BOSTON","01/13/1970","MALE","BLACK"
"JASON BOSTON","11/19/1971","MALE","BLACK"
"KEVIN BOSTON","01/13/1982","MALE","BLACK"
"DENNIS BOSTWICK","04/23/1993","MALE","WHITE"
"GUY BOSWELL","01/12/1994","MALE","WHITE"
"ELI BOSWORTH","01/08/2000","MALE","WHITE"
"JONATHAN BOTLEY","01/22/1995","MALE","BLACK"
"MICHAEL BOUDOUSQUIE","03/06/1987","MALE","WHITE"
"AARON BOUDREAUX","11/14/1995","MALE","BLACK"
"BRETT BOUDREAUX","05/02/1987","MALE","WHITE"
"KEVIN BOUDREAUX","10/02/1991","MALE","WHITE"
"MISTY BOUDREAUX","11/29/1979","FEMALE","WHITE"
"RUFUS BOUDREAUX","06/29/1960","MALE","BLACK"
"DENNARON BOULDIN","02/09/1998","MALE","BLACK"
"JODY BOULER","06/18/1973","MALE","WHITE"
"TAMARCUS BOULER","01/07/2000","MALE","BLACK"
"CODY BOUNDS","10/23/1991","MALE","WHITE"
"DUANE BOUNDS","12/25/1960","MALE","WHITE"
"KARTER BOUNDS","11/14/1996","MALE","WHITE"
"KEVIN BOUNDS","04/04/1985","MALE","WHITE"
"LARIEKA BOUNDS","07/01/1993","FEMALE","BLACK"
"ROBERT BOUNDS","12/17/1972","MALE","WHITE"
"SANDRA BOUNDS","07/01/1962","FEMALE","WHITE"
"ZACHARY BOUNDS","03/01/1993","MALE","WHITE"
"DAWNIELLE BOURGEOIS","01/04/1982","FEMALE","WHITE"
"DREW BOURGEOIS","06/18/1988","MALE","WHITE"
"BILLY BOURNE","10/18/1985","MALE","BLACK"
"CHRISTOPHER BOUTWELL","04/04/1973","MALE","WHITE"
"ANDRE BOWDEN","07/11/1995","MALE","BLACK"
"MARY BOWDEN","10/31/1991","FEMALE","WHITE"
"AYIESHA BOWDRY","06/24/1996","FEMALE","BLACK"
"JIMMY BOWDRY","08/30/1966","MALE","BLACK"
"DAKOTA BOWEN","04/22/1997","MALE","WHITE"
"JADE BOWEN","12/07/1999","FEMALE","BLACK"
"JAMARCUS BOWEN","08/27/1991","MALE","BLACK"
"KENDRICK BOWEN","05/07/1985","MALE","BLACK"
"KENNY BOWEN","04/17/1965","MALE","BLACK"
"KETWYNE BOWEN","10/31/1988","MALE","BLACK"
"ROBERT BOWEN","11/17/1967","MALE","WHITE"
"DONTARIUS BOWENS","12/04/1993","MALE","BLACK"
"JAMOL BOWENS","03/12/1993","MALE","BLACK"
"JAVARRIOUS BOWENS","10/26/1995","MALE","BLACK"
"JERRY BOWENS","04/03/2000","MALE","BLACK"
"KESHA BOWENS","11/07/1979","FEMALE","BLACK"
"TROY BOWERMAN","06/02/1990","MALE","WHITE"
"CECIL BOWERS","09/21/1991","MALE","WHITE"
"DERRICK BOWIE","11/30/1998","MALE","BLACK"
"ELIGHA BOWIE","02/22/1982","MALE","BLACK"
"GREGORY BOWIE","02/19/1984","MALE","BLACK"
"MARK BOWIE","12/20/1968","MALE","WHITE"
"SAMUEL BOWIE","12/18/1993","MALE","BLACK"
"SAMUEL BOWIE","10/30/1997","MALE","BLACK"
"MARK BOWLES","07/11/1964","MALE","WHITE"
"JEREMY BOWLIN","03/05/1992","MALE","WHITE"
"LESLIE BOWLIN","05/14/1968","MALE","WHITE"
"RICHARD BOWLIN","05/23/1970","MALE","WHITE"
"RICHARD BOWLIN","08/14/1982","MALE","WHITE"
"DWIGHT BOWLING","03/02/1955","MALE","WHITE"
"HOPE BOWLING","06/22/1991","FEMALE","WHITE"
"CHAD BOWMAN","06/01/1978","MALE","WHITE"
"LEROY BOWMAN","11/17/1989","MALE","BLACK"
"ULYSSES BOWNES","03/11/1969","MALE","BLACK"
"IRA BOWSER","07/09/1979","MALE","BLACK"
"IRA BOXLEY","05/16/1985","MALE","BLACK"
"ALEX BOYD","07/12/1987","MALE","WHITE"
"ANTARIOUS BOYD","12/08/1994","MALE","BLACK"
"ANTONIO BOYD","03/14/1979","MALE","BLACK"
"ARCHIE BOYD","04/04/1960","MALE","BLACK"
"BETTY BOYD","01/16/1964","FEMALE","WHITE"
"CHRISTOPHER BOYD","04/06/1966","MALE","BLACK"
"COURTNEY BOYD","09/28/1996","MALE","BLACK"
"DARODDRICK BOYD","02/02/1991","MALE","BLACK"
"DEAN BOYD","02/28/1976","MALE","BLACK"
"DERRICK BOYD","04/01/1985","MALE","BLACK"
"EDWARD BOYD","12/12/1995","MALE","BLACK"
"ELMER BOYD","02/05/1967","MALE","BLACK"
"ELVIS BOYD","05/21/1960","MALE","BLACK"
"EVERETT BOYD","01/09/1974","MALE","BLACK"
"JACQUES BOYD","12/29/1981","MALE","BLACK"
"JAMES BOYD","07/28/1978","MALE","WHITE"
"JAMES BOYD","06/04/1961","MALE","BLACK"
"JAYLIN BOYD","12/13/1996","MALE","BLACK"
"JIMMY BOYD","06/25/1967","MALE","BLACK"
"JOHN BOYD","10/31/1972","MALE","BLACK"
"JOSEPH BOYD","04/13/1986","MALE","WHITE"
"JOSHUA BOYD","02/02/1998","MALE","WHITE"
"KEARIES BOYD","07/13/1993","MALE","BLACK"
"KEVIN BOYD","09/30/1979","MALE","BLACK"
"KIRK BOYD","09/06/1979","MALE","BLACK"
"LIONEL BOYD","09/01/1983","MALE","BLACK"
"NOAH BOYD","04/09/1946","MALE","WHITE"
"OSCAR BOYD","02/26/1964","MALE","BLACK"
"ROBBIE BOYD","05/21/1965","FEMALE","WHITE"
"ROGER BOYD","08/11/1990","MALE","BLACK"
"SCOTT BOYD","12/30/1978","MALE","WHITE"
"SHAWN BOYD","09/07/1981","MALE","BLACK"
"STEVEN BOYD","08/12/1986","MALE","BLACK"
"TERRENCE BOYD","06/01/1978","MALE","BLACK"
"TYRONE BOYD","07/13/1979","MALE","BLACK"
"WILLIAM BOYD","01/25/1996","MALE","WHITE"
"WILLIAM BOYD","08/04/1975","MALE","WHITE"
"KEITH BOYDA","04/23/1966","MALE","WHITE"
"BRYCE BOYER","12/06/1980","MALE","WHITE"
"MICHAEL BOYER","04/22/1969","MALE","WHITE"
"JESSIE BOYETT","08/03/1976","MALE","WHITE"
"BENJAMIN BOYETTE","02/05/1988","MALE","WHITE"
"ROBERT BOYETTE","12/10/1981","MALE","WHITE"
"CHARLES BOYKIN","08/06/1967","MALE","WHITE"
"ERIC BOYKIN","08/24/1971","MALE","BLACK"
"JASON BOYKIN","09/18/1980","MALE","WHITE"
"JOHNNY BOYKIN","11/22/1960","MALE","WHITE"
"RICHARD BOYKIN","05/22/1988","MALE","WHITE"
"SKYLAR BOYKIN","12/07/1989","MALE","WHITE"
"AARON BOYLES","12/08/1977","MALE","BLACK"
"DANIEL BOYLES","05/27/1986","MALE","WHITE"
"GARY BOYLES","01/22/1981","MALE","WHITE"
"TOMMY BOYTE","11/14/1970","MALE","WHITE"
"BRANDON BOZEMAN","09/26/1994","MALE","WHITE"
"DERWIN BOZEMAN","06/19/1971","MALE","WHITE"
"JAMIE BOZEMAN","07/21/1971","MALE","WHITE"
"JASON BOZEMAN","05/11/1975","MALE","WHITE"
"SHANNON BOZEMAN","09/04/1973","MALE","WHITE"
"OTIS BRABOY","06/04/1987","MALE","BLACK"
"ROBERT BRABSTON","12/01/1941","MALE","WHITE"
"JEROME BRACEY","04/02/1985","MALE","BLACK"
"MANUEL BRACEY","12/21/1964","MALE","BLACK"
"MICHAEL BRACEY","01/31/2000","MALE","BLACK"
"RICKEY BRACEY","08/04/1980","MALE","BLACK"
"ZACHARY BRACEY","02/06/1997","MALE","BLACK"
"DEMETRIUS BRACKENS","12/18/2001","MALE","BLACK"
"SOLOMON BRACKETT-WILLI","01/09/1998","MALE","BLACK"
"BRIAN BRACKS","08/14/1977","MALE","BLACK"
"WILMA BRADBERRY","09/24/1964","FEMALE","WHITE"
"AUSTIN BRADDOCK","10/23/1993","MALE","WHITE"
"BROCK BRADFORD","08/12/1982","MALE","BLACK"
"CONNER BRADFORD","10/03/1999","MALE","WHITE"
"EDWIN BRADFORD","02/05/1974","MALE","WHITE"
"EMILY BRADFORD","03/05/1971","FEMALE","BLACK"
"JAMES BRADFORD","04/25/1982","MALE","BLACK"
"KIMBERLY BRADFORD","11/17/1991","FEMALE","BLACK"
"MANDRELL BRADFORD","08/05/1980","MALE","BLACK"
"MARK BRADFORD","03/10/1955","MALE","WHITE"
"ROBERT BRADFORD","04/07/1948","MALE","BLACK"
"ROBERT BRADFORD","06/05/1968","MALE","WHITE"
"SAM BRADFORD","06/27/1966","MALE","BLACK"
"TOMAS BRADFORD","01/11/2001","MALE","BLACK"
"WILLIE BRADFORD","05/04/1951","MALE","BLACK"
"ANDREW BRADLEY","03/09/1971","MALE","BLACK"
"CHRISTOPHER BRADLEY","08/15/1974","MALE","BLACK"
"CHRISTOPHER BRADLEY","06/25/1984","MALE","BLACK"
"CLINTON BRADLEY","10/11/1997","MALE","WHITE"
"DELISHA BRADLEY","08/25/1995","FEMALE","BLACK"
"DEMARIUS BRADLEY","05/21/1994","MALE","BLACK"
"DEMETRIUS BRADLEY","02/04/1993","MALE","BLACK"
"ERIKA BRADLEY","04/14/1989","FEMALE","WHITE"
"GEOFFREY BRADLEY","07/24/1976","MALE","WHITE"
"JAMES BRADLEY","06/24/1993","MALE","BLACK"
"JARROD BRADLEY","10/18/1973","MALE","WHITE"
"JASON BRADLEY","03/26/1979","MALE","WHITE"
"JEREMY BRADLEY","08/29/1978","MALE","WHITE"
"JEREMY BRADLEY","08/05/1987","MALE","BLACK"
"JOHN BRADLEY","10/20/1969","MALE","WHITE"
"JOSHUA BRADLEY","05/12/1986","MALE","WHITE"
"JUSTIN BRADLEY","11/06/1985","MALE","BLACK"
"KIRK BRADLEY","11/06/1971","MALE","BLACK"
"LATRA BRADLEY","09/03/1993","MALE","BLACK"
"LATREAD BRADLEY","03/24/1989","FEMALE","BLACK"
"LENARD BRADLEY","06/17/1979","MALE","BLACK"
"MONDRICK BRADLEY","04/01/1972","MALE","BLACK"
"NUMAINE BRADLEY","11/17/1991","MALE","BLACK"
"REGINALD BRADLEY","04/02/1984","MALE","BLACK"
"ROBYN BRADLEY","03/14/1991","FEMALE","WHITE"
"RODNEY BRADLEY","10/27/1984","MALE","BLACK"
"RONALD BRADLEY","08/24/1969","MALE","BLACK"
"SAMANTHA BRADLEY","02/21/1977","FEMALE","BLACK"
"STANLEY BRADLEY","08/08/1972","MALE","BLACK"
"TODD BRADLEY","02/14/1991","MALE","WHITE"
"TONY BRADLEY","02/08/1993","MALE","WHITE"
"TRANMETRIS BRADLEY","12/13/1976","MALE","BLACK"
"WILLIAM BRADLEY","02/26/1974","MALE","BLACK"
"AMY BRADSHAW","07/07/1976","FEMALE","WHITE"
"BRIAN BRADSHAW","09/27/1983","MALE","WHITE"
"MARTEZ BRADSHAW","10/12/1993","MALE","BLACK"
"SONYA BRADSTREET","04/04/1975","FEMALE","WHITE"
"JAMARIO BRADY","07/02/1991","MALE","BLACK"
"JOSHUA BRADY","04/12/1988","MALE","BLACK"
"KENNETH BRADY","05/21/1992","MALE","WHITE"
"MCKINLEY BRADY","04/19/1979","MALE","BLACK"
"MICHAEL BRADY","04/12/1971","MALE","WHITE"
"TOMMIE BRADY","09/06/1956","MALE","WHITE"
"EDWARD BRAGG","09/22/1991","MALE","BLACK"
"DAVID BRAGGS","02/13/1979","MALE","BLACK"
"MARCUS BRAKEFIELD","02/02/1991","MALE","BLACK"
"MICHELLE BRAMAN","12/21/1971","FEMALE","WHITE"
"JOSHUA BRAMLETT","01/18/1987","MALE","WHITE"
"TORREY BRAMLETT","08/27/1980","MALE","BLACK"
"ANTHONY BRANCH","12/10/1968","MALE","BLACK"
"CURRY BRANCH","12/28/1979","MALE","BLACK"
"LAWRENCE BRANCH","11/21/1979","MALE","BLACK"
"SYLVESTER BRANCH","03/19/1963","MALE","BLACK"
"WILLIAM BRANCH","02/21/1990","MALE","WHITE"
"CARL BRANDON","11/15/1953","MALE","BLACK"
"CHARLES BRANDON","12/17/1989","MALE","BLACK"
"CHRISTOPHER BRANDON","09/03/1978","MALE","BLACK"
"CHRVOY BRANDON","02/05/1986","MALE","BLACK"
"COLTON BRANNING","10/31/1990","MALE","WHITE"
"JARON BRANNING","04/16/1987","MALE","WHITE"
"JOSEPH BRANNING","06/15/1991","MALE","WHITE"
"BRETT BRANNON","01/21/1987","MALE","WHITE"
"DONALD BRANNON","04/08/1983","MALE","WHITE"
"DUSTY BRANNON","01/15/1997","MALE","WHITE"
"CHRISTOPHER BRANTLEY","01/02/1994","MALE","BLACK"
"EDDIE BRANTLEY","08/20/1966","MALE","BLACK"
"JEREMY BRANTLEY","10/16/1980","MALE","BLACK"
"TONY BRASHEARS","10/04/1987","MALE","BLACK"
"WILLIAM BRASHEARS","05/24/1991","MALE","WHITE"
"WILLIAM BRASHIER","11/06/1998","MALE","WHITE"
"KENNETH BRASSELL","10/25/1995","MALE","BLACK"
"UNDRANECKIO BRASSFIELD","08/13/1974","MALE","BLACK"
"JEFFREY BRASSO","08/12/1967","MALE","WHITE"
"ASHLEY BRASWELL","08/27/1985","FEMALE","WHITE"
"JULIO BRASWELL","07/27/1984","MALE","SPANISH"
"VICTORIA BRASWELL","09/04/1991","FEMALE","WHITE"
"SHAWN BRATCHER","08/01/1989","MALE","WHITE"
"LANDON BRAUDWAY","08/23/1990","MALE","WHITE"
"MARK BRAWLEY","08/04/1979","MALE","WHITE"
"GLENDA BRAXTON","04/30/1992","FEMALE","BLACK"
"TOMMY BRAXTON","01/29/1977","MALE","BLACK"
"CHRISTOPHER BRAY","08/21/1984","MALE","WHITE"
"MICHAEL BRAY","06/20/1982","MALE","WHITE"
"MARKELL BRAZIEL","04/07/1995","MALE","BLACK"
"KEITH BRAZZELL","04/29/1979","MALE","BLACK"
"CARTEZE BRAZZLE","09/02/1984","MALE","BLACK"
"DAVID BRAZZLE","01/04/1974","MALE","BLACK"
"EDWARD BREAUX","06/17/1982","MALE","WHITE"
"JACOB BREAUX","09/25/1987","MALE","WHITE"
"ROBERT BREAUX","12/29/1970","MALE","WHITE"
"NATHANIEL BREAZEALE","04/20/1999","MALE","WHITE"
"VIRGIL BREEDEN","10/27/1950","MALE","WHITE"
"WILLIAM BREEDEN","05/08/1971","MALE","WHITE"
"JERROD BREEDLOVE","10/25/1976","MALE","WHITE"
"KIMBERLY BREEDLOVE","05/15/1992","FEMALE","WHITE"
"RICKY BREELAND","09/29/1994","MALE","WHITE"
"JADA BRELAND","01/06/1995","FEMALE","BLACK"
"PHILIP BRELAND","03/30/1976","MALE","BLACK"
"KWAME BRENGETTCY","02/08/1973","MALE","BLACK"
"CHICO BRENT","09/13/1996","MALE","BLACK"
"CHRISTOPHER BRENT","08/15/1998","MALE","WHITE"
"DELBRICO BRENT","06/13/1998","MALE","BLACK"
"DESMOND BRENT","07/07/1994","MALE","BLACK"
"HENRY BRENT","09/30/1987","MALE","BLACK"
"JAMES BRENT","05/06/1970","MALE","BLACK"
"MARQUAVIOUS BRENT","10/16/1998","MALE","BLACK"
"NATHANIEL BRENT","01/04/1976","MALE","BLACK"
"ROBERT BRENT","03/21/1967","MALE","BLACK"
"CHESTER BRENTS","05/27/1950","MALE","WHITE"
"CONNIE BRESHEARS","04/15/1996","FEMALE","WHITE"
"MAURICE BRETT","03/19/1946","MALE","WHITE"
"ERIC BREVARD","07/23/1964","MALE","BLACK"
"BRIAN BREWER","11/24/1999","MALE","WHITE"
"CALVIN J BREWER","08/14/1986","MALE","WHITE"
"CHARLES BREWER","07/01/1980","MALE","WHITE"
"DAVID BREWER","05/10/1985","MALE","WHITE"
"EDWIN BREWER","08/20/1985","MALE","BLACK"
"JIMMY BREWER","10/13/1966","MALE","WHITE"
"JOHN BREWER","10/27/1981","MALE","WHITE"
"JOSEPH BREWER","02/01/1978","MALE","WHITE"
"JUSTIN BREWER","11/11/1992","MALE","BLACK"
"KENNETH BREWER","05/27/1978","MALE","BLACK"
"MCHAEL BREWER","02/28/1983","MALE","WHITE"
"MELISSA BREWER","10/26/1966","FEMALE","WHITE"
"NANCY BREWER","11/18/1978","FEMALE","WHITE"
"ORLANDO BREWER","06/17/1967","MALE","BLACK"
"PARISH BREWER","11/09/1992","MALE","BLACK"
"SHUNKEITH BREWER","09/09/1990","MALE","BLACK"
"SIDNEY BREWER","11/29/1983","MALE","WHITE"
"WILLIAM BREWER","07/16/1993","MALE","WHITE"
"WILLIAM BREWER","07/27/1970","MALE","WHITE"
"YOHON BREWSTER","12/13/1980","MALE","BLACK"
"GREGORY BRIDGEMAN","09/03/1965","MALE","BLACK"
"PERCY BRIDGEMAN","12/16/1965","MALE","BLACK"
"ANTONIO BRIDGES","12/21/1974","MALE","BLACK"
"CHRISTOPHER BRIDGES","09/14/1985","MALE","BLACK"
"DEMARCUS BRIDGES","01/29/1979","MALE","BLACK"
"DEMETRIUS BRIDGES","06/01/1982","MALE","BLACK"
"DEQUAN BRIDGES","07/21/1997","MALE","BLACK"
"DONALD BRIDGES","01/23/1955","MALE","BLACK"
"DWIGHT BRIDGES","12/31/1956","MALE","BLACK"
"FRANK BRIDGES","11/09/1965","MALE","BLACK"
"HARVEY BRIDGES","06/20/1975","MALE","BLACK"
"JAMAL BRIDGES","10/02/1997","MALE","BLACK"
"JAMES BRIDGES","11/29/1969","MALE","BLACK"
"JAZDIN BRIDGES","07/29/1987","MALE","BLACK"
"JEROME BRIDGES","10/16/1962","MALE","BLACK"
"JORDAN BRIDGES","04/04/1991","MALE","WHITE"
"MAURICE BRIDGES","05/26/1984","MALE","BLACK"
"MELVIN BRIDGES","08/24/1961","MALE","BLACK"
"RICKEY BRIDGES","08/18/1948","MALE","WHITE"
"ROWDY BRIDGES","07/13/1983","MALE","WHITE"
"SORRENTO BRIDGES","03/26/1980","MALE","BLACK"
"TERRANCE BRIDGES","07/09/1990","MALE","BLACK"
"TERRY BRIDGES","08/06/1966","MALE","BLACK"
"TYRELL BRIDGES","05/03/1991","MALE","BLACK"
"WARREN BRIDGES","07/10/1985","MALE","BLACK"
"WILLIE BRIDGES","09/05/1987","MALE","BLACK"
"ZANE BRIDGES","05/22/1990","MALE","WHITE"
"DWAYNE BRIDGET","06/06/1989","MALE","BLACK"
"EUGENE BRIGGS","01/14/1969","MALE","BLACK"
"TREVIOUN BRIGGS","08/08/1991","MALE","BLACK"
"TYRESON BRIGGS","03/15/1980","MALE","BLACK"
"BENJAMIN BRIGHT","01/06/1989","MALE","WHITE"
"EARNEST BRIGHT","06/09/1991","MALE","WHITE"
"MICHAEL BRIGHT","02/23/1990","MALE","WHITE"
"MICHAEL BRIGHT","07/27/1991","MALE","WHITE"
"CHRIS BRIM","07/02/1980","MALE","BLACK"
"JAMES BRIM","07/26/1976","MALE","BLACK"
"JERRON BRIMAGE","02/12/1962","MALE","BLACK"
"KEIVON BRIMAGE-BURTON","11/26/1992","MALE","BLACK"
"JOSHUA BRINK","07/07/1981","MALE","WHITE"
"DAVID BRINKER","03/22/1987","MALE","BLACK"
"JERMAINE BRINKER","02/12/1986","MALE","BLACK"
"ROMEAL BRINKER","12/31/1984","MALE","BLACK"
"DEMETRIUS BRINKLEY","03/19/1988","MALE","BLACK"
"ROBERT BRINKLEY","10/01/1992","MALE","BLACK"
"DWIGHT BRINSON","07/11/1963","MALE","WHITE"
"KORY BRINSON","12/07/1988","MALE","BLACK"
"ALBERT BRISCO","02/07/1988","MALE","BLACK"
"GEORGE BRISCO","01/07/1996","MALE","BLACK"
"LATOYA BRISCO","12/07/1986","FEMALE","BLACK"
"BETH BRISTER","08/12/1980","FEMALE","WHITE"
"DAVID BRISTER","09/03/1973","MALE","BLACK"
"EDDREON BRISTER","06/17/1994","MALE","BLACK"
"JAMES BRISTER","09/29/1978","MALE","BLACK"
"KENDARIOUS BRISTER","10/30/1993","MALE","BLACK"
"PITRELL BRISTER","01/12/1995","MALE","BLACK"
"THOMAS BRISTER","11/01/1956","MALE","WHITE"
"BILLY BRITT","12/10/1976","MALE","WHITE"
"CADEN BRITT","01/13/1996","MALE","WHITE"
"CHRISTOPHER BRITT","10/01/1980","MALE","WHITE"
"CHRISTOPHER BRITT","07/20/1978","MALE","WHITE"
"JONATHAN BRITT","04/19/1999","MALE","BLACK"
"JOSEPH BRITT","02/25/1982","MALE","WHITE"
"MICHAEL BRITT","09/26/1974","MALE","WHITE"
"RICHARD BRITT","05/16/1973","MALE","WHITE"
"TONI BRITT","12/12/1997","FEMALE","BLACK"
"MEIKA BRITTON","12/17/1969","MALE","BLACK"
"WALTER BRITTON","08/29/1977","MALE","BLACK"
"TINA BRITTON-TATE","09/19/1972","FEMALE","BLACK"
"ARSENIO BRLAND","09/02/1987","MALE","BLACK"
"PERRY BROACH","01/26/1994","MALE","BLACK"
"RICHARD BROADHEAD","08/18/1991","MALE","WHITE"
"TOWANDER BROADHEAD","10/03/1976","FEMALE","BLACK"
"EDWARD BROADNAX","04/21/1983","MALE","BLACK"
"HAL BROADUS","09/16/1985","MALE","WHITE"
"LEE BROADUS","12/09/1979","MALE","BLACK"
"PHILLIP BROADUS","07/10/1988","MALE","WHITE"
"RONALD BROADUS","01/10/1983","MALE","WHITE"
"CHRISTOPHER BROCK","01/24/1982","MALE","WHITE"
"KENNETH BROCK","02/17/1965","MALE","WHITE"
"MADELYN BROCK","05/30/1999","FEMALE","WHITE"
"MICHAEL BROCK","08/16/1985","MALE","WHITE"
"PAULA BROCK","06/19/1971","FEMALE","WHITE"
"RANDOLPH BROCK","06/10/1958","MALE","BLACK"
"WALTER BROCK","08/31/1970","MALE","WHITE"
"ALEXANDER BROOKS","12/19/1993","MALE","BLACK"
"BERNARD BROOKS","02/22/1962","MALE","WHITE"
"BERSHARD BROOKS","06/26/1998","MALE","BLACK"
"BOBBY BROOKS","02/08/1950","MALE","WHITE"
"CEDRIC BROOKS","08/11/1975","MALE","BLACK"
"CHADDY BROOKS","02/11/1985","FEMALE","BLACK"
"DARRELL BROOKS","12/08/1978","MALE","WHITE"
"DEVIN BROOKS","04/08/1994","MALE","BLACK"
"ERIC BROOKS","07/08/1982","MALE","BLACK"
"FRED BROOKS","09/05/1948","MALE","WHITE"
"GARRETT BROOKS","01/23/1980","MALE","BLACK"
"HENRY BROOKS","10/05/1993","MALE","BLACK"
"JARVOUS BROOKS","02/08/1992","MALE","BLACK"
"JASON BROOKS","04/22/1985","MALE","WHITE"
"JEFFERY BROOKS","07/08/1980","MALE","WHITE"
"JOHN BROOKS","04/24/1979","MALE","WHITE"
"LAFREDRICKS BROOKS","02/17/1993","MALE","BLACK"
"LENNIS BROOKS","05/22/1964","MALE","BLACK"
"LORENZO BROOKS","01/19/1999","MALE","BLACK"
"MARQUISE BROOKS","01/09/1996","MALE","BLACK"
"MICHAEL BROOKS","05/18/1968","MALE","BLACK"
"MORRIS BROOKS","04/26/1962","MALE","BLACK"
"NICHOLAS BROOKS","08/03/1986","MALE","BLACK"
"OMAR BROOKS","01/06/1980","MALE","BLACK"
"PAUL BROOKS","12/20/1953","MALE","WHITE"
"PHILANDIS BROOKS","03/15/1976","MALE","BLACK"
"QUENTIN BROOKS","11/15/1998","MALE","BLACK"
"RICKY BROOKS","07/12/1962","MALE","BLACK"
"RODERICK BROOKS","04/11/1994","MALE","BLACK"
"RUFUS BROOKS","11/06/1984","MALE","BLACK"
"SANDTONIA BROOKS","08/20/1997","MALE","BLACK"
"SHELLIE BROOKS","10/10/1974","MALE","BLACK"
"TERRY BROOKS","11/16/1980","MALE","BLACK"
"THEO BROOKS","03/12/1988","MALE","BLACK"
"TIMMIE BROOKS","05/31/1970","MALE","BLACK"
"TIMOTHY BROOKS","01/30/1982","MALE","BLACK"
"TIMOTHY BROOKS","01/20/1988","MALE","WHITE"
"TIMOTHY BROOKS","07/03/1992","MALE","BLACK"
"TY BROOKS","12/04/1982","MALE","WHITE"
"TYRONE BROOKS","02/01/1986","MALE","BLACK"
"WILLIAM BROOKS","09/22/1991","MALE","BLACK"
"ZACHARY BROOKS","11/18/1996","MALE","WHITE"
"DAVID BROOM","01/11/1984","MALE","WHITE"
"JACARI BROOM","07/30/1999","MALE","BLACK"
"THOMAS BROOM","11/07/1988","MALE","WHITE"
"DUSTIN BROOME","06/23/1980","MALE","WHITE"
"JERROD BROOMFIELD","06/07/1982","MALE","BLACK"
"MACKENZIE BROQUET","11/14/1989","MALE","WHITE"
"NICHOLAS BROTHERN","12/07/1999","MALE","BLACK"
"MICHELLE BROTHERTON","10/02/1969","FEMALE","WHITE"
"RONRECO BROUGHTON","04/11/1980","MALE","BLACK"
"RANDY BROUSSARD","02/15/1991","MALE","WHITE"
"DEVIN BROUSSE","01/14/1992","MALE","WHITE"
"AARON BROWN","12/13/1966","MALE","BLACK"
"ALLEN BROWN","01/18/1963","MALE","BLACK"
"ANDREW BROWN","10/18/1972","MALE","BLACK"
"ANDY BROWN","05/27/1983","MALE","BLACK"
"ANTHONY BROWN","12/08/1962","MALE","BLACK"
"ANTHONY BROWN","09/25/1966","MALE","BLACK"
"ANTOINE BROWN","07/22/1975","MALE","BLACK"
"ANTONIO BROWN","07/16/1989","MALE","BLACK"
"ARCHIE BROWN","04/11/1967","MALE","BLACK"
"ARDY BROWN","08/22/1997","MALE","BLACK"
"ASHTON BROWN","05/16/1991","FEMALE","WHITE"
"BENJAMIN BROWN","04/14/1993","MALE","WHITE"
"BERNARD BROWN","12/06/1963","MALE","WHITE"
"BLAZE BROWN","12/20/1995","MALE","WHITE"
"BOBBY BROWN","08/30/1946","MALE","WHITE"
"BORIS BROWN","08/22/1980","MALE","BLACK"
"BRIAN BROWN","11/19/1990","MALE","BLACK"
"BRIAN BROWN","06/08/1988","MALE","WHITE"
"BRIANNA BROWN","07/06/1994","FEMALE","BLACK"
"BRYAN BROWN","02/20/1986","MALE","BLACK"
"BRYANT BROWN","01/31/1975","MALE","BLACK"
"BUTCH BROWN","10/30/1991","MALE","WHITE"
"CARL BROWN","10/04/1990","MALE","BLACK"
"CARLOS BROWN","04/26/1980","MALE","BLACK"
"CEDRICK BROWN","12/29/1981","MALE","BLACK"
"CHADDRICK BROWN","03/30/1979","MALE","BLACK"
"CHARLES BROWN","04/12/1955","MALE","WHITE"
"CHARLES BROWN","07/23/1967","MALE","BLACK"
"CHARLES BROWN","11/12/1962","MALE","WHITE"
"CHARLES BROWN","07/16/1985","MALE","BLACK"
"CHARLES BROWN","10/04/1989","MALE","BLACK"
"CHAUNCEY BROWN","06/13/1990","MALE","BLACK"
"CHERIE BROWN","10/08/1971","FEMALE","WHITE"
"CHERYL BROWN","08/31/1967","FEMALE","BLACK"
"CHESTER BROWN","03/17/1990","MALE","BLACK"
"CHINUE BROWN","09/13/1988","FEMALE","BLACK"
"CHRISTEN BROWN","05/21/1992","FEMALE","WHITE"
"CHRISTOPHER BROWN","11/09/1992","MALE","BLACK"
"CHRISTOPHER BROWN","06/09/1972","MALE","WHITE"
"CHRISTOPHER BROWN","01/10/1992","MALE","BLACK"
"CHRISTOPHER BROWN","05/02/1990","MALE","WHITE"
"CHRISTOPHER BROWN","11/09/1975","MALE","BLACK"
"CLARA BROWN","07/08/1957","FEMALE","BLACK"
"CLEOPHUS BROWN","03/22/1972","MALE","BLACK"
"COREY BROWN","04/29/1985","MALE","BLACK"
"CORNELIUS BROWN","01/09/1980","MALE","BLACK"
"CORTIER BROWN","03/27/1992","MALE","BLACK"
"CRAIG BROWN","09/07/1964","MALE","WHITE"
"CUADERES BROWN","06/27/1993","MALE","BLACK"
"CURTIS BROWN","04/24/1980","MALE","BLACK"
"DAMEOND BROWN","04/19/1996","MALE","BLACK"
"DAMIAN BROWN","08/26/1986","MALE","BLACK"
"DANIEL BROWN","06/19/1993","MALE","BLACK"
"DANNY BROWN","02/25/1979","MALE","WHITE"
"DANNY BROWN","07/10/1972","MALE","BLACK"
"DANWAWN BROWN","05/13/1983","MALE","BLACK"
"DARIUS BROWN","10/22/1993","MALE","BLACK"
"DARKEYUS BROWN","05/16/1991","MALE","BLACK"
"DARRELL BROWN","04/08/1984","MALE","BLACK"
"DARRIUS BROWN","09/01/1975","MALE","BLACK"
"DARRY BROWN","03/08/1982","MALE","BLACK"
"DAVION BROWN","07/19/1999","MALE","BLACK"
"DEMETRIUS BROWN","01/31/1970","MALE","BLACK"
"DEMONDITA BROWN","11/23/1995","MALE","BLACK"
"DENNIS BROWN","10/19/1983","MALE","WHITE"
"DENNIS BROWN","03/06/1960","MALE","BLACK"
"DERRICK BROWN","10/18/1979","MALE","BLACK"
"DERRICK BROWN","11/21/1985","MALE","WHITE"
"DERRICK BROWN","02/02/1994","MALE","BLACK"
"DESHAWN BROWN","10/23/1987","MALE","BLACK"
"DESMOND BROWN","07/16/1981","MALE","BLACK"
"DEUNTA BROWN","08/03/1994","MALE","BLACK"
"DEXTER BROWN","12/06/1983","MALE","BLACK"
"DOMINICK BROWN","08/28/1967","MALE","BLACK"
"DON BROWN","01/11/1986","MALE","BLACK"
"DONALD BROWN","10/09/1960","MALE","BLACK"
"DONNIE BROWN","09/20/1965","MALE","BLACK"
"DONTE BROWN","10/01/1979","MALE","BLACK"
"DREXEL BROWN","11/09/1964","MALE","BLACK"
"EDDIE BROWN","08/28/1967","MALE","BLACK"
"EDDIE BROWN","09/10/1967","MALE","BLACK"
"EDDIE BROWN","08/07/1970","MALE","BLACK"
"EDDIE BROWN","06/04/1987","MALE","BLACK"
"EDMUND BROWN","09/07/1977","MALE","BLACK"
"EDWARD BROWN","08/29/1996","MALE","BLACK"
"ELVIN BROWN","05/30/1992","MALE","BLACK"
"ERIC BROWN","09/16/1976","MALE","WHITE"
"ERIC BROWN","07/14/1972","MALE","BLACK"
"EWARN BROWN","03/07/1980","MALE","BLACK"
"FRANK BROWN","01/30/1958","MALE","BLACK"
"FREDDIE BROWN","01/21/1960","MALE","BLACK"
"FREDRICK BROWN","04/12/1976","MALE","BLACK"
"GEORGE BROWN","11/27/1956","MALE","BLACK"
"GLYNNA BROWN","10/25/1971","FEMALE","WHITE"
"GRADY BROWN","04/22/1977","MALE","WHITE"
"GREGORY BROWN","09/23/1960","MALE","BLACK"
"HAROLD BROWN","06/25/1984","MALE","WHITE"
"HENRY BROWN","05/02/1966","MALE","BLACK"
"HENRY BROWN","12/17/1992","MALE","BLACK"
"HENRY BROWN","08/17/1988","MALE","BLACK"
"HENRY BROWN","09/06/1960","MALE","BLACK"
"HERMAN BROWN","05/05/1964","MALE","BLACK"
"HINE BROWN","02/21/1971","MALE","BLACK"
"HOSA BROWN","07/02/1977","MALE","BLACK"
"IRA BROWN","04/10/1995","MALE","BLACK"
"ISABELLA BROWN","12/09/1997","FEMALE","WHITE"
"J'QUANTIS BROWN","12/16/1996","MALE","BLACK"
"JACOB BROWN","05/24/1996","MALE","WHITE"
"JACQUES BROWN","03/05/1982","MALE","BLACK"
"JAKE BROWN","07/07/1993","MALE","WHITE"
"JALEN BROWN","08/30/1999","MALE","BLACK"
"JAMARCUS BROWN","12/01/1990","MALE","BLACK"
"JAMES BROWN","05/09/1972","MALE","WHITE"
"JAMES BROWN","11/21/1992","MALE","WHITE"
"JAMES BROWN","04/16/1993","MALE","BLACK"
"JAMES BROWN","07/03/1959","MALE","WHITE"
"JAMES BROWN","02/24/1981","MALE","BLACK"
"JAMES BROWN","05/20/1932","MALE","WHITE"
"JAMES BROWN","07/30/1982","MALE","BLACK"
"JAMES BROWN","05/15/1979","MALE","BLACK"
"JAMISON BROWN","01/10/1988","MALE","BLACK"
"JAQUALON BROWN","07/05/1997","MALE","BLACK"
"JARVIS BROWN","04/30/1989","MALE","BLACK"
"JAVON BROWN","02/12/1989","MALE","BLACK"
"JECOREY BROWN","07/16/1991","MALE","BLACK"
"JEREMY BROWN","08/31/1991","MALE","BLACK"
"JEREMY BROWN","08/31/1991","MALE","BLACK"
"JEREMY BROWN","04/17/1975","MALE","WHITE"
"JEREMY BROWN","08/17/1992","MALE","BLACK"
"JEREMY BROWN","05/28/1986","MALE","BLACK"
"JEREMY BROWN","12/17/1976","MALE","BLACK"
"JERRELL BROWN","06/23/1999","MALE","BLACK"
"JERRY BROWN","11/06/1999","MALE","BLACK"
"JERRY BROWN","07/20/1985","MALE","BLACK"
"JERRY BROWN","11/17/1984","MALE","WHITE"
"JESSE BROWN","07/07/1995","MALE","BLACK"
"JIMMIE BROWN","10/12/1964","MALE","BLACK"
"JIMMY BROWN","12/13/1960","MALE","BLACK"
"JIMMY BROWN","09/18/1945","MALE","WHITE"
"JOE BROWN","10/05/1972","MALE","BLACK"
"JOHN BROWN","04/28/1972","MALE","BLACK"
"JOHN BROWN","01/04/1997","MALE","BLACK"
"JOHNNIE BROWN","03/17/1959","MALE","BLACK"
"JOHNNY BROWN","02/09/1982","MALE","BLACK"
"JOHNNY BROWN","07/06/1978","MALE","BLACK"
"JOHNNY BROWN","07/06/1969","MALE","WHITE"
"JON BROWN","10/28/1971","MALE","WHITE"
"JONATHAN BROWN","03/13/1997","MALE","BLACK"
"JOSEPH BROWN","06/25/1987","MALE","BLACK"
"JOSEPH BROWN","11/18/1968","MALE","BLACK"
"JOSHUA BROWN","01/09/1985","MALE","BLACK"
"JUSTIN BROWN","01/21/1989","MALE","BLACK"
"KEGAN BROWN","01/15/1992","MALE","BLACK"
"KELLY BROWN","05/07/1982","MALE","WHITE"
"KEMBRIOCHA BROWN","01/30/1993","FEMALE","BLACK"
"KENDRICK BROWN","06/02/1993","MALE","BLACK"
"KENNETH BROWN","06/27/1986","MALE","BLACK"
"KENNETH BROWN","06/17/1964","MALE","BLACK"
"KENNETH BROWN","10/21/1970","MALE","BLACK"
"KEVIN BROWN","02/03/1992","MALE","WHITE"
"KEVIN BROWN","07/03/1994","MALE","BLACK"
"KING BROWN","12/11/1986","MALE","BLACK"
"LAMARCUS BROWN","07/08/1986","MALE","BLACK"
"LAMONT BROWN","08/28/1978","MALE","BLACK"
"LARRY BROWN","02/21/1957","MALE","BLACK"
"LEONARD BROWN","08/09/1983","MALE","BLACK"
"LESEAN BROWN","12/26/1991","MALE","BLACK"
"LONNIE BROWN","07/31/1984","MALE","BLACK"
"LOUIS BROWN","12/13/1973","MALE","BLACK"
"LOUIS BROWN","02/14/1964","MALE","BLACK"
"LYMAN BROWN","05/24/1982","MALE","BLACK"
"MANUEL BROWN","05/09/1961","MALE","WHITE"
"MARCUS BROWN","12/09/1990","MALE","BLACK"
"MARCUS BROWN","12/19/1985","MALE","BLACK"
"MARDRELL BROWN","09/10/1989","MALE","BLACK"
"MARIO BROWN","04/26/1979","MALE","BLACK"
"MARK BROWN","12/24/1974","MALE","BLACK"
"MARKEITH BROWN","10/09/1990","MALE","BLACK"
"MARQUAVIOUS BROWN","03/06/1995","MALE","BLACK"
"MARQUEZ BROWN","08/24/1995","MALE","BLACK"
"MARQUON BROWN","12/15/1997","MALE","BLACK"
"MARTORA BROWN","02/12/1978","MALE","BLACK"
"MARZELL BROWN","01/06/1981","MALE","BLACK"
"MAURICE BROWN","05/15/1995","MALE","BLACK"
"MICHAEL BROWN","03/30/1991","MALE","WHITE"
"MICHAEL BROWN","11/23/1976","MALE","BLACK"
"MICHAEL BROWN","10/26/1980","MALE","BLACK"
"MICHAEL BROWN","07/02/1977","MALE","BLACK"
"MICHAEL BROWN","07/14/1968","MALE","WHITE"
"MIKIMIE BROWN","08/06/1977","FEMALE","BLACK"
"MILTON BROWN","09/14/1987","MALE","BLACK"
"MITCHELL BROWN","08/18/1968","MALE","BLACK"
"MONTREAL BROWN","10/08/2000","MALE","BLACK"
"NATHAN BROWN","10/04/1993","MALE","BLACK"
"NED BROWN","02/12/1967","MALE","BLACK"
"NENO BROWN","03/28/1992","MALE","BLACK"
"NICHOLAS BROWN","06/30/1994","MALE","BLACK"
"O BROWN","06/02/1953","MALE","BLACK"
"OLIVER BROWN","05/16/1974","MALE","BLACK"
"PATRICIA BROWN","10/28/1963","FEMALE","WHITE"
"PAUL BROWN","02/19/1971","MALE","BLACK"
"PEDRO BROWN","01/03/1983","MALE","BLACK"
"PHARIS BROWN","09/27/1965","MALE","BLACK"
"QUINCEY BROWN","10/30/1996","MALE","BLACK"
"QUINTARIUS BROWN","08/18/1988","MALE","BLACK"
"RANDY BROWN","12/04/1986","MALE","BLACK"
"RICO BROWN","03/16/1989","MALE","BLACK"
"ROBERT BROWN","03/29/1961","MALE","BLACK"
"ROBERT BROWN","04/26/1980","MALE","BLACK"
"RODNEY BROWN","07/16/1959","MALE","WHITE"
"ROGER BROWN","11/22/1979","MALE","BLACK"
"ROMAIRE BROWN","02/15/1997","MALE","BLACK"
"RONNIE BROWN","12/31/1977","MALE","WHITE"
"RUBEN BROWN","12/30/1988","MALE","BLACK"
"RUFUS BROWN","02/09/1984","MALE","WHITE"
"SHANEKA BROWN","03/29/1992","FEMALE","BLACK"
"SHANTAYSIA BROWN","03/10/1991","FEMALE","BLACK"
"SHARROD BROWN","09/03/1994","MALE","BLACK"
"SHAWN BROWN","09/04/1972","MALE","BLACK"
"SHELDRICK BROWN","10/11/1990","MALE","BLACK"
"SHELTON BROWN","04/04/1992","MALE","BLACK"
"SHONTINA BROWN","02/27/1992","FEMALE","BLACK"
"SHUN BROWN","08/05/1996","MALE","BLACK"
"STANLEY BROWN","11/21/1953","MALE","WHITE"
"STEPHEN BROWN","10/15/1998","MALE","WHITE"
"STEVEN BROWN","10/13/1995","MALE","BLACK"
"STEVEN BROWN","08/31/1960","MALE","WHITE"
"STEVEN BROWN","03/12/1958","MALE","WHITE"
"TARVIS BROWN","02/04/1978","MALE","BLACK"
"TAVARUS BROWN","10/21/2000","MALE","BLACK"
"TAWIAN BROWN","07/12/1990","MALE","BLACK"
"TERRANCE BROWN","09/11/1978","MALE","BLACK"
"TERRELL BROWN","01/23/1996","MALE","BLACK"
"TERRY BROWN","09/12/1970","MALE","BLACK"
"TERRY BROWN","03/28/1975","MALE","BLACK"
"THEOPHUS BROWN","03/06/1953","MALE","BLACK"
"THERESA BROWN","06/14/1992","FEMALE","BLACK"
"THOMAS BROWN","04/15/1990","MALE","WHITE"
"THOMAS BROWN","10/18/1971","MALE","WHITE"
"TIM BROWN","11/23/1971","MALE","BLACK"
"TIMOTHY BROWN","10/05/1973","MALE","BLACK"
"TINA BROWN","07/03/1978","FEMALE","BLACK"
"TOBY BROWN","03/06/1997","MALE","WHITE"
"TODD BROWN","11/17/1985","MALE","WHITE"
"TONYA BROWN","05/25/1978","FEMALE","BLACK"
"TRAVIS BROWN","09/12/1981","MALE","BLACK"
"TRAVON BROWN","07/06/1985","MALE","BLACK"
"TRUMANDO BROWN","11/24/1988","MALE","BLACK"
"TYLER BROWN","09/06/1989","MALE","WHITE"
"TYMOND BROWN","03/16/1981","MALE","BLACK"
"TYRESS BROWN","04/17/1981","MALE","BLACK"
"VERMA BROWN","02/17/1963","FEMALE","BLACK"
"VERNON BROWN","10/08/1955","MALE","WHITE"
"VERNON BROWN","03/31/1947","MALE","WHITE"
"WILBERT BROWN","11/20/1973","MALE","BLACK"
"WILLIAM BROWN","05/21/1973","MALE","WHITE"
"WILLIAM BROWN","03/11/1974","MALE","BLACK"
"WILLIE BROWN","09/18/1965","MALE","BLACK"
"WILLIE BROWN","02/15/1991","MALE","BLACK"
"WILLIE BROWN","04/01/1964","MALE","BLACK"
"XAVIER BROWN","01/31/1966","MALE","BLACK"
"ZACCHEAUS BROWN","06/28/1992","MALE","BLACK"
"BRITNEY BROWNING","03/09/1991","FEMALE","WHITE"
"DAMIRUS BROWNING","01/17/1981","FEMALE","WHITE"
"JASON BROWNING","11/19/1976","MALE","WHITE"
"MATTHEW BROWNING","02/23/1984","MALE","WHITE"
"PATRICK BROWNING","03/11/1988","MALE","WHITE"
"ANTONIO BROWNLEE","07/06/1985","MALE","BLACK"
"CHRISTOPHER BROWNLEE","12/08/1976","MALE","BLACK"
"JERMAINE BROWNLEE","11/15/1976","MALE","BLACK"
"LARRY BROWNLEE","07/18/1982","MALE","BLACK"
"QUINCY BROWNLEE","08/01/1988","MALE","BLACK"
"TERRY BROWNLEE","12/01/1981","MALE","BLACK"
"ADAM BROXSON","09/26/1980","MALE","WHITE"
"ERIC BRUCE","04/18/1973","MALE","BLACK"
"JAMES BRUCE","06/17/1996","MALE","BLACK"
"JOSEPH BRUCE","08/02/1947","MALE","WHITE"
"MARLON BRUCE","09/29/1980","MALE","BLACK"
"ADAM BRUFF","04/12/1975","MALE","WHITE"
"DOMINIQUE BRUMBY","04/09/1991","FEMALE","BLACK"
"AARON BRUMFIELD","10/28/1997","MALE","BLACK"
"BOBBY BRUMFIELD","05/14/1979","MALE","WHITE"
"JOHNATHAN BRUMFIELD","02/05/1987","MALE","BLACK"
"KEITH BRUMFIELD","09/26/1985","MALE","BLACK"
"RAMSEY BRUMFIELD","11/27/1981","MALE","WHITE"
"SAMANTHA BRUMFIELD","09/30/1985","FEMALE","WHITE"
"VIDAVIAN BRUMFIELD","04/17/2000","MALE","BLACK"
"ANIKA BRUNER","01/22/1997","FEMALE","BLACK"
"CHARLES BRUNET","12/20/1940","MALE","WHITE"
"JOE BRUNNER","09/17/1983","MALE","BLACK"
"JERRY BRUNSON","04/12/1959","MALE","BLACK"
"WILLIAM BRUNSON","11/13/1971","MALE","WHITE"
"NATHAN BRUSTEIN","02/02/1991","MALE","WHITE"
"ROBERT BRYAN","06/13/1980","MALE","WHITE"
"ANTWAN BRYANT","11/11/1973","MALE","BLACK"
"BRITTANY BRYANT","11/04/1985","FEMALE","BLACK"
"CHANEETA BRYANT","04/12/1989","FEMALE","BLACK"
"CHRISTOPER BRYANT","12/17/1994","MALE","BLACK"
"CHRISTOPHER BRYANT","07/21/1994","MALE","BLACK"
"CHRISTOPHER BRYANT","06/06/1974","MALE","WHITE"
"COREY BRYANT","02/20/1983","MALE","BLACK"
"DANIEL BRYANT","03/20/1979","MALE","BLACK"
"DAREOUS BRYANT","03/20/1980","MALE","BLACK"
"DEMARCUS BRYANT","01/19/1994","MALE","BLACK"
"DERRICK BRYANT","01/21/1987","MALE","WHITE"
"DIANE BRYANT","11/29/1970","FEMALE","WHITE"
"DWAYNE BRYANT","09/08/1977","MALE","BLACK"
"EDDIE BRYANT","01/13/1970","MALE","BLACK"
"JAMES BRYANT","10/03/1992","MALE","BLACK"
"JOHN BRYANT","08/15/1974","MALE","WHITE"
"JOHN BRYANT","11/26/1990","MALE","WHITE"
"JOSEPH BRYANT","04/01/1979","MALE","WHITE"
"KEITH BRYANT","01/03/1976","MALE","BLACK"
"KENNETH BRYANT","02/15/1966","MALE","WHITE"
"KEVIN BRYANT","05/28/1975","MALE","WHITE"
"LARRY BRYANT","01/08/1975","MALE","WHITE"
"MATTHEW BRYANT","01/15/1992","MALE","WHITE"
"NATHAN BRYANT","03/15/1990","MALE","WHITE"
"NATHAN BRYANT","12/30/1963","MALE","WHITE"
"PAUL BRYANT","11/20/1979","MALE","WHITE"
"PERCY BRYANT","09/26/1996","MALE","BLACK"
"TRACEY BRYANT","02/25/1969","MALE","WHITE"
"TYLER BRYANT","03/15/1991","MALE","WHITE"
"WALTER BRYANT","09/24/1995","MALE","BLACK"
"WALTER BRYANT","01/21/1978","MALE","BLACK"
"WILLIAM BRYANT","03/02/1969","MALE","WHITE"
"WILLIE BRYANT","06/27/1954","MALE","BLACK"
"DERRICK BRYCE","08/13/1966","MALE","BLACK"
"ALBERT BUCHANAN","03/16/1995","MALE","BLACK"
"ALEXANDER BUCHANAN","03/19/1961","MALE","BLACK"
"ANTHONY BUCHANAN","11/13/1973","MALE","BLACK"
"CHESTER BUCHANAN","06/05/1981","MALE","BLACK"
"CHRISTIE BUCHANAN","09/22/1977","FEMALE","WHITE"
"EMMITT BUCHANAN","02/08/1974","MALE","BLACK"
"JEROME BUCHANAN","10/25/1969","MALE","BLACK"
"PAUL BUCHANAN","09/22/1980","MALE","WHITE"
"RANDY BUCHANAN","09/22/1982","MALE","WHITE"
"SEDRICK BUCHANAN","04/19/1993","MALE","BLACK"
"MERRILL BUCHER","02/07/1985","MALE","WHITE"
"CYNTHIA BUCHNER","12/08/1972","FEMALE","WHITE"
"MARVIN BUCK","07/05/1977","MALE","BLACK"
"ROY BUCK","04/28/1987","MALE","BLACK"
"STULARRIUS BUCK","02/04/1984","MALE","BLACK"
"DAVID BUCKERIDGE","12/23/1973","MALE","WHITE"
"HURSTON BUCKHALTER","10/28/1959","MALE","WHITE"
"MICHAEL BUCKHALTER","08/11/1977","MALE","WHITE"
"WILLIAM BUCKHALTER","06/11/1949","MALE","WHITE"
"MARQUISE BUCKHAULTON","07/26/2001","MALE","BLACK"
"AMY BUCKLEY","02/24/1974","FEMALE","WHITE"
"BOBBY BUCKLEY","07/26/1975","MALE","BLACK"
"CHARLES BUCKLEY","01/05/1989","MALE","BLACK"
"CHRISHUN BUCKLEY","10/26/1997","MALE","BLACK"
"FRANK BUCKLEY","01/11/1996","MALE","WHITE"
"JAMES BUCKLEY","10/12/1976","MALE","WHITE"
"JOSEPH BUCKLEY","05/19/1984","MALE","BLACK"
"LEONARD BUCKLEY","07/29/1981","MALE","BLACK"
"LUKE BUCKLEY","10/28/1953","MALE","BLACK"
"MICHAEL BUCKLEY","12/14/1960","MALE","BLACK"
"PAUL BUCKLEY","08/24/1970","MALE","WHITE"
"ROBERT BUCKLEY","02/08/1972","MALE","WHITE"
"STEVEN BUCKLEY","11/13/1987","MALE","BLACK"
"BRANDON BUCKNER","02/13/1992","MALE","BLACK"
"CALAB BUCKNER","03/23/1994","MALE","BLACK"
"JOSHUA BUCKNER","01/07/1988","MALE","WHITE"
"SHAWNDALE BUCKNER","09/27/1988","MALE","BLACK"
"WALTER BUCKNER","12/18/1977","MALE","BLACK"
"WALTER BUCKNER","06/24/1996","MALE","BLACK"
"ZYMEDRICK BUCKNER","10/13/1991","MALE","BLACK"
"AMY BUECHEL","12/01/1976","FEMALE","WHITE"
"MICHAEL BUFFINGTON","04/10/1975","MALE","BLACK"
"ROBERT BUFFORD","12/28/1987","MALE","BLACK"
"KEVIN BUFKIN","04/09/1996","MALE","WHITE"
"BRIAN BUFORD","02/02/1984","MALE","WHITE"
"JASON BUFORD","07/06/1982","MALE","BLACK"
"MICHAEL BUFORD","11/20/1973","MALE","WHITE"
"TERRY BUFORD","10/09/1970","MALE","BLACK"
"ALONZO BUGGS","01/20/1978","MALE","BLACK"
"WILLIAM BUIE","08/06/1970","MALE","BLACK"
"DEMARCUS BULLARD","01/29/2000","MALE","BLACK"
"NATHAN BULLARD","09/15/1978","MALE","WHITE"
"ERIC BULLIN","11/06/1988","MALE","BLACK"
"LARRY BULLINS","06/01/1960","MALE","BLACK"
"WILLIE BULLINS","12/07/1963","MALE","BLACK"
"WILLIE BULLINS","02/28/1949","MALE","BLACK"
"ALLEN BULLOCK","06/22/1959","MALE","WHITE"
"BRIAN BULLOCK","05/16/1992","MALE","WHITE"
"EDDIE BULLOCK","12/17/1973","MALE","BLACK"
"HERMAN BULLOCK","10/20/1995","MALE","BLACK"
"JAMES BULLOCK","10/15/1972","MALE","WHITE"
"JASON BULLOCK","01/16/1971","MALE","WHITE"
"JEFFREY BULLOCK","09/01/1977","MALE","BLACK"
"JESSIE BULLOCK","09/05/1970","MALE","WHITE"
"JOSEPH BULLOCK","09/25/1981","MALE","WHITE"
"KEANDER BULLOCK","12/16/1994","MALE","BLACK"
"KENNY BULLOCK","08/30/1987","MALE","BLACK"
"LAJAELIN BULLOCK","08/22/1998","MALE","BLACK"
"LEWIS BULLOCK","04/07/1951","MALE","WHITE"
"PHILLIP BULLOCK","06/08/1988","MALE","BLACK"
"SHAWN BULLOCK","04/30/1976","MALE","WHITE"
"STEPHEN BULLOCK","04/20/1964","MALE","WHITE"
"TERRANCE BULLOCK","07/26/1980","MALE","BLACK"
"WAUKE BULLOCK","11/15/1991","MALE","BLACK"
"DARNELL BUMPHIS","04/26/1958","MALE","BLACK"
"ANTHONY BUNCH","09/25/1978","MALE","WHITE"
"BRANDON BUNCH","12/31/1982","MALE","WHITE"
"EARNEST BUNCH","05/16/1977","MALE","WHITE"
"CLINTON BUNSE","02/11/1981","MALE","WHITE"
"BILLY BUNTIN","09/01/1981","MALE","BLACK"
"TERRANCE BUNTYN","12/28/1987","MALE","BLACK"
"CODY BURAS","07/09/1989","MALE","WHITE"
"RICKY BURAS","06/25/1984","MALE","WHITE"
"GREGORY BURBRIDGE","06/09/1984","MALE","BLACK"
"LAVARTIS BURCH","06/05/1980","MALE","BLACK"
"TIMOTHY BURCHAM","06/09/1975","MALE","WHITE"
"HENRY BURCHETT","11/29/1958","MALE","WHITE"
"JOHNNY BURCHFIELD","01/09/1982","MALE","WHITE"
"JUSTIN BURCHFIELD","07/24/1988","MALE","WHITE"
"TAMMY BURCHFIELD","09/08/1961","FEMALE","WHITE"
"ALTON BURDEN","08/24/1970","MALE","BLACK"
"LYNDSEY BURDETT","06/06/1994","FEMALE","WHITE"
"DERRICK BURDETTE","08/25/1989","MALE","BLACK"
"HOUSTON BURDETTE","07/10/1991","MALE","BLACK"
"SARAH BURDIC","08/24/1979","FEMALE","WHITE"
"AMEER BURDUN","06/22/1977","MALE","BLACK"
"CYNTHIA BURFORD","05/23/1985","FEMALE","WHITE"
"FRANCIS BURGE","12/31/1960","MALE","WHITE"
"KELVIN BURGE","05/28/1978","MALE","WHITE"
"LEONARD BURGE","06/11/1982","MALE","BLACK"
"RICKEY BURGE","02/04/1966","MALE","WHITE"
"STEPHEN BURGE","08/28/1987","MALE","WHITE"
"CASEY BURGESS","04/29/1975","MALE","WHITE"
"CLIFTON BURGESS","11/21/1989","MALE","WHITE"
"MARK BURGESS","11/28/1963","MALE","WHITE"
"ANTONIO BURGIN","03/28/1983","MALE","BLACK"
"CANTRELL BURGIN","07/24/1979","MALE","BLACK"
"MARSHALL BURGIN","06/09/1985","MALE","BLACK"
"RAYMOND BURK","11/10/1971","MALE","WHITE"
"BLAKE BURKE","01/30/1996","MALE","WHITE"
"DAVID BURKE","07/09/1988","MALE","WHITE"
"CHRISTINA BURKES","01/08/1986","FEMALE","WHITE"
"DEBORAH BURKES","03/21/1958","FEMALE","WHITE"
"MICHAEL BURKES","11/24/1992","MALE","WHITE"
"TRAVIS BURKES","04/04/1982","MALE","BLACK"
"ASHLEY BURKETT","08/06/1989","FEMALE","WHITE"
"CURTIS BURKETT","06/01/1960","MALE","BLACK"
"DANIEL BURKETT","10/15/1979","MALE","BLACK"
"MARTIN BURKETT","03/12/1982","MALE","BLACK"
"MICHAEL BURKETT","05/12/1995","MALE","BLACK"
"CALEB BURKHALTER","10/17/1969","MALE","WHITE"
"CHARLIE BURKHALTER","08/25/1957","MALE","WHITE"
"DARRIN BURKHALTER","06/14/1965","MALE","WHITE"
"AUBREY BURKHAMER","06/08/1956","MALE","WHITE"
"RYAN BURKHARDT","08/22/1983","MALE","WHITE"
"DALLAS BURKHOLDER","03/17/1998","MALE","WHITE"
"ARMANI BURKS","02/18/1997","MALE","BLACK"
"BOBBY BURKS","04/23/1972","MALE","BLACK"
"CHRISTOPHER BURKS","10/26/1978","MALE","WHITE"
"CLEVELAND BURKS","07/04/1979","MALE","BLACK"
"DONNELL BURKS","12/02/1975","MALE","BLACK"
"JAHNMANI BURKS","02/08/1996","MALE","BLACK"
"JAMES BURKS","08/29/1982","MALE","WHITE"
"JEFFREY BURKS","12/17/1989","MALE","WHITE"
"JIMMY BURKS","09/15/1991","MALE","BLACK"
"JOHN BURKS","10/28/1975","MALE","WHITE"
"MICHELLE BURKS","04/11/1995","FEMALE","WHITE"
"RYAN BURKS","02/03/1985","MALE","WHITE"
"WARREN BURKS","08/13/1981","MALE","BLACK"
"XAVIER BURKS","10/14/1993","MALE","BLACK"
"NATHAN BURLESON","03/23/1989","MALE","WHITE"
"CHARLES BURNES","01/29/1991","MALE","BLACK"
"MARCUS BURNES","02/17/1993","MALE","BLACK"
"ARTILIOUS BURNETT","12/01/1973","MALE","BLACK"
"AVERALD BURNETT","09/19/1966","MALE","WHITE"
"CHRISTY BURNETT","01/30/1992","FEMALE","BLACK"
"DAKOTA BURNETT","05/21/1999","MALE","WHITE"
"FELIX BURNETT","02/28/1956","MALE","BLACK"
"IKE BURNETT","09/25/1953","MALE","BLACK"
"JASON BURNETT","07/25/1985","MALE","BLACK"
"JESSE BURNETT","12/29/1995","MALE","WHITE"
"JESSIE BURNETT","02/11/1980","MALE","BLACK"
"JOHN BURNETT","12/08/1974","MALE","WHITE"
"JONATHAN BURNETT","03/13/1983","MALE","WHITE"
"MICHAEL BURNETT","06/18/1989","MALE","WHITE"
"SEAN BURNETT","10/08/2002","MALE","BLACK"
"SEAN BURNETT","03/17/1991","MALE","BLACK"
"ZACH BURNETT","10/18/1996","MALE","WHITE"
"CORY BURNETTE","07/08/1976","MALE","BLACK"
"JEFFREY BURNETTE","07/05/1987","MALE","WHITE"
"RODNEY BURNEY","08/25/1983","MALE","BLACK"
"DAVID BURNHAM","07/09/1981","MALE","WHITE"
"ANTHONY BURNS","09/05/1988","MALE","BLACK"
"BRANDON BURNS","08/16/1982","MALE","WHITE"
"DERRELL BURNS","11/11/1993","MALE","BLACK"
"EARNEST BURNS","06/01/1961","MALE","BLACK"
"FREDRICK BURNS","10/16/1980","MALE","BLACK"
"HERBERT BURNS","09/14/1972","MALE","BLACK"
"JAMES BURNS","08/17/1976","MALE","WHITE"
"JIMMY BURNS","08/31/1974","MALE","WHITE"
"JOHNATHAN BURNS","12/15/1991","MALE","BLACK"
"JOSEPH BURNS","04/20/1958","MALE","WHITE"
"JOSHUA BURNS","01/14/1997","MALE","WHITE"
"JOSHUA BURNS","10/30/1984","MALE","WHITE"
"MICHAEL BURNS","09/14/1990","MALE","BLACK"
"MICKEY BURNS","05/24/1975","MALE","BLACK"
"PATRICK BURNS","07/23/1973","MALE","WHITE"
"ROBERT BURNS","11/29/1963","MALE","WHITE"
"TIMOTHY BURNS","04/03/1971","MALE","BLACK"
"TRAVIS BURNS","10/26/1970","MALE","WHITE"
"CARFINO BURNSIDE","02/15/1983","MALE","BLACK"
"ERIN BURNSIDE","12/31/1983","FEMALE","WHITE"
"KEYSHUN BURNSIDE","05/31/1996","MALE","BLACK"
"LAMARCUS BURNSIDE","02/19/1999","MALE","BLACK"
"MELISSA BURNSIDE","11/27/1978","FEMALE","WHITE"
"ALEXANDER BURRAGE","12/12/1987","MALE","BLACK"
"DEWON BURRAGE","10/07/1986","MALE","BLACK"
"BENNIE BURRELL","04/24/1962","MALE","WHITE"
"DASHIA BURRELL","02/21/1995","FEMALE","BLACK"
"FREDDIE BURRELL","09/19/1961","MALE","BLACK"
"KELVIN BURRELL","06/21/1992","MALE","BLACK"
"TRAVIS BURRELL","01/08/1980","MALE","BLACK"
"TYRONE BURRELL","07/17/1956","MALE","BLACK"
"MARKEL BURRESS","07/24/1994","MALE","BLACK"
"OCTRAVIS BURRESS","06/04/2001","MALE","BLACK"
"EDWARD BURRILL","09/14/1948","MALE","WHITE"
"JUSTIN BURRIS","01/03/1989","MALE","BLACK"
"WILLIAM BURRIS","11/10/1982","MALE","WHITE"
"ASHLEY BURROUGH","10/30/1988","FEMALE","WHITE"
"HORACE BURROWS","01/26/1974","MALE","BLACK"
"JERRY BURRUS","11/14/1975","MALE","WHITE"
"ROBERT BURSE","04/15/1979","MALE","BLACK"
"SHEMAINE BURSE","03/19/1996","MALE","BLACK"
"CALVIN BURST","11/06/1998","MALE","BLACK"
"ALE BURT","01/28/1957","MALE","BLACK"
"AMANDA BURT","11/07/1972","FEMALE","WHITE"
"BLAKE BURT","02/01/1996","MALE","BLACK"
"TRACIE BURT","08/23/1984","FEMALE","WHITE"
"TREDARIUS BURT","11/15/1999","MALE","BLACK"
"JOY BURTCHETT","05/20/1983","FEMALE","WHITE"
"ADETDRICK BURTON","07/28/1998","MALE","BLACK"
"ANDRE BURTON","06/17/1990","MALE","BLACK"
"BRODERICK BURTON","09/11/1980","MALE","BLACK"
"CARLOS BURTON","12/12/1991","MALE","BLACK"
"CLARENCE BURTON","10/03/1982","MALE","BLACK"
"DONALD BURTON","09/16/1973","MALE","BLACK"
"EDMONDS BURTON","04/10/1979","MALE","BLACK"
"ERIN BURTON","04/09/1985","FEMALE","BLACK"
"FREDRICK BURTON","02/19/1979","MALE","BLACK"
"HUNTER BURTON","03/24/1995","MALE","WHITE"
"J B BURTON","02/26/1997","MALE","WHITE"
"JOHN BURTON","06/11/1991","MALE","WHITE"
"JONIEL BURTON","06/11/1979","MALE","BLACK"
"LANCE BURTON","10/24/1987","MALE","WHITE"
"RANDY BURTON","06/20/1957","MALE","WHITE"
"SHAWN BURTON","11/05/1971","MALE","BLACK"
"SYLVESTER BURTON","06/29/1966","MALE","BLACK"
"WALTER BURTON","04/08/1975","MALE","BLACK"
"EDWARDS BURTS","08/02/1995","MALE","BLACK"
"ANGELA BUSBY","08/24/1972","FEMALE","WHITE"
"CHESTER BUSBY","12/25/1984","MALE","WHITE"
"DUSTIN BUSBY","09/26/1994","MALE","WHITE"
"JACOB BUSBY","01/23/1982","MALE","WHITE"
"JAMES BUSBY","08/21/1966","MALE","WHITE"
"JASON BUSBY","09/24/1982","MALE","WHITE"
"ROBERT BUSBY","07/07/1987","MALE","WHITE"
"RONALD BUSBY","01/15/1959","MALE","WHITE"
"BRANDON BUSH","08/05/1977","MALE","WHITE"
"DOMINQUE BUSH","06/25/1988","MALE","BLACK"
"EDWARD BUSH","03/18/1986","MALE","BLACK"
"JONATHAN BUSH","03/08/1986","MALE","WHITE"
"KANNYNE BUSH","12/26/1975","MALE","BLACK"
"MARKRAM BUSH","12/03/1979","MALE","BLACK"
"NIGEL BUSH","03/18/1992","MALE","BLACK"
"RODRIQUES BUSH","01/18/1997","MALE","BLACK"
"TAGH BUSH","05/16/1992","MALE","BLACK"
"URON BUSH","10/24/1977","MALE","BLACK"
"JERRY BUSTIN","05/20/1953","MALE","WHITE"
"RONALD BUTCHER","04/25/1971","MALE","WHITE"
"AHMAD BUTLER","10/11/1988","MALE","BLACK"
"ANTHONY BUTLER","05/17/1978","MALE","BLACK"
"ARSENIO BUTLER","11/04/1987","MALE","BLACK"
"BOBBIE BUTLER","08/05/1980","MALE","WHITE"
"CARRINGTON BUTLER","07/19/1993","MALE","BLACK"
"CHRISTOPHER BUTLER","07/02/1986","MALE","BLACK"
"CHRISTOPHER BUTLER","10/29/1976","MALE","BLACK"
"CHRISTOPHER BUTLER","07/11/1977","MALE","BLACK"
"CHRISTOPHER BUTLER","06/26/1981","MALE","WHITE"
"DEREKIUS BUTLER","08/04/1994","MALE","BLACK"
"EARL BUTLER","05/15/1986","MALE","BLACK"
"ELPERTIS BUTLER","07/04/1978","MALE","BLACK"
"EUGENE BUTLER","07/17/1972","MALE","WHITE"
"GEORGE BUTLER","02/17/1974","MALE","BLACK"
"JAMES BUTLER","06/13/1976","MALE","BLACK"
"JAMYRON BUTLER","09/25/1985","MALE","BLACK"
"JARVIS BUTLER","10/21/1994","MALE","BLACK"
"JASWAN BUTLER","03/11/1996","MALE","BLACK"
"JERMAINE BUTLER","09/04/1993","MALE","BLACK"
"JESSE BUTLER","03/18/1951","MALE","BLACK"
"JONATHAN BUTLER","09/27/1981","MALE","BLACK"
"JOSEPH BUTLER","02/06/1982","MALE","BLACK"
"JOSHUA BUTLER","06/07/1995","MALE","BLACK"
"KURTIS BUTLER","06/05/1985","MALE","BLACK"
"MARQUAEL BUTLER","09/18/1987","MALE","BLACK"
"MATTHEW BUTLER","01/24/1969","MALE","WHITE"
"MILTON BUTLER","08/02/1988","MALE","BLACK"
"NATHANIEL BUTLER","12/24/1992","MALE","WHITE"
"PAUL BUTLER","10/27/1978","MALE","BLACK"
"RICHARD BUTLER","04/06/1971","MALE","BLACK"
"RICKY BUTLER","04/11/1995","MALE","BLACK"
"ROBERT BUTLER","02/05/1972","MALE","BLACK"
"ROBERT BUTLER","12/13/1980","MALE","WHITE"
"ROBERT BUTLER","04/22/1989","MALE","BLACK"
"RONALD BUTLER","10/05/1998","MALE","BLACK"
"SECETTIZ BUTLER","01/02/1980","MALE","BLACK"
"TELAINA BUTLER","12/02/1977","FEMALE","BLACK"
"TERRY BUTLER","07/05/1977","MALE","BLACK"
"TONY BUTLER","07/14/1964","MALE","BLACK"
"TYRONE BUTLER","01/01/1963","MALE","BLACK"
"ZIREE BUTLER","12/29/1996","MALE","BLACK"
"TRAVIS BUTLER JR.","06/12/1988","MALE","BLACK"
"BRYAN BUTT","06/26/1997","MALE","BLACK"
"GREGORY BUTTER","06/11/1982","MALE","WHITE"
"RANDALL BUTTON","09/10/1980","MALE","WHITE"
"CODY BUTTS","01/27/1992","MALE","WHITE"
"THADDEUS BUTTS","04/19/1988","MALE","BLACK"
"TRAVIS BYAIS","04/13/1997","MALE","WHITE"
"JAMES BYARS","01/19/1953","MALE","WHITE"
"SHAWN BYARS","03/16/1979","MALE","WHITE"
"CRYSTIL BYERS","11/24/1986","FEMALE","WHITE"
"DANIEL BYERS","02/20/1986","MALE","WHITE"
"CLINTON BYFORD","06/21/1979","MALE","WHITE"
"RANDALL BYFORD","09/14/1982","MALE","WHITE"
"COURTNEY BYNUM","05/13/1974","MALE","BLACK"
"JAMES BYNUM","08/25/1954","MALE","WHITE"
"JOSHUA BYNUM","04/24/1979","MALE","WHITE"
"ROBIN BYNUM","09/29/1978","FEMALE","WHITE"
"STEPHEN BYNUM","11/25/1983","MALE","WHITE"
"TEVORIS BYNUM","08/09/1976","MALE","BLACK"
"TYLER BYNUM","03/10/2000","MALE","WHITE"
"ANGELINA BYRD","06/18/1964","FEMALE","WHITE"
"BOBBY BYRD","01/07/1998","MALE","BLACK"
"CEDRIC BYRD","04/09/1974","MALE","BLACK"
"CHAD BYRD","08/22/1977","MALE","WHITE"
"CLIFFORD BYRD","02/13/1986","MALE","WHITE"
"CRYSTAL BYRD","07/02/1981","FEMALE","WHITE"
"JEFFREY BYRD","09/01/1987","MALE","WHITE"
"JOSHUA BYRD","07/26/1989","MALE","WHITE"
"LAVOR BYRD","05/12/1986","MALE","BLACK"
"LAWRENCE BYRD","09/24/1971","MALE","WHITE"
"LAXEYVAS BYRD","11/21/1994","MALE","BLACK"
"MATTHEW BYRD","02/27/1981","MALE","WHITE"
"MEGHAN BYRD","04/14/1989","FEMALE","WHITE"
"MITCHELL BYRD","06/06/1990","MALE","WHITE"
"SHON BYRD","08/13/1997","MALE","BLACK"
"HAROLD BYRNE","08/25/1955","MALE","WHITE"
"WILSON BYRON","06/21/1985","MALE","WHITE"
