"TRISTEN CABALLER","08/02/1995","MALE","WHITE"
"PEDRO CABRERA","09/24/1988","MALE","BLACK"
"PRISCILLA CABRERA","10/01/1990","FEMALE","SPANISH"
"WILLIAM CADDELL","11/07/1968","MALE","WHITE"
"DREW CADE","06/25/1987","MALE","WHITE"
"CHRISTOPHER CAFFEY","04/22/1978","MALE","BLACK"
"RODNEY CAFFEY","05/03/1961","MALE","WHITE"
"TRAVIS CAFFIE","07/02/1987","MALE","BLACK"
"ANTWON CAGE","12/25/1994","MALE","BLACK"
"DAVID CAGE","05/25/1980","MALE","BLACK"
"JEREMY CAGE","03/31/1989","MALE","BLACK"
"KELVIN CAGE","11/14/1968","MALE","BLACK"
"BYRON CAGER","04/20/1991","MALE","BLACK"
"DONALD CAGINS","07/29/1978","MALE","BLACK"
"JEREMY CAGINS","11/06/1993","MALE","BLACK"
"COREY CAGLE","07/19/1981","MALE","WHITE"
"DEBORAH CAGLE","02/25/1993","FEMALE","WHITE"
"JACOB CAGLE","12/17/1994","MALE","WHITE"
"JASON CAGLE","07/16/1981","MALE","WHITE"
"ALEXIUS CAIN","09/23/1981","MALE","BLACK"
"AUNDRA CAIN","07/17/1998","MALE","BLACK"
"JERMAINE CAIN","09/29/1986","MALE","BLACK"
"THOMAS CAIN","10/11/1989","MALE","BLACK"
"ASHLEY CALDWELL","08/03/1985","FEMALE","WHITE"
"BOBBY CALDWELL","04/06/1956","MALE","BLACK"
"CORNELIUS CALDWELL","06/27/1978","MALE","BLACK"
"DEJARIOUS CALDWELL","10/03/1987","MALE","BLACK"
"DENARIO CALDWELL","07/03/1997","MALE","BLACK"
"ERIC CALDWELL","01/20/1974","MALE","BLACK"
"GEORGE CALDWELL","06/18/1948","MALE","BLACK"
"MARTIN CALDWELL","06/08/1968","MALE","BLACK"
"MICHAEL CALDWELL","01/10/1981","MALE","WHITE"
"SCOTT CALDWELL","02/07/1972","MALE","WHITE"
"WILBERT CALDWELL","04/17/1959","MALE","BLACK"
"XAVIER CALDWELL","08/20/1998","MALE","BLACK"
"CEDRIC CALHOUN","09/29/1976","MALE","BLACK"
"DEMONDRICK CALHOUN","01/28/1984","MALE","BLACK"
"REGINALD CALHOUN","07/26/1963","MALE","BLACK"
"CORNELIUS CALLAHAN","05/29/1988","MALE","BLACK"
"DECARLOS CALLAHAN","03/18/1994","MALE","BLACK"
"KEITH CALLAHAN","06/09/1960","MALE","WHITE"
"LADARIUS CALLAHAN","07/09/1998","MALE","BLACK"
"MARSHALL CALLAHAN","12/01/1975","MALE","BLACK"
"ROBERT CALLAHAN","01/29/1992","MALE","WHITE"
"TRAMAIN CALLAHAN","08/30/1991","MALE","BLACK"
"ARCELON CALLAIS","03/05/1970","MALE","WHITE"
"DUSTY CALLAIS","07/24/1974","MALE","WHITE"
"DILLON CALLAWAY","12/08/1992","MALE","BLACK"
"JOANIE CALLOWAY","11/13/1992","FEMALE","BLACK"
"LAWRENCE CALLOWAY","02/09/1968","MALE","WHITE"
"REGINALD CALMES","12/29/1976","MALE","BLACK"
"RONNIE CALTON","01/04/1973","MALE","WHITE"
"ROBERT CALVERT","03/06/1982","MALE","BLACK"
"ADAM CALVIN","07/25/1978","MALE","BLACK"
"BILL CALVIN","12/01/1977","MALE","BLACK"
"JAMON CALVIN","04/17/1978","MALE","BLACK"
"JUSTIN CALVIN","01/25/1991","MALE","BLACK"
"YURI CALZADILLA","09/24/1978","MALE","WHITE"
"ERIC CAMACHO","07/29/1974","MALE","SPANISH"
"WILLIAM CAMBY","09/05/1971","MALE","WHITE"
"JAMES CAMEAL","08/17/1975","MALE","BLACK"
"BARBARA CAMERON","07/09/1962","FEMALE","WHITE"
"GREGORY CAMERON","08/30/1983","MALE","BLACK"
"JARIUS CAMERON","06/28/1993","MALE","BLACK"
"MARQUALL CAMERON","03/23/2001","MALE","BLACK"
"RANDY CAMERON","12/16/1967","MALE","BLACK"
"THOMAS CAMERON","11/07/1973","MALE","WHITE"
"TYRE CAMERON","01/27/1991","MALE","BLACK"
"CHARLES CAMP","03/31/1981","MALE","BLACK"
"MICHAEL CAMP","11/28/1955","MALE","WHITE"
"TIMOTHY CAMP","04/29/2000","MALE","WHITE"
"ADARRIOUS CAMPBELL","03/31/1979","MALE","BLACK"
"ANDREEKOUS CAMPBELL","08/09/1978","MALE","BLACK"
"ANDREW CAMPBELL","09/16/1983","MALE","BLACK"
"BERNARD CAMPBELL","08/20/1989","MALE","BLACK"
"BOBBY CAMPBELL","02/05/1968","MALE","WHITE"
"BRIAN CAMPBELL","01/12/1972","MALE","BLACK"
"CHARLES CAMPBELL","10/28/1991","MALE","BLACK"
"CHRISTOPHER CAMPBELL","05/25/1988","MALE","BLACK"
"CLYDE CAMPBELL","05/29/1952","MALE","BLACK"
"DELORES CAMPBELL","09/15/1951","FEMALE","WHITE"
"DEXTER CAMPBELL","01/16/1962","MALE","BLACK"
"DONTRELL CAMPBELL","03/01/1981","MALE","BLACK"
"DREVA CAMPBELL","01/22/1974","MALE","BLACK"
"DWAYNE CAMPBELL","11/15/1961","MALE","WHITE"
"ELBERT CAMPBELL","11/05/1970","MALE","BLACK"
"FRANK CAMPBELL","08/15/1976","MALE","WHITE"
"JACOB CAMPBELL","03/29/1992","MALE","BLACK"
"JARIUS CAMPBELL","08/06/1995","MALE","BLACK"
"JESSIE CAMPBELL","07/12/1954","MALE","BLACK"
"JONATHAN CAMPBELL","05/17/1999","MALE","BLACK"
"KIZZIE CAMPBELL","10/13/1981","FEMALE","BLACK"
"MICHAEL CAMPBELL","08/15/1981","MALE","WHITE"
"NEKILL CAMPBELL","04/30/1976","MALE","BLACK"
"R CAMPBELL","12/04/1960","MALE","BLACK"
"ROBERT CAMPBELL","10/13/1957","MALE","BLACK"
"SEAN CAMPBELL","10/12/1984","MALE","WHITE"
"WAYCO CAMPBELL","09/19/1980","MALE","BLACK"
"WILLIE CAMPBELL","06/12/1976","MALE","BLACK"
"XAVIER CAMPBELL","08/05/1991","MALE","BLACK"
"CARL CAMPER","10/30/1986","MALE","BLACK"
"ROBERT CAMPER","10/01/1970","MALE","BLACK"
"TYREE CAMPHOR","12/10/1991","MALE","BLACK"
"ANDRESS CAMPO- MARQUET","01/25/1987","MALE","SPANISH"
"BOBBY CANADA","02/15/1957","MALE","BLACK"
"RANDY CANADA","12/15/1987","MALE","BLACK"
"RENAE CANADA","03/06/1998","FEMALE","BLACK"
"BRUCE CANADY","03/02/1985","MALE","BLACK"
"GREGORY CANERDY","06/09/1986","MALE","WHITE"
"JEREMY CANERDY","12/31/1980","MALE","WHITE"
"CORNELIUS CANNADY","08/25/1967","MALE","BLACK"
"ANTONIO CANNON","09/04/1979","MALE","BLACK"
"DEVINE CANNON","02/09/1996","MALE","BLACK"
"JUSTIN CANNON","02/11/1983","MALE","WHITE"
"MICHAEL CANNON","08/04/1965","MALE","BLACK"
"MICHAEL CANNON","06/26/1981","MALE","BLACK"
"W.C. CANNON","02/22/1967","MALE","BLACK"
"WILLIE CANNON","08/02/1985","MALE","BLACK"
"KENYON CANON","09/26/1980","MALE","BLACK"
"AMBER CANTRELL","05/14/1993","FEMALE","WHITE"
"CHRISTOPHER CANTRELL","01/21/1982","MALE","WHITE"
"JEFFREY CANTRELL","10/31/1982","MALE","WHITE"
"JOHN CANTRELL","08/01/1966","MALE","WHITE"
"JUSTIN CANTRELL","08/12/1997","MALE","WHITE"
"RICHARD CAPLES","07/08/1974","MALE","WHITE"
"CHRISTIAN CAPOTE","08/01/1985","MALE","WHITE"
"WILLIAM CAPSHAW","05/11/1971","MALE","WHITE"
"ERNEST CAPTAIN","09/07/1951","MALE","BLACK"
"TONY CARADINE","08/11/1972","MALE","BLACK"
"JEREMY CARAVETTA","08/05/1979","MALE","WHITE"
"CHRISTOPHER CARBIN","08/22/1963","MALE","BLACK"
"GARY CARDENAS","09/12/1963","MALE","WHITE"
"MARCO CARDENAS","08/27/1988","MALE","SPANISH"
"HENRY CARDERELLA","04/23/1970","MALE","WHITE"
"JAMES CAREW","04/28/1980","MALE","WHITE"
"DERRICK CAREY","03/05/1986","MALE","BLACK"
"DONALD CAREY","08/22/1982","MALE","BLACK"
"LARRY CAREY","05/17/1980","MALE","BLACK"
"LEONARD CAREY","04/21/1990","MALE","BLACK"
"STERLING CAREY","10/18/1993","MALE","BLACK"
"DANNY CARLISLE","11/10/1959","MALE","WHITE"
"JAMES CARLISLE","10/16/1951","MALE","WHITE"
"KRISTIN CARLISLE","08/20/1984","FEMALE","WHITE"
"RICKY CARLISLE","04/11/1958","MALE","WHITE"
"SHANA CARLISLE","05/15/1978","FEMALE","WHITE"
"DANIEL CARLSON","07/22/1990","MALE","WHITE"
"MONTY CARLYLE","01/07/1964","MALE","WHITE"
"ALICIA CARMACK","10/16/1985","FEMALE","WHITE"
"WILLIAM CARMAN","12/20/1964","MALE","WHITE"
"ROSCHEY CARMEL","12/11/1994","MALE","BLACK"
"LEE CARMICHAEL","02/05/1992","MALE","BLACK"
"LYVANDA CARMICHAEL","02/03/1987","MALE","BLACK"
"JOHN CARNES","09/15/1965","MALE","WHITE"
"BOBBI CARNEY","01/14/1973","FEMALE","WHITE"
"EMILY CARNEY","09/28/1982","FEMALE","WHITE"
"JOSHUA CARNEY","06/08/1985","MALE","WHITE"
"RONALD CARNLEY","02/28/1964","MALE","WHITE"
"SHANNON CARNLEY","05/15/1982","FEMALE","WHITE"
"ANTHONY CAROTHERS","05/24/1985","MALE","BLACK"
"RONNIE CAROTHERS","05/10/1973","MALE","BLACK"
"MALCOLM CAROUTHERS","09/09/1969","MALE","BLACK"
"ALBERT CARPENTER","08/25/1966","MALE","BLACK"
"ALDRICK CARPENTER","11/22/1983","MALE","BLACK"
"ANTHONY CARPENTER","08/16/1984","MALE","BLACK"
"ASHLEY CARPENTER","02/18/1985","FEMALE","WHITE"
"CHRISTOPHER CARPENTER","05/05/1973","MALE","WHITE"
"CHRISTOPHER CARPENTER","12/30/1982","MALE","WHITE"
"DAVID CARPENTER","09/09/1978","MALE","WHITE"
"EDWARD CARPENTER","07/21/1958","MALE","BLACK"
"JAKE CARPENTER","04/22/1981","MALE","WHITE"
"JAMIE CARPENTER","11/16/1985","FEMALE","WHITE"
"JIMMY CARPENTER","07/31/1963","MALE","WHITE"
"JOSEPH CARPENTER","08/23/1995","MALE","BLACK"
"KENNEDY CARPENTER","08/11/1988","MALE","BLACK"
"MARCUS CARPENTER","09/08/1982","MALE","BLACK"
"MARK CARPENTER","10/10/1966","MALE","WHITE"
"MARVIN CARPENTER","03/18/1941","MALE","WHITE"
"MISTY CARPENTER","03/28/1980","FEMALE","WHITE"
"STEPHEN CARPENTER","08/31/1981","MALE","WHITE"
"WALTER CARPENTER","04/27/1931","MALE","BLACK"
"WILLIAM CARPENTER","08/14/1958","MALE","WHITE"
"WILLIAM CARPENTER","08/25/1959","MALE","WHITE"
"ANTHONY CARR","08/22/1965","MALE","BLACK"
"ANTONIO CARR","11/30/1995","MALE","BLACK"
"CLAYTON CARR","09/16/1994","MALE","BLACK"
"COLUMBUS CARR","07/03/1963","MALE","BLACK"
"DONQUE CARR","07/09/1996","MALE","BLACK"
"GREGORY CARR","07/25/1964","MALE","BLACK"
"JAMES CARR","06/17/1994","MALE","BLACK"
"JEFFREY CARR","06/21/1966","MALE","BLACK"
"JEREMY CARR","07/01/1987","MALE","BLACK"
"JERRY CARR","08/20/1987","MALE","BLACK"
"JUSTIN CARR","07/21/1995","MALE","BLACK"
"KIMBERLY CARR","01/06/1970","FEMALE","WHITE"
"LARRY CARR","03/10/1978","MALE","BLACK"
"MARCUS CARR","04/26/1984","MALE","BLACK"
"MAURICE CARR","01/20/1967","MALE","BLACK"
"QUATENOUS CARR","10/27/2000","MALE","BLACK"
"REGINALD CARR","07/03/1985","MALE","BLACK"
"RICHARD CARR","11/10/1963","MALE","BLACK"
"SHANNON CARR","09/24/1972","MALE","WHITE"
"TIMOTHY CARR","03/17/1966","MALE","BLACK"
"TIMOTHY CARR","02/09/1964","MALE","BLACK"
"WILLIAM CARR","04/24/1996","MALE","WHITE"
"VICTOR CARRANSA","11/26/1985","MALE","SPANISH"
"JAMAR CARRIDINE","03/14/1991","MALE","BLACK"
"ROBERT CARRIER","07/29/1972","MALE","WHITE"
"JESSE CARRILLO","06/25/1973","MALE","WHITE"
"JOEY CARROL","05/11/1976","MALE","WHITE"
"BRAXTON CARROLL","04/20/1994","MALE","BLACK"
"CINDY CARROLL","01/15/1969","FEMALE","WHITE"
"COREY CARROLL","02/24/1982","MALE","WHITE"
"DEBRA CARROLL","04/17/1970","FEMALE","WHITE"
"DELDRICK CARROLL","10/10/1971","MALE","BLACK"
"DOUG CARROLL","01/14/1983","MALE","BLACK"
"ERIC CARROLL","10/06/1986","MALE","BLACK"
"GEORGE CARROLL","07/17/1984","MALE","BLACK"
"JONATHAN CARROLL","01/13/1971","MALE","WHITE"
"JUSTIN CARROLL","06/16/1985","MALE","WHITE"
"KENNETH CARROLL","08/26/1976","MALE","WHITE"
"MICHAEL CARROLL","01/13/1983","MALE","WHITE"
"SHAQUETTA CARROLL","09/26/1987","FEMALE","BLACK"
"TONNIE CARROLL","12/19/1967","MALE","BLACK"
"ANTONIO CARROTHERS","09/23/1977","MALE","BLACK"
"ARTHUR CARROTHERS","07/22/1961","MALE","BLACK"
"CALEB CARROTHERS","01/10/1982","MALE","BLACK"
"RODRIGUEZ CARRUTH","04/23/1981","MALE","BLACK"
"JUANITA CARRUTHERS","04/07/1973","FEMALE","BLACK"
"ROLAND CARRUTHERS","09/21/1980","MALE","BLACK"
"WALTER CARRUTHERS","04/01/1986","MALE","BLACK"
"ADOLPH CARSON","11/30/1974","MALE","BLACK"
"DAKOTA CARSON","04/25/1986","MALE","WHITE"
"DEMETRIUS CARSON","09/25/1979","MALE","BLACK"
"JERRY CARSON","11/15/1985","MALE","BLACK"
"NICHOLAS CARSON","08/16/1981","MALE","BLACK"
"QUENTEZ CARSON","05/08/1994","MALE","BLACK"
"ROBERT CARSON","11/24/1989","MALE","BLACK"
"WALTER CARSON","11/14/1967","MALE","BLACK"
"AARON CARTER","09/07/1976","MALE","BLACK"
"ABRON CARTER","09/01/1975","MALE","BLACK"
"ALEX CARTER","09/13/1974","MALE","BLACK"
"ANDREW CARTER","03/10/1975","MALE","WHITE"
"ANTHONY CARTER","06/16/1989","MALE","BLACK"
"ANTONIO CARTER","07/11/1991","MALE","BLACK"
"ANTONIO CARTER","10/07/1966","MALE","BLACK"
"BERNARD CARTER","12/25/1979","MALE","BLACK"
"BEVERLY CARTER","08/26/1978","FEMALE","BLACK"
"BOOKER CARTER","08/11/1982","MALE","BLACK"
"BRANDON CARTER","12/20/1986","MALE","BLACK"
"BRANDON CARTER","12/19/1981","MALE","WHITE"
"BRYANT CARTER","09/04/1968","MALE","WHITE"
"CARLOS CARTER","04/09/1978","MALE","BLACK"
"CASEY CARTER","11/24/1979","MALE","BLACK"
"CEDRIC CARTER","08/15/1977","MALE","BLACK"
"CEDRIC CARTER","11/09/1995","MALE","BLACK"
"CEDRIC CARTER","08/22/1981","MALE","BLACK"
"CHADWICK CARTER","08/14/1985","MALE","BLACK"
"CHANNING CARTER","11/08/1985","MALE","BLACK"
"CHRISTIE CARTER","09/23/1977","FEMALE","WHITE"
"CONTRELL CARTER","09/22/1968","MALE","BLACK"
"CORIE CARTER","07/12/1994","MALE","BLACK"
"CORNELIUS CARTER","06/21/1998","MALE","BLACK"
"CORNELIUS CARTER","03/25/1978","MALE","BLACK"
"DAILAN CARTER","09/28/1993","MALE","BLACK"
"DAMARIUS CARTER","12/18/1993","MALE","BLACK"
"DAVID CARTER","09/27/1984","MALE","BLACK"
"DAVID CARTER","09/09/1967","MALE","BLACK"
"DEON CARTER","07/05/1980","MALE","BLACK"
"DONALD CARTER","11/27/1957","MALE","BLACK"
"DONALD CARTER","01/25/1989","MALE","WHITE"
"DWALIUE CARTER","07/27/1981","MALE","BLACK"
"EMILY CARTER","02/13/1990","FEMALE","WHITE"
"GREGORY CARTER","06/30/1989","MALE","BLACK"
"JAMARCUS CARTER","05/28/1997","MALE","BLACK"
"JAMES CARTER","03/06/1972","MALE","BLACK"
"JAWAYNE CARTER","08/01/1994","MALE","BLACK"
"JAWORSKI CARTER","03/03/1976","MALE","BLACK"
"JEREMY CARTER","07/24/1992","MALE","BLACK"
"JEREMY CARTER","11/23/1998","MALE","BLACK"
"JERRIE CARTER","12/24/1997","MALE","WHITE"
"JIMMY CARTER","10/10/1969","MALE","BLACK"
"JOHN CARTER","11/09/1978","MALE","BLACK"
"JORDAN CARTER","10/12/1997","MALE","BLACK"
"JOSEPH CARTER","10/12/1984","MALE","WHITE"
"JOSHUA CARTER","02/09/1985","MALE","BLACK"
"KATORRIUS CARTER","07/31/1996","MALE","BLACK"
"KELBY CARTER","12/01/1983","FEMALE","WHITE"
"KENNETH CARTER","08/18/1982","MALE","BLACK"
"KENNETH CARTER","06/18/1975","MALE","BLACK"
"KEVIN CARTER","02/05/1974","MALE","BLACK"
"KEZIN CARTER","05/12/1978","MALE","BLACK"
"L CARTER","07/18/1960","MALE","BLACK"
"LARRY CARTER","08/05/1991","MALE","BLACK"
"LOIE CARTER","11/28/1987","MALE","WHITE"
"LONNIE CARTER","02/28/1970","MALE","BLACK"
"MALANDO CARTER","12/10/1975","MALE","BLACK"
"MARC CARTER","05/31/1990","MALE","WHITE"
"MARVIN CARTER","09/17/1976","MALE","BLACK"
"OTIS CARTER","07/01/1989","MALE","BLACK"
"PATRICK CARTER","11/21/1976","MALE","BLACK"
"PERCY CARTER","05/24/1992","MALE","BLACK"
"PRINCE CARTER","08/28/1975","MALE","BLACK"
"QUINTON CARTER","07/19/1994","MALE","BLACK"
"QUINTON CARTER","11/09/1981","MALE","BLACK"
"RICKY CARTER","10/24/1964","MALE","BLACK"
"RICKY CARTER","05/25/1967","MALE","BLACK"
"RODERICK CARTER","09/29/1990","MALE","BLACK"
"ROGER CARTER","02/22/1972","MALE","WHITE"
"TARKESHA CARTER","06/22/1989","FEMALE","BLACK"
"THOMAS CARTER","09/19/1969","MALE","BLACK"
"TIMOTHY CARTER","02/03/1961","MALE","WHITE"
"TIMOTHY CARTER","09/11/1992","MALE","BLACK"
"TONY CARTER","02/13/1981","MALE","BLACK"
"TONY CARTER","06/19/1970","MALE","WHITE"
"TONYA CARTER","09/29/1982","FEMALE","WHITE"
"TRAVIS CARTER","01/18/1982","MALE","BLACK"
"TRISTAN CARTER","05/22/1989","MALE","BLACK"
"TRODARRIUS CARTER","07/17/1993","MALE","BLACK"
"TROY CARTER","09/16/1992","MALE","BLACK"
"TYRICKIOUS CARTER","12/12/1994","MALE","BLACK"
"VINCENT CARTER","03/13/1965","MALE","BLACK"
"WILLIE CARTER","01/29/1960","MALE","BLACK"
"WILLIE CARTER","02/22/1984","MALE","BLACK"
"MONEICK CARTHEN","03/23/1974","FEMALE","BLACK"
"DAVID CARTWRIGHT","02/16/1961","MALE","WHITE"
"ISAIAH CARUTHERS","03/30/2000","MALE","BLACK"
"MARIO CARUTHERS","06/12/1983","MALE","BLACK"
"AARON CARVER","03/21/1982","MALE","BLACK"
"BOBBY CARVER","07/25/1984","MALE","BLACK"
"JAMES CARVER","08/12/1972","MALE","WHITE"
"KATHE CARVER","09/24/1962","FEMALE","WHITE"
"KENNETH CARVER","02/12/1978","MALE","WHITE"
"KENNETH CARVER","06/04/1991","MALE","BLACK"
"MARK CARVER","10/17/1987","MALE","BLACK"
"RICHARD CARVER","11/22/1997","MALE","WHITE"
"ROBERT CARVER","12/30/1994","MALE","WHITE"
"KORTAVIOUS CARWELL","12/21/1991","MALE","BLACK"
"JUSTIN CARWYLE","08/02/1994","MALE","WHITE"
"MICHAEL CASABELLA","12/11/1978","MALE","WHITE"
"SAMUEL CASCIO","12/23/1986","MALE","WHITE"
"ALFRED CASE","07/24/1963","MALE","WHITE"
"JAMES CASE","12/05/1990","MALE","WHITE"
"JASON CASE","12/11/1975","MALE","WHITE"
"LONNIE CASE","08/17/1973","MALE","WHITE"
"LUCAS CASE","08/03/1980","MALE","WHITE"
"MADISON CASE","01/24/1995","MALE","WHITE"
"BRANDI CASEY","09/17/1981","FEMALE","WHITE"
"CHANTZ CASEY","09/12/1997","MALE","WHITE"
"JACQUELINE CASEY","01/10/1965","FEMALE","BLACK"
"KENDA CASEY","12/01/1984","MALE","BLACK"
"KENDRICK CASEY","07/17/1977","MALE","BLACK"
"MERLIN CASEY","09/01/1966","MALE","WHITE"
"MICHAEL CASEY","04/26/1987","MALE","BLACK"
"RAYFIELD CASEY","07/25/1995","MALE","BLACK"
"ROBERT CASEY","02/22/1958","MALE","BLACK"
"DAVID CASHAW","07/07/1962","MALE","BLACK"
"EARNEST CASHAW","12/14/1977","MALE","BLACK"
"KARI CASITY","09/17/1971","FEMALE","WHITE"
"CEDRIC CASON","10/18/1986","MALE","BLACK"
"GLORIA CASON","06/15/1970","FEMALE","WHITE"
"SCOTT CASON","06/29/1987","MALE","BLACK"
"TERRY CASON","09/10/1980","MALE","BLACK"
"SHERRI CASON DARTY","07/25/1974","FEMALE","WHITE"
"TERRICOUS CASSEY","09/08/1991","MALE","BLACK"
"EZEKIEL CASSIDY","01/08/1982","MALE","BLACK"
"KEITH CASSIDY","10/08/1971","MALE","BLACK"
"CHRISTINA CASTEEL","01/10/1981","FEMALE","WHITE"
"RICKY CASTIGLIA","12/18/1990","MALE","WHITE"
"STEVEN CASTILLO","02/19/1997","MALE","SPANISH"
"MONTE CASTJOHN","01/31/1970","MALE","WHITE"
"PAMELA CASTLE","04/13/1982","FEMALE","WHITE"
"DUBOISE CASTON","06/21/1995","MALE","BLACK"
"JOHN CASTON","02/21/1994","MALE","BLACK"
"JOHN CASTON","07/30/1999","MALE","BLACK"
"MERVIN CASTON","02/11/1973","MALE","BLACK"
"PAUL CASTON","08/03/1983","MALE","BLACK"
"RICHARD CASTON","10/20/1971","MALE","WHITE"
"JESUS CASTRO","05/02/1971","MALE","SPANISH"
"JOSE CASTRO","06/02/1976","MALE","SPANISH"
"CEDRIC CATCHINGS","04/10/1979","MALE","BLACK"
"JUAN CATCHINGS","12/04/1992","MALE","BLACK"
"KASSIOUS CATCHINGS","03/29/1976","MALE","BLACK"
"NICHOLAS CATCHINGS","03/05/1986","MALE","BLACK"
"PIERRE CATCHINGS","08/30/1994","MALE","BLACK"
"RODERIC CATCHINGS","03/07/1983","MALE","BLACK"
"TAVALES CATCHINGS","09/22/1980","MALE","BLACK"
"SCOTTY CATER","10/29/1985","MALE","WHITE"
"HEATHER CATES","08/04/1984","FEMALE","WHITE"
"RYAN CATES","03/10/1978","MALE","WHITE"
"ANTHONY CATHEY","02/03/1977","MALE","BLACK"
"RYAN CATLEDGE","02/06/1991","MALE","WHITE"
"JOSEPH CATLING","09/06/1988","MALE","BLACK"
"LOVANDO CATRON","06/27/1983","MALE","BLACK"
"ADAM CAUDILL","08/29/1980","MALE","WHITE"
"JUSTIN CAUDILL","08/04/1985","MALE","WHITE"
"JALEN CAUDLE","07/21/1998","MALE","BLACK"
"MICHAEL CAUGHORN","01/23/1982","MALE","WHITE"
"JOSHUA CAULDER","06/30/1993","MALE","WHITE"
"ALEX CAUSEY","12/08/1989","MALE","BLACK"
"CARLTAVIOUS CAUSEY","05/15/1991","MALE","BLACK"
"MALIK CAUSEY","08/16/1999","MALE","BLACK"
"TED CAUTHEN","05/14/1980","MALE","BLACK"
"DALTON CAVES","06/29/1996","MALE","WHITE"
"DONALD CAVES","01/08/1969","MALE","WHITE"
"ANTHONY CAVETT","06/19/1983","MALE","BLACK"
"JIMMY CAVETT","10/29/1967","MALE","BLACK"
"NICHOLAS CAVETT","11/21/1992","MALE","BLACK"
"PATRICK CAVETT","11/27/1977","MALE","BLACK"
"ROCKY CAVETT","10/05/1960","MALE","BLACK"
"DEROME CAVITT","11/03/1981","MALE","BLACK"
"CHRISTOPHER CAYLOR","08/20/1993","MALE","WHITE"
"MARIO CAYSON","01/15/1989","MALE","BLACK"
"SHERRAINE CAYSON","01/22/1991","FEMALE","BLACK"
"MARCUS CEASAR","01/10/1992","MALE","BLACK"
"JOHNATHAN CECIL","05/14/1985","MALE","WHITE"
"DWAYNE CEDOTAL","08/30/1984","MALE","WHITE"
"WILLIE CENALES","01/01/1983","MALE","BLACK"
"CARRIE CERVANTES","01/29/1991","FEMALE","WHITE"
"DOUGLAS CERVETTI","10/05/1979","MALE","WHITE"
"MICHAEL CHADWICK","03/20/1992","MALE","WHITE"
"DARRELL CHAFFIN","04/01/1969","MALE","BLACK"
"KEVIN CHAIN","12/24/1990","MALE","WHITE"
"RICKY CHAIN","08/12/1989","MALE","WHITE"
"JOHNNY CHAMBERLAIN","04/19/1987","MALE","BLACK"
"LEWIS CHAMBERLAIN","02/15/1939","MALE","WHITE"
"LISA CHAMBERLAIN","09/30/1972","FEMALE","WHITE"
"BRANDON CHAMBERS","10/27/1989","MALE","WHITE"
"CLAYTON CHAMBERS","03/22/1963","MALE","BLACK"
"CLEVELAND CHAMBERS","10/09/1982","MALE","BLACK"
"EDWIN CHAMBERS","11/22/1976","MALE","WHITE"
"GREGORY CHAMBERS","12/21/1992","MALE","BLACK"
"HOUSTON CHAMBERS","10/03/1970","MALE","BLACK"
"KC CHAMBERS","10/25/1983","MALE","WHITE"
"LAMAR CHAMBERS","06/25/1992","MALE","WHITE"
"MONTRELL CHAMBERS","09/09/1991","MALE","BLACK"
"PATRICK CHAMBERS","08/05/1987","MALE","WHITE"
"PERCEY CHAMBERS","07/04/1976","MALE","BLACK"
"RICHARD CHAMBERS","02/23/1981","MALE","BLACK"
"RODWYN CHAMBERS","01/26/1994","MALE","BLACK"
"SHANNA CHAMBERS","05/01/1980","FEMALE","WHITE"
"STAFFORD CHAMBERS","12/01/1968","MALE","BLACK"
"STEVEN CHAMBERS","01/21/1988","MALE","BLACK"
"TREMAIN CHAMBERS","07/02/1974","MALE","BLACK"
"BRYAN CHAMBLEE","06/14/1980","MALE","WHITE"
"JOHNNY CHAMBLISS","10/25/1995","MALE","WHITE"
"ROTHEL CHAMBLISS","09/19/1978","MALE","BLACK"
"NICHOLAS CHAMPAGNE","11/01/1988","MALE","WHITE"
"ROBERT CHAMPAGNE","02/02/1983","MALE","WHITE"
"MICHAEL CHAMPION","07/04/1987","MALE","BLACK"
"MICHAEL CHAMPION","11/16/1989","MALE","BLACK"
"BRITTANY CHANCELLOR","08/08/1986","FEMALE","WHITE"
"HAROLD CHANCELLOR","01/05/1986","MALE","WHITE"
"JAMIL CHANCELLOR","07/16/1994","MALE","BLACK"
"RONNIE CHANCY","12/25/1974","MALE","WHITE"
"ANDREW CHANDAKHAM","06/29/1989","MALE","ASIAN"
"ARSENIO CHANDLER","03/01/1990","MALE","BLACK"
"BRANDON CHANDLER","07/28/1994","MALE","WHITE"
"CHARLES CHANDLER","01/17/1988","MALE","BLACK"
"CHARLES CHANDLER","04/14/1960","MALE","WHITE"
"CURTIS CHANDLER","04/10/1969","MALE","BLACK"
"DESMUN CHANDLER","05/26/1994","MALE","BLACK"
"JIMMY CHANDLER","01/15/1971","MALE","BLACK"
"JOEY CHANDLER","02/04/1986","MALE","BLACK"
"LEWIS CHANDLER","05/15/1971","MALE","BLACK"
"LLOYD CHANDLER","11/25/1960","MALE","WHITE"
"LOUIS CHANDLER","08/18/1967","MALE","WHITE"
"MARCUS CHANDLER","01/02/1980","MALE","BLACK"
"MARSHALL CHANDLER","11/06/1982","MALE","WHITE"
"MARY CHANDLER","03/18/1969","FEMALE","WHITE"
"MELVIN CHANDLER","05/17/1958","MALE","BLACK"
"NATHAN CHANDLER","10/09/1970","MALE","WHITE"
"WILLIAM CHANDLER","09/17/1981","MALE","WHITE"
"BRIAN CHANEY","11/20/1970","MALE","WHITE"
"EDDIE CHANEY","12/13/1969","MALE","BLACK"
"JUSTIN CHANEY","11/19/1988","MALE","BLACK"
"KEENAN CHANEY","11/15/1991","MALE","BLACK"
"MARTEZ CHANEY","05/05/1992","MALE","BLACK"
"MICHEAL CHANEY","05/09/1974","MALE","WHITE"
"JEFFREY CHAPELL","06/19/1961","MALE","WHITE"
"ANTONIO CHAPMAN","12/21/1990","MALE","BLACK"
"ARNOLD CHAPMAN","03/03/1966","MALE","BLACK"
"BARBARA CHAPMAN","04/04/1964","FEMALE","BLACK"
"CASEY CHAPMAN","10/17/1996","MALE","WHITE"
"DANNY CHAPMAN","01/04/1990","MALE","BLACK"
"DOUGLAS CHAPMAN","06/24/1962","MALE","BLACK"
"FABIAN CHAPMAN","08/17/1985","MALE","BLACK"
"HANK CHAPMAN","09/28/1984","MALE","WHITE"
"IRA CHAPMAN","06/25/1963","MALE","BLACK"
"JORDAN CHAPMAN","12/03/1997","MALE","WHITE"
"KENDALL CHAPMAN","01/07/1994","MALE","BLACK"
"KIMBERLY CHAPMAN","07/29/1990","FEMALE","WHITE"
"LARRY CHAPMAN","11/12/1974","MALE","BLACK"
"MARCUS CHAPMAN","08/17/1987","MALE","BLACK"
"REGINALD CHAPMAN","07/02/1983","MALE","BLACK"
"ROBBIE CHAPMAN","05/20/1998","MALE","BLACK"
"ROBERT CHAPMAN","01/11/1974","MALE","BLACK"
"RONALD CHAPMAN","08/17/1978","MALE","WHITE"
"CAREY CHAPPELL","10/09/1968","MALE","WHITE"
"MICHAEL CHAPPELL","03/10/1979","MALE","WHITE"
"MICHAEL CHAPPELL","03/24/1998","MALE","WHITE"
"ROBERT CHAPPELL","03/31/1989","MALE","WHITE"
"THEODORE CHARLES","07/07/1979","MALE","BLACK"
"MARQUIS CHARLESTON","06/27/1989","MALE","BLACK"
"CHARLES CHASE","08/18/1981","MALE","WHITE"
"CHRISTOPHER CHASE","02/09/1978","MALE","BLACK"
"DALTON CHASE","07/18/1993","MALE","WHITE"
"DEVONTA CHASE","08/01/1996","MALE","BLACK"
"RICKY CHASE","02/08/1969","MALE","BLACK"
"DAVID CHATFIELD","11/16/1980","MALE","WHITE"
"ALBERT CHATMAN","09/26/1994","MALE","BLACK"
"CLEVELAND CHATMAN","01/22/1960","MALE","BLACK"
"CLYDE CHATMAN","12/26/1994","MALE","BLACK"
"DERRICK CHATMAN","11/13/1982","MALE","BLACK"
"FRANK CHATMAN","08/13/1969","MALE","BLACK"
"LEBARRON CHATMAN","08/10/1979","MALE","BLACK"
"DAO CHAU","05/04/1971","MALE","ASIAN"
"KEVIN CHAUVIN","08/22/1972","MALE","WHITE"
"JOSE' CHAVERA","04/29/1980","MALE","SPANISH"
"DESHUN CHEATHAM","05/10/1998","MALE","BLACK"
"DEONTE CHEEKS","12/23/1991","MALE","BLACK"
"JAQUARIUS CHERRY","12/10/2000","MALE","BLACK"
"ADAM CHESNEY","07/27/1976","MALE","WHITE"
"JASON CHESS","02/02/1979","MALE","WHITE"
"CHAVIS CHESSER","10/20/1984","MALE","BLACK"
"DAVID CHESSER","02/28/1958","MALE","WHITE"
"DAREX CHESTER","01/11/1976","MALE","BLACK"
"MARK CHEVALIER","01/29/1958","MALE","WHITE"
"KRYSTA CHEWE","02/27/1973","FEMALE","BLACK"
"ASHLEY CHILCOAT","02/18/1992","FEMALE","BLACK"
"BOBBY CHILCUTT","07/05/1976","MALE","WHITE"
"JOSHUA CHILDERS","07/13/1984","MALE","WHITE"
"TERRY CHILDERS","12/14/1959","MALE","WHITE"
"CURTIS CHILDS","11/18/1961","MALE","BLACK"
"SHAQUILLE CHILDS","01/19/1994","MALE","BLACK"
"VERINA CHILDS","05/26/1972","FEMALE","WHITE"
"KELVIN CHILES","01/24/1979","MALE","BLACK"
"ROSHAWN CHILLS","05/15/1994","MALE","BLACK"
"TONY CHILLS","09/12/1975","MALE","BLACK"
"GILBERT CHIM","01/09/1979","MALE","SPANISH"
"ANFERNEE CHIPLIN","10/12/1996","MALE","BLACK"
"DERRICK CHIPLIN","12/20/1973","MALE","BLACK"
"CLINT CHISEM","06/11/1975","MALE","WHITE"
"CHRISTOPHER CHISHOLM","06/30/1975","MALE","WHITE"
"SHELBY CHISHOLM","04/01/1967","MALE","WHITE"
"TONY CHISHOLM","09/28/1980","MALE","BLACK"
"ADAM CHISM","01/21/1979","MALE","BLACK"
"JOHNATHAN CHISM","01/28/1981","MALE","WHITE"
"RHONDA CHISM","08/23/1975","FEMALE","WHITE"
"ARTEA CHLTON","03/28/1987","MALE","BLACK"
"CHARLES CHOUAMON","07/08/1958","MALE","WHITE"
"AUBREY CHRISTIAN","06/15/1978","MALE","WHITE"
"CHRISTOPHER CHRISTIAN","12/17/1984","MALE","WHITE"
"CHRISTOPHER CHRISTIAN","07/03/1983","MALE","BLACK"
"COREY CHRISTIAN","07/17/1991","MALE","WHITE"
"JAHAJAWON CHRISTIAN","11/11/1993","MALE","BLACK"
"LARRY CHRISTIAN","02/11/1986","MALE","WHITE"
"MATTHEW CHRISTIAN","01/28/1996","MALE","WHITE"
"TRAVARIS CHRISTIAN","04/29/1990","MALE","BLACK"
"ANDRE CHRISTIAN COOP","04/29/1989","MALE","BLACK"
"ANNETTE CHRISTIE","07/25/1983","FEMALE","WHITE"
"BRANDON CHRISTIE","09/10/1973","MALE","WHITE"
"JAMIE CHRISTIE","02/14/1980","MALE","WHITE"
"THOMAS CHRISTIE","06/18/1983","MALE","WHITE"
"CHANCELLOR CHRISTMAS","08/12/1984","MALE","BLACK"
"ALVIS CHRISTON","03/22/1977","MALE","BLACK"
"LADARIUS CHRISTON","09/05/1999","MALE","BLACK"
"JACOB CHRISTOPHER","03/03/1984","MALE","BLACK"
"PATRICK CHRISTY","04/27/1967","MALE","WHITE"
"JEREMY CHUNN","11/18/1988","MALE","WHITE"
"THOMAS CHUNN","02/14/1982","MALE","WHITE"
"RONALD CINQMARS","07/10/1974","MALE","WHITE"
"JOSE CISNEROS","02/10/1979","MALE","SPANISH"
"TYRONE CLABORNE","04/05/1968","MALE","BLACK"
"RUSSELL CLACK","05/07/1981","MALE","WHITE"
"KEDARRIYUN CLAIBORNE","01/17/2003","MALE","BLACK"
"OTHNIEL CLAIBORNE","08/04/1960","MALE","BLACK"
"RODERICK CLAIBORNE","08/27/1997","MALE","BLACK"
"TOMMIE CLAIBORNE","08/22/1988","MALE","BLACK"
"DEKARA CLANTON","11/18/1990","MALE","BLACK"
"JOHN CLANTON","04/10/1995","MALE","WHITE"
"LARRY CLANTON","12/18/1970","MALE","BLACK"
"ZACHERY CLANTON","03/08/1989","MALE","WHITE"
"KRISTY CLARDY","08/24/1978","FEMALE","WHITE"
"ALESSI CLARK","09/20/1979","MALE","BLACK"
"ANTHONY CLARK","11/19/1954","MALE","WHITE"
"ARNOLD CLARK","11/07/1956","MALE","WHITE"
"BENJAMIN CLARK","11/30/1983","MALE","WHITE"
"BENNIE CLARK","10/24/1977","MALE","BLACK"
"BOBBY CLARK","02/16/1999","MALE","BLACK"
"BRANDON CLARK","01/20/1991","MALE","WHITE"
"BRIAN CLARK","12/16/1980","MALE","WHITE"
"BRODGERICK CLARK","07/23/1982","MALE","BLACK"
"CEDRIC CLARK","04/02/1984","MALE","BLACK"
"CHRISTOPHER CLARK","01/14/1987","MALE","BLACK"
"CHRISTOPHER CLARK","07/09/1984","MALE","WHITE"
"CHRISTOPHER CLARK","06/19/1981","MALE","WHITE"
"CHRISTOPHER CLARK","12/08/1970","MALE","WHITE"
"CLEVELAND CLARK","02/17/1957","MALE","BLACK"
"CLIFTON CLARK","06/07/1982","MALE","WHITE"
"COLON CLARK","02/13/1991","MALE","BLACK"
"CORNELL CLARK","02/04/1980","MALE","BLACK"
"CURTIS CLARK","11/12/1958","MALE","BLACK"
"DAMON CLARK","12/11/1997","MALE","BLACK"
"DAVID CLARK","02/10/1978","MALE","WHITE"
"DEANGELO CLARK","07/24/1990","MALE","BLACK"
"DEKLASHAI CLARK","08/02/1998","FEMALE","BLACK"
"DEVIN CLARK","09/02/1987","MALE","BLACK"
"DEVIN CLARK","04/10/1995","MALE","BLACK"
"DILLAN CLARK","05/01/1992","MALE","WHITE"
"EBONY CLARK","03/16/1991","FEMALE","BLACK"
"IRVIN CLARK","10/02/1971","MALE","BLACK"
"JACKIE CLARK","06/03/1987","MALE","WHITE"
"JAMES CLARK","12/18/1994","MALE","BLACK"
"JAMES CLARK","10/02/1979","MALE","WHITE"
"JAMES CLARK","11/01/1995","MALE","WHITE"
"JAMES CLARK","08/06/1966","MALE","BLACK"
"JASON CLARK","12/05/1981","MALE","BLACK"
"JEFFERY CLARK","07/25/1965","MALE","BLACK"
"JEFFERY CLARK","05/05/1994","MALE","BLACK"
"JERMIL CLARK","08/31/1989","MALE","BLACK"
"JERRY CLARK","10/25/1952","MALE","BLACK"
"JESSE CLARK","07/07/1972","MALE","BLACK"
"JOHN CLARK","10/25/1979","MALE","BLACK"
"JOHNATHAN CLARK","07/11/1993","MALE","BLACK"
"JOSEPH CLARK","08/31/1959","MALE","WHITE"
"JOSHUA CLARK","05/21/1983","MALE","WHITE"
"JUSTIN CLARK","03/05/1992","MALE","BLACK"
"KEDRICK CLARK","04/22/1979","MALE","BLACK"
"KENNETH CLARK","03/30/1987","MALE","WHITE"
"KEVIN CLARK","02/17/1975","MALE","WHITE"
"KWAME CLARK","09/02/1992","MALE","BLACK"
"LARRY CLARK","06/18/1969","MALE","BLACK"
"LARRY CLARK","01/24/1970","MALE","BLACK"
"LATASHA CLARK","05/18/1978","FEMALE","BLACK"
"MARCUS CLARK","06/08/1991","MALE","BLACK"
"MARCUS CLARK","12/26/1996","MALE","BLACK"
"MARVIN CLARK","03/02/1978","MALE","WHITE"
"MELVIN CLARK","02/24/1988","MALE","BLACK"
"MICKAEL CLARK","09/09/1999","MALE","BLACK"
"MITCHELL CLARK","01/19/1975","MALE","BLACK"
"PAMELA CLARK","01/24/1987","FEMALE","BLACK"
"PARRISH CLARK","07/27/1983","MALE","WHITE"
"PATRICK CLARK","03/15/1966","MALE","BLACK"
"PAUL CLARK","02/04/1988","MALE","WHITE"
"PEREZ CLARK","01/24/1993","MALE","BLACK"
"PORSHA CLARK","09/26/1991","FEMALE","BLACK"
"RACHAEL CLARK","12/07/1985","FEMALE","WHITE"
"RICKY CLARK","07/21/1976","MALE","BLACK"
"ROBERT CLARK","06/28/1982","MALE","WHITE"
"RONALD CLARK","06/15/1980","MALE","BLACK"
"SARAH CLARK","05/15/1993","FEMALE","WHITE"
"SCOTT CLARK","12/03/1977","MALE","WHITE"
"STACY CLARK","08/24/1985","MALE","BLACK"
"STEPHNEY CLARK","02/13/1974","MALE","BLACK"
"TEAONTA CLARK","05/20/1995","MALE","BLACK"
"TERRANCE CLARK","06/28/1976","MALE","BLACK"
"TERREAUNCE CLARK","10/13/1988","MALE","BLACK"
"TIMOTHY CLARK","03/28/1987","MALE","BLACK"
"TOMON CLARK","07/05/1998","MALE","BLACK"
"TONY CLARK","06/19/1980","MALE","BLACK"
"TYRONE CLARK","12/18/1970","MALE","BLACK"
"WILLIAM CLARK","09/09/1981","MALE","WHITE"
"WILLIAM CLARK","09/01/1964","MALE","WHITE"
"XAVIER CLARK","02/20/1999","MALE","BLACK"
"ZEAF CLARK","03/23/1992","MALE","WHITE"
"ZENOBIA CLARK","08/17/1969","FEMALE","BLACK"
"CHRISTOPHER CLAUSELL","03/28/1972","MALE","BLACK"
"EDWARD CLAUSELL","10/25/1992","MALE","BLACK"
"STEVEN CLAUSEN","07/04/1969","MALE","WHITE"
"TODD CLAVERIE","12/05/1972","MALE","WHITE"
"CEDRIC CLAY","12/10/1993","MALE","BLACK"
"CURTIS CLAY","03/23/1997","MALE","BLACK"
"EDWARD CLAY","08/06/1987","MALE","BLACK"
"GEORGE CLAY","09/03/1986","MALE","BLACK"
"HENRY CLAY","07/24/1969","MALE","BLACK"
"LATRAVIS CLAY","12/16/1988","MALE","BLACK"
"LEE CLAY","10/06/1993","MALE","BLACK"
"LEE CLAY","10/17/1987","MALE","BLACK"
"MARC CLAY","07/29/1971","MALE","BLACK"
"REGINALD CLAY","01/28/1968","MALE","BLACK"
"ROBERT CLAY","12/23/1969","MALE","BLACK"
"ROBERT CLAY","11/08/1980","MALE","BLACK"
"TERRY CLAY","05/25/1984","MALE","BLACK"
"TYRONE CLAY","09/02/1974","MALE","BLACK"
"WILBERT CLAY","08/09/1995","MALE","BLACK"
"WILLIAM CLAY","02/11/1954","MALE","BLACK"
"WILLIE CLAY","10/24/1962","MALE","BLACK"
"WILLIE CLAY","11/01/1969","MALE","BLACK"
"AUDREY CLAYBORNE","11/27/1961","FEMALE","BLACK"
"AKOYEA CLAYTON","12/04/1992","MALE","BLACK"
"DANIEL CLAYTON","04/07/1988","MALE","BLACK"
"DORACIO CLAYTON","01/03/1986","MALE","BLACK"
"IRA CLAYTON","08/20/1975","MALE","BLACK"
"KENDRELL CLAYTON","07/23/1996","MALE","BLACK"
"KENDRICK CLAYTON","09/19/1985","MALE","BLACK"
"QUINCY CLAYTON","02/26/1963","MALE","BLACK"
"SCOTTY CLAYTON","10/10/1978","MALE","WHITE"
"THOMAS CLAYTON","08/06/1972","MALE","WHITE"
"WESLEY CLAYTON","11/26/1975","MALE","BLACK"
"ZORRO CLAYTON","06/17/1987","MALE","BLACK"
"DYMOND CLEMENTS","12/23/1993","FEMALE","BLACK"
"EDWARD CLEMENTS","02/10/1970","MALE","WHITE"
"JEFFREY CLEMENTS","02/06/1989","MALE","WHITE"
"RONALD CLEMENTS","06/15/1988","MALE","WHITE"
"CARLOS CLEMMONS","11/07/1978","MALE","BLACK"
"NATHANIEL CLEMMONS","09/22/1957","MALE","BLACK"
"ALFRED CLEMONS","11/29/1976","MALE","BLACK"
"BARBARA CLEMONS","03/26/1948","FEMALE","WHITE"
"BOBBY CLEMONS","04/20/1978","MALE","BLACK"
"CHANDLER CLEMONS","02/15/1969","MALE","BLACK"
"CLATARRIUS CLEMONS","03/21/1990","MALE","BLACK"
"DANIEL CLEMONS","07/16/1981","MALE","WHITE"
"DANYEL CLEMONS","01/29/1973","MALE","BLACK"
"DAVARIOUS CLEMONS","04/15/1992","MALE","BLACK"
"HENRY CLEMONS","04/26/1992","MALE","BLACK"
"HILLMAN CLEMONS","08/09/1983","MALE","BLACK"
"HOWARD CLEMONS","01/15/1964","MALE","WHITE"
"KARDARIUS CLEMONS","03/23/1998","MALE","BLACK"
"KENNETH CLEMONS","11/10/1981","MALE","BLACK"
"MARSHALL CLEMONS","06/28/1978","MALE","BLACK"
"TYLER CLEMONS","04/11/1991","MALE","BLACK"
"WILLIAM CLEMONS","05/10/2000","MALE","BLACK"
"JODY CLESI","08/16/1976","MALE","WHITE"
"DECEDREIOUS CLEVELAND","02/29/1992","MALE","BLACK"
"MERRICK CLEVELAND","10/22/1985","MALE","BLACK"
"ROBERT CLEVELAND","09/25/1993","MALE","WHITE"
"SHEILA CLEVELAND","07/01/1986","FEMALE","WHITE"
"JAMES CLICK","12/13/1984","MALE","WHITE"
"ANTHONY CLIFTON","07/23/1984","MALE","BLACK"
"ARKIE CLIFTON","03/31/1974","MALE","BLACK"
"KORDARRIUS CLIFTON","09/02/1998","MALE","BLACK"
"LAFERIUS CLIFTON","02/04/1994","MALE","BLACK"
"MARTY CLIFTON","04/08/1979","MALE","WHITE"
"RICHARD CLIFTON","04/02/1980","MALE","WHITE"
"RODERICK CLIFTON","08/15/1977","MALE","BLACK"
"SHADRICK CLIFTON","07/06/1992","MALE","BLACK"
"CHARLES CLIMER","07/01/1971","MALE","WHITE"
"CHARLES CLINCY","02/19/1975","MALE","BLACK"
"DEMARCUS CLINCY","12/18/1978","MALE","BLACK"
"ROY CLINCY","02/23/1960","MALE","BLACK"
"WILLIE CLINCY","02/21/1980","MALE","BLACK"
"CHAD CLINGAN","02/08/1999","MALE","WHITE"
"CHELSEY CLINGAN","10/14/1997","FEMALE","WHITE"
"MARCQUES CLINTON","01/20/2001","MALE","BLACK"
"CHRISTOPHER CLIPPARD","10/09/1976","MALE","WHITE"
"JOSHUA CLOVER","08/28/1982","MALE","WHITE"
"JAMES CLUFF","03/08/1962","MALE","WHITE"
"ROCKY CLUFF","09/29/1988","MALE","WHITE"
"CHRISTOPHER COACHMAN","03/22/1975","MALE","BLACK"
"SONYA COALE","08/26/1969","FEMALE","WHITE"
"JOSEPH COATES","01/05/1990","MALE","WHITE"
"DENNIS COATS","04/17/1971","MALE","WHITE"
"MARCUS COATS","12/10/1985","MALE","BLACK"
"NICHOLAS COATS","06/28/1996","MALE","BLACK"
"ROY COATS","02/18/1959","MALE","BLACK"
"BILLY COBB","03/21/1971","MALE","WHITE"
"BOBBY COBB","02/27/1989","MALE","WHITE"
"MICHAEL COBB","05/04/1965","MALE","BLACK"
"SETH COBB","10/10/1992","MALE","WHITE"
"KARANJA COBBERT","01/15/1972","MALE","BLACK"
"MICHAEL COBBS","01/09/1978","MALE","BLACK"
"SAVANNAH COBLE","09/12/1995","FEMALE","WHITE"
"BRANDON COCHRAN","12/17/1991","MALE","WHITE"
"JESSICA COCHRAN","09/13/1994","FEMALE","WHITE"
"KATHERINE COCHRAN","03/30/1975","FEMALE","WHITE"
"KENNETH COCHRAN","09/16/1966","MALE","WHITE"
"MICHAEL COCHRAN","03/15/1965","MALE","WHITE"
"MICHAEL COCHRAN","05/29/1987","MALE","BLACK"
"MITCHELL COCHRAN","03/12/1989","MALE","WHITE"
"RICHARD COCHRAN","05/21/1972","MALE","WHITE"
"TIMOTHY COCHRAN","04/14/1966","MALE","WHITE"
"DERRICK COCKERHAM","12/15/1981","MALE","BLACK"
"LATHAM COCKERHAM","01/22/1981","MALE","WHITE"
"JESSE COCKRELL","11/30/1995","MALE","WHITE"
"KEITH COCKRELL","01/16/1980","MALE","WHITE"
"CHARLES COFFEY","02/12/1940","MALE","WHITE"
"MARK COFFEY","06/01/1990","MALE","WHITE"
"RAYMOND COFFEY","10/15/1999","MALE","BLACK"
"WILLIE COFFEY","06/21/1981","MALE","BLACK"
"CHIVAS COGAR","09/10/1992","MALE","BLACK"
"D'VON COGBURN","02/25/1992","MALE","BLACK"
"TERRENCE COGGINS","10/13/1988","MALE","BLACK"
"BRENT COHRAN","06/16/1990","MALE","WHITE"
"CHRISTOPHER COKER","10/02/1989","MALE","WHITE"
"DONALD COKER","09/15/1965","MALE","WHITE"
"HIRAM COKER","04/14/1971","MALE","WHITE"
"RANDY COKER","05/09/1982","MALE","WHITE"
"SETH COKER","08/08/1983","MALE","WHITE"
"WILLIE COKER","12/14/1965","MALE","BLACK"
"JEREMY COLAN","03/16/1986","MALE","WHITE"
"DAMION COLBERT","10/25/2000","MALE","BLACK"
"JARVIS COLBERT","07/26/1985","MALE","BLACK"
"ANTON COLBURN","07/28/1974","MALE","BLACK"
"EARLENE COLBURN","02/16/1952","FEMALE","WHITE"
"LERANCE COLBURN","12/30/1981","MALE","BLACK"
"STEVEN COLBY","08/31/1994","MALE","WHITE"
"CHRISTOPHER COLE","09/10/1985","MALE","BLACK"
"CORTEZ COLE","08/31/1995","MALE","BLACK"
"COURTNEY COLE","12/07/1985","MALE","BLACK"
"DANDRE COLE","01/13/1990","MALE","BLACK"
"ERIC COLE","09/20/1985","MALE","BLACK"
"JACK COLE","02/13/1996","MALE","WHITE"
"JERROD COLE","08/01/1989","MALE","WHITE"
"JIMMY COLE","08/17/1969","MALE","BLACK"
"JOE COLE","02/28/1951","MALE","WHITE"
"JOHN COLE","09/08/1972","MALE","BLACK"
"KAMAYI COLE","06/30/1994","MALE","BLACK"
"KENSTEVE COLE","12/16/1997","MALE","BLACK"
"LA TERRENCE COLE","05/19/1978","MALE","BLACK"
"LESLEY COLE","10/27/1983","MALE","WHITE"
"MARCUS COLE","08/01/1965","MALE","BLACK"
"MARCUS COLE","10/06/1983","MALE","BLACK"
"MICHAEL COLE","11/17/1963","MALE","BLACK"
"MONICA COLE","06/27/1972","FEMALE","WHITE"
"ORLANDO COLE","04/15/1984","MALE","BLACK"
"RENARD COLE","08/08/1981","MALE","BLACK"
"ROBERT COLE","03/28/1962","MALE","WHITE"
"SHANTRAIL COLE","04/16/1984","MALE","BLACK"
"STANLEY COLE","06/06/1983","MALE","BLACK"
"TIMOTHY COLE","04/20/1978","MALE","BLACK"
"WESLEY COLE","07/06/1986","MALE","WHITE"
"WESLEY COLE","03/30/1982","MALE","WHITE"
"ANTONIO COLEMAN","01/08/1986","MALE","BLACK"
"ANTRON COLEMAN","01/29/1993","MALE","BLACK"
"ARKEL COLEMAN","03/16/1996","MALE","BLACK"
"BRYAN COLEMAN","06/13/1992","MALE","BLACK"
"CHANCE COLEMAN","04/14/1989","MALE","WHITE"
"CHARLES COLEMAN","07/31/1965","MALE","BLACK"
"CHESTER COLEMAN","07/11/1985","MALE","BLACK"
"CHRISTOPHER COLEMAN","05/28/1991","MALE","BLACK"
"CHRISTOPHER COLEMAN","05/02/1990","MALE","BLACK"
"CLAUDE COLEMAN","11/08/1964","MALE","WHITE"
"COREY COLEMAN","11/29/1995","MALE","WHITE"
"CRANDON COLEMAN","02/19/1985","MALE","BLACK"
"CRISSY COLEMAN","12/17/1987","FEMALE","WHITE"
"DARIUS COLEMAN","06/03/1992","MALE","BLACK"
"DARIUS COLEMAN","12/06/1985","MALE","BLACK"
"DAVID COLEMAN","07/08/1976","MALE","BLACK"
"DEMARIO COLEMAN","05/18/1988","MALE","BLACK"
"DEPEYTRIC COLEMAN","08/14/2001","MALE","BLACK"
"DEQUAN COLEMAN","04/11/1995","MALE","BLACK"
"DEQUARIO COLEMAN","05/19/1991","MALE","BLACK"
"DEVEION COLEMAN","01/17/1995","MALE","BLACK"
"DONALD COLEMAN","09/30/1964","MALE","WHITE"
"DONALD COLEMAN","03/22/1958","MALE","BLACK"
"EDDIE COLEMAN","03/01/1993","MALE","BLACK"
"HAKEEM COLEMAN","03/05/1992","MALE","BLACK"
"HENRY COLEMAN","08/29/1979","MALE","BLACK"
"JASHON COLEMAN","11/14/1995","MALE","BLACK"
"JESSIE COLEMAN","07/03/1985","MALE","WHITE"
"JOE COLEMAN","01/24/1962","MALE","WHITE"
"JOE COLEMAN","01/30/1981","MALE","WHITE"
"JOHNNY COLEMAN","08/05/1963","MALE","BLACK"
"JOHNNY COLEMAN","02/12/1971","MALE","BLACK"
"KIRK COLEMAN","01/06/1974","MALE","BLACK"
"KODY COLEMAN","07/19/1993","MALE","WHITE"
"LADARIAN COLEMAN","12/16/1998","MALE","BLACK"
"LASHUM COLEMAN","10/27/1975","MALE","BLACK"
"LEROY COLEMAN","01/23/1968","MALE","BLACK"
"MARCELLOS COLEMAN","04/17/1971","MALE","BLACK"
"MICHAEL COLEMAN","06/24/1986","MALE","BLACK"
"MICHAEL COLEMAN","01/26/1974","MALE","WHITE"
"NATHANIEL COLEMAN","03/15/1988","MALE","BLACK"
"OBRIAN COLEMAN","03/02/1993","MALE","BLACK"
"PATRICK COLEMAN","07/25/1982","MALE","BLACK"
"PHELIPHAE COLEMAN","10/11/1972","MALE","BLACK"
"PRENTISS COLEMAN","06/13/1963","MALE","BLACK"
"RAYMOND COLEMAN","08/27/1982","MALE","BLACK"
"RICKY COLEMAN","12/23/1968","MALE","BLACK"
"ROKETA COLEMAN","08/30/1980","FEMALE","BLACK"
"RONALD COLEMAN","03/13/1964","MALE","BLACK"
"SAMUEL COLEMAN","05/10/1995","MALE","BLACK"
"STANLEY COLEMAN","10/27/1960","MALE","BLACK"
"TALRON COLEMAN","06/15/1990","MALE","BLACK"
"TAVARIS COLEMAN","01/15/1995","MALE","BLACK"
"TERRY COLEMAN","06/08/1970","MALE","BLACK"
"THOMAS COLEMAN","01/29/1975","MALE","WHITE"
"TIFFANY COLEMAN","05/21/1978","FEMALE","BLACK"
"TRACY COLEMAN","02/23/1993","MALE","BLACK"
"TYRONE COLEMAN","11/09/1998","MALE","BLACK"
"VANTORIAN COLEMAN","10/05/1999","MALE","BLACK"
"WALTER COLEMAN","06/21/1950","MALE","BLACK"
"WILBERT COLEMAN","05/04/1985","MALE","BLACK"
"WILLIAM COLEMAN","01/20/1992","MALE","BLACK"
"VISHITTI COLEMAN-GAINES","11/22/1984","FEMALE","BLACK"
"IKEHEEM COLENBURG","04/21/1991","MALE","BLACK"
"TONY COLES","03/19/1977","MALE","BLACK"
"LARRY COLEY","10/11/1978","MALE","WHITE"
"SHAWN COLEY","06/14/1982","MALE","WHITE"
"JUSTIN COLLETT","12/27/1985","MALE","WHITE"
"TRAVIS COLLEY","05/23/1990","MALE","BLACK"
"JEFFREY COLLIE","04/27/1980","MALE","BLACK"
"CHARLES COLLIER","10/25/1981","MALE","WHITE"
"DESHAYE COLLIER","05/03/1976","MALE","BLACK"
"JAMES COLLIER","05/27/1955","MALE","WHITE"
"JERRY COLLIER","04/04/1960","MALE","BLACK"
"JIMMIE COLLIER","03/26/1977","MALE","BLACK"
"LARRY COLLIER","10/12/1972","MALE","BLACK"
"LYNN COLLIER","09/16/1994","MALE","BLACK"
"NATHAN COLLIER","08/01/1980","MALE","WHITE"
"ROBERT COLLIER","07/24/1968","MALE","BLACK"
"ROSHAD COLLIER","04/10/1996","MALE","BLACK"
"AARON COLLINS","08/10/1992","MALE","BLACK"
"ALBERT COLLINS","11/04/1980","MALE","BLACK"
"ANTHONY COLLINS","07/23/1964","MALE","BLACK"
"ANTHONY COLLINS","09/30/1981","MALE","BLACK"
"ANTONIO COLLINS","04/21/1980","MALE","BLACK"
"ARETA COLLINS","09/11/1985","MALE","BLACK"
"ARICK COLLINS","11/26/1986","MALE","BLACK"
"CEDRIC COLLINS","01/28/1990","MALE","BLACK"
"CEDRIC COLLINS","04/13/1994","MALE","BLACK"
"COREY COLLINS","11/17/1984","MALE","BLACK"
"DAMION COLLINS","11/06/1984","MALE","BLACK"
"DARIUS COLLINS","06/06/1996","MALE","BLACK"
"DAVID COLLINS","02/28/1979","MALE","BLACK"
"DEVON COLLINS","08/24/1994","MALE","BLACK"
"DEWAYNE COLLINS","06/21/1993","MALE","BLACK"
"DON TRAY COLLINS","01/27/1989","MALE","BLACK"
"EMILE COLLINS","05/07/1969","MALE","BLACK"
"ERNEST COLLINS","11/16/1962","MALE","WHITE"
"ESTILL COLLINS","07/01/1984","MALE","WHITE"
"HENRY COLLINS","06/09/1981","MALE","BLACK"
"JAIRUS COLLINS","04/18/1985","MALE","BLACK"
"JARVIS COLLINS","09/01/1991","MALE","BLACK"
"JASON COLLINS","05/18/1983","MALE","WHITE"
"JEFFERY COLLINS","02/03/1997","MALE","BLACK"
"JEREMY COLLINS","10/29/1983","MALE","WHITE"
"JERRI COLLINS","03/13/1996","MALE","BLACK"
"JOSHUA COLLINS","10/07/1971","MALE","WHITE"
"KEITH COLLINS","08/05/1983","MALE","BLACK"
"KELSEY COLLINS","01/14/1995","MALE","BLACK"
"KEVIN COLLINS","12/02/1965","MALE","BLACK"
"LA'FREDRICK COLLINS","06/02/1992","MALE","BLACK"
"LAMARCUS COLLINS","08/19/1990","MALE","BLACK"
"LARRY COLLINS","01/10/1964","MALE","BLACK"
"LENDELL COLLINS","08/10/1981","MALE","BLACK"
"MARCUS COLLINS","09/13/1984","MALE","BLACK"
"MARQUEZE COLLINS","02/03/1987","MALE","BLACK"
"MATTHEW COLLINS","09/29/1983","MALE","WHITE"
"MELVIN COLLINS","12/25/1959","MALE","BLACK"
"MICHAEL COLLINS","08/11/1984","MALE","WHITE"
"PERRY COLLINS","02/28/1992","MALE","BLACK"
"RALANDO COLLINS","11/14/1984","MALE","BLACK"
"RARICOS COLLINS","07/04/1989","MALE","BLACK"
"ROBERT COLLINS","02/26/1989","MALE","BLACK"
"TAVARIS COLLINS","02/28/1980","MALE","BLACK"
"TERRANCE COLLINS","05/12/1984","MALE","BLACK"
"TERRANCE COLLINS","11/16/1984","MALE","BLACK"
"TOMMIE COLLINS","02/05/1962","MALE","BLACK"
"VANESSA COLLINS","11/20/1979","FEMALE","WHITE"
"WILLIAM COLLINS","03/13/1968","MALE","BLACK"
"WILLIE COLLINS","01/08/1986","MALE","BLACK"
"ZJAHNESE COLLINS","01/10/1987","FEMALE","BLACK"
"BILLY COLLUM","10/12/1989","MALE","WHITE"
"CATHERINE COLLUM","07/13/1985","FEMALE","BLACK"
"CHARLES COLLUM","01/29/1974","MALE","WHITE"
"JAMERIO COLLUM","10/17/2002","MALE","BLACK"
"DAVID COLLUMS","04/28/1993","MALE","WHITE"
"DULANEY COLLUMS","07/26/1993","MALE","WHITE"
"BOBBI COLSON","12/07/1978","FEMALE","WHITE"
"CORNELIUS COLTER","12/07/1972","MALE","BLACK"
"JAMES COLTON","03/17/1966","MALE","BLACK"
"JOHNNY COLTON","08/14/1965","MALE","BLACK"
"JAYLAN COLVIN","02/15/1998","MALE","BLACK"
"KODA COLVIN","05/14/1975","MALE","BLACK"
"JONATHAN COMANS","09/08/1995","MALE","WHITE"
"TYLER COMANS","12/20/1994","MALE","WHITE"
"STEPHEN COMBS","07/17/1952","MALE","WHITE"
"SAMMY COMBY","07/13/1990","MALE","AMERICAN"
"EDGAR COMMODORE","06/06/1980","MALE","BLACK"
"BRYAN COMSTOCK","07/23/1976","MALE","WHITE"
"JASON CONAWAY","03/03/1979","MALE","WHITE"
"BRYCE CONE","09/15/1989","MALE","BLACK"
"BREANNA CONERLY","03/31/1992","FEMALE","BLACK"
"MALCOLM CONERLY","12/02/1987","MALE","BLACK"
"PAUL CONGLETON","08/14/1984","MALE","WHITE"
"AARON CONKLIN","04/18/1983","MALE","WHITE"
"RICHARD CONKLIN","05/11/1979","MALE","WHITE"
"WALTER CONLEE","10/01/1967","MALE","WHITE"
"ANTONIO CONLEY","04/09/1985","MALE","BLACK"
"CHANCE CONLEY","11/11/1998","MALE","WHITE"
"DONALD CONLEY","02/26/1955","MALE","WHITE"
"GLEN CONLEY","12/21/1969","MALE","BLACK"
"JOE CONLEY","11/06/1979","MALE","BLACK"
"SHYHEIM CONLEY","08/12/1996","MALE","BLACK"
"WILLIAM CONLEY","01/29/1973","MALE","WHITE"
"JAMES CONN","08/12/1989","MALE","WHITE"
"JOSHUA CONN","06/27/1993","MALE","WHITE"
"JAMES CONNELL","03/15/1983","MALE","WHITE"
"JESSICA CONNELL","08/11/1986","FEMALE","WHITE"
"RODNEY CONNELL","04/11/1977","MALE","WHITE"
"THOMAS CONNELL","08/16/1963","MALE","WHITE"
"AMELIA CONNER","07/12/1965","FEMALE","WHITE"
"ANDRE CONNER","07/08/1979","MALE","BLACK"
"ANTONIO CONNER","06/14/1988","MALE","BLACK"
"DARYL CONNER","09/05/1964","MALE","BLACK"
"DONTE CONNER","03/19/1981","MALE","BLACK"
"GERALD CONNER","09/22/1956","MALE","BLACK"
"JAMES CONNER","02/03/1961","MALE","WHITE"
"JOSEPH CONNER","05/26/1991","MALE","WHITE"
"KADEEM CONNER","08/08/1998","MALE","BLACK"
"KENDRICK CONNER","06/14/1971","MALE","BLACK"
"MICHAEL CONNER","10/07/1976","MALE","BLACK"
"QUENTIN CONNER","06/03/1994","MALE","BLACK"
"RAYSHAUN CONNER","02/12/1982","MALE","BLACK"
"RONNIE CONNER","05/01/1959","MALE","BLACK"
"TAYLOR CONNER","04/29/1994","MALE","BLACK"
"TRAVIOUS CONNER","02/09/1996","MALE","BLACK"
"WALTER CONNER","08/17/1978","MALE","BLACK"
"WESLEY CONNER","06/06/2001","MALE","BLACK"
"ZACHARY CONNER","10/10/1984","MALE","BLACK"
"LARRY CONNERLY","10/04/1960","MALE","BLACK"
"CLIFTON CONNERS","06/12/1967","MALE","BLACK"
"JAMES CONNERS","07/21/1967","MALE","BLACK"
"JAMES CONNERS","08/20/1953","MALE","WHITE"
"ANTONIO CONNETTI","01/10/1989","MALE","WHITE"
"CHARLES CONNETTI","04/13/1990","MALE","WHITE"
"CHARLES CONRAD","01/05/1986","MALE","BLACK"
"CHRISTOPHER CONRAD","11/19/1980","MALE","WHITE"
"KENDARISH CONRAD","04/21/1992","MALE","BLACK"
"EARNEST CONROD","11/27/1932","MALE","BLACK"
"DEREK CONWAY","12/31/1978","MALE","WHITE"
"GARY CONWAY","01/23/1988","MALE","WHITE"
"JACOB CONWAY","09/11/1992","MALE","WHITE"
"JAMERON CONWAY","05/29/1992","MALE","BLACK"
"MICIHAEL CONWAY","01/19/1988","MALE","BLACK"
"JAMES CONWILL","07/04/1974","MALE","WHITE"
"ROBERT CONWILL","06/04/1992","MALE","WHITE"
"SAMUEL CONWILL","03/26/1978","MALE","WHITE"
"DESMOND COOGAN","11/11/1957","MALE","WHITE"
"ALVIN COOK","03/24/1986","MALE","BLACK"
"BENJAMIN COOK","05/14/1953","MALE","BLACK"
"BENNECHIA COOK","09/14/1983","FEMALE","BLACK"
"BOBBY COOK","09/03/1988","MALE","WHITE"
"BRADLEY COOK","03/28/1992","MALE","WHITE"
"BRANDON COOK","05/06/1987","MALE","WHITE"
"CHARLES COOK","12/29/1988","MALE","BLACK"
"CHRIS COOK","06/17/1985","MALE","WHITE"
"CHRISTOPHER COOK","11/07/1981","MALE","BLACK"
"COLBY COOK","10/18/1974","MALE","BLACK"
"DAMON COOK","12/12/1969","MALE","WHITE"
"DANIEL COOK","12/03/1982","MALE","WHITE"
"DEMETRIC COOK","12/31/1993","MALE","BLACK"
"DONALD COOK","10/06/1982","MALE","WHITE"
"FREDERICK COOK","02/07/1980","MALE","BLACK"
"GREGORY COOK","03/10/1961","MALE","WHITE"
"JAMES COOK","12/06/1991","MALE","WHITE"
"JAMOINE COOK","05/01/1997","MALE","BLACK"
"JARED COOK","08/26/1982","MALE","WHITE"
"JATORREY COOK","11/15/1993","MALE","BLACK"
"JERRARD COOK","04/10/1985","MALE","BLACK"
"JERRY COOK","02/13/1987","MALE","WHITE"
"JOSEPH COOK","10/06/1977","MALE","WHITE"
"KALEY COOK","09/25/1996","FEMALE","WHITE"
"KEITH COOK","06/17/1988","MALE","BLACK"
"KENNETH COOK","02/22/1979","MALE","WHITE"
"LARRY COOK","08/10/1959","MALE","BLACK"
"MARY COOK","12/13/1979","FEMALE","WHITE"
"MICHAEL COOK","11/06/1992","MALE","WHITE"
"NATHAN COOK","08/18/1990","MALE","WHITE"
"REBECCA COOK","03/15/1968","FEMALE","BLACK"
"ROBERT COOK","11/21/1960","MALE","WHITE"
"SCOTT COOK","07/29/1980","MALE","WHITE"
"TOMMY COOK","01/05/1982","MALE","WHITE"
"TYLER COOK","12/12/1993","MALE","WHITE"
"VICTOR COOK","05/09/1969","MALE","BLACK"
"WILLIAM COOK","04/26/1985","MALE","WHITE"
"WILLIAM COOK","08/12/1965","MALE","WHITE"
"DONTELL COOKE","12/29/1977","MALE","BLACK"
"ALVIN COOKS","01/27/1981","MALE","BLACK"
"JERMAINE COOKS","07/18/1985","MALE","BLACK"
"MICHAEL COOKS","01/06/1996","MALE","BLACK"
"RODERICK COOKS","03/13/1979","MALE","BLACK"
"DOUGLAS COOKSEY","09/07/1976","MALE","WHITE"
"ANGELA COOLEY","11/23/1972","FEMALE","WHITE"
"BENTON COOLEY","08/10/1976","MALE","WHITE"
"DONNIE COOLEY","04/30/1979","MALE","BLACK"
"FREDERICK COOLEY","01/15/1980","MALE","BLACK"
"GAYLON COOLEY","04/17/1975","MALE","WHITE"
"JAMES COOLEY","07/26/1983","MALE","BLACK"
"JEREMY COOLEY","07/14/2000","MALE","BLACK"
"JEREMY COOLEY","02/02/1976","MALE","WHITE"
"JOHNATHAN COOLEY","03/28/1995","MALE","BLACK"
"KENDRICK COOLEY","01/15/1981","MALE","BLACK"
"MARKEL COOLEY","11/03/1996","MALE","BLACK"
"TOMMY COOLEY","12/17/1967","MALE","WHITE"
"TRAVIS COOLEY","03/27/1991","MALE","WHITE"
"VICKI COOLEY","01/25/1961","FEMALE","WHITE"
"WILLIAM COOLEY","10/02/1974","MALE","WHITE"
"WILLIS COOLEY","03/16/1975","MALE","BLACK"
"ZACHARY COOLEY","12/17/1997","MALE","BLACK"
"CARL COONS","01/07/1977","MALE","WHITE"
"ALLAN COOPER","04/08/1947","MALE","WHITE"
"ANTONIO COOPER","01/08/1983","MALE","BLACK"
"BILLY COOPER","12/10/1955","MALE","BLACK"
"BRIAN COOPER","12/23/1981","MALE","WHITE"
"BRION COOPER","02/09/1976","MALE","BLACK"
"CEDRIC COOPER","04/18/1991","MALE","BLACK"
"CHRISTOPHER COOPER","07/22/1971","MALE","WHITE"
"CHRISTOPHER COOPER","09/02/1980","MALE","WHITE"
"CHRISTY COOPER","09/08/1987","FEMALE","WHITE"
"CORDERRA COOPER","07/27/1991","MALE","BLACK"
"DAMION COOPER","01/05/1993","MALE","BLACK"
"DONNELL COOPER","08/23/1974","MALE","BLACK"
"GRANGIE COOPER","01/22/1989","MALE","BLACK"
"JAMES COOPER","09/22/1982","MALE","WHITE"
"JEFFERY COOPER","02/15/1970","MALE","BLACK"
"JOHN COOPER","11/24/1977","MALE","WHITE"
"JUSTIN COOPER","03/14/1989","MALE","WHITE"
"KENNETH COOPER","09/10/1985","MALE","WHITE"
"KRYE COOPER","01/30/1986","MALE","BLACK"
"MANUEL COOPER","07/26/1968","MALE","WHITE"
"MICHAEL COOPER","04/14/1970","MALE","WHITE"
"NATHANIEL COOPER","01/08/1985","MALE","BLACK"
"PATRICK COOPER","02/01/1981","MALE","BLACK"
"QUAMANE COOPER","07/21/1989","MALE","BLACK"
"RANDALL COOPER","07/08/1993","MALE","BLACK"
"RICHARD COOPER","06/26/1957","MALE","WHITE"
"RICO COOPER","03/07/1987","MALE","BLACK"
"TERRY COOPER","10/16/2000","MALE","BLACK"
"TRENT COOPER","02/28/1967","MALE","BLACK"
"TYRONE COOPER","02/16/1992","MALE","BLACK"
"WILLIAM COOPER","01/15/1973","MALE","BLACK"
"DASHUN COOPERWOOD","01/03/1998","MALE","BLACK"
"GEORGE COOPERWOOD","10/07/1984","MALE","BLACK"
"TOREAN COOPERWOOD","10/05/1978","MALE","BLACK"
"JOSHUA COOPERYOUNG","07/21/1982","MALE","BLACK"
"BILLY COPELAND","01/20/1956","MALE","BLACK"
"JASPER COPELAND","01/08/1988","MALE","BLACK"
"JERMAINE COPELAND","01/08/1988","MALE","BLACK"
"JORDAN COPELAND","08/07/1997","MALE","BLACK"
"PERRONSKI COPELAND","01/26/1995","MALE","BLACK"
"RODNEY COPELAND","05/27/1978","MALE","WHITE"
"MICHAEL COPEN","12/13/1988","MALE","WHITE"
"SETH COPES","03/05/1973","MALE","WHITE"
"TRINITY COPP","03/06/1997","FEMALE","WHITE"
"DANIEL COPPLE","02/20/1967","MALE","WHITE"
"COCHISE CORBERT","11/21/1985","MALE","BLACK"
"KALEB CORBIN","09/08/1997","MALE","WHITE"
"DALTON CORDER","06/19/1992","MALE","WHITE"
"MICHAEL CORDER","03/13/1991","MALE","WHITE"
"CHRISTIAN COREDERO","05/23/1991","MALE","SPANISH"
"LEE CORENTIN","09/30/1991","MALE","BLACK"
"MIKE COREY","04/26/1996","MALE","WHITE"
"ANTWOINE CORK","10/16/1990","MALE","BLACK"
"DEVIN CORK","03/21/2000","MALE","BLACK"
"LLOYD CORK","03/10/1951","MALE","BLACK"
"BILLY CORKERN","09/03/1981","MALE","WHITE"
"BENNIE CORLEY","04/11/1979","MALE","WHITE"
"JAMES CORLEY","12/18/1990","MALE","WHITE"
"TOMMY CORLEY","07/05/1972","MALE","WHITE"
"HARDELL CORNELIUS","01/24/1979","MALE","BLACK"
"JEREMY CORNELIUS","10/01/1976","MALE","WHITE"
"ROY CORNELIUS","05/17/1977","MALE","WHITE"
"FREDERICK CORNELL","07/13/1988","MALE","BLACK"
"TYREL CORNELL","09/02/1997","MALE","BLACK"
"MIGUEL CORRALES","03/17/1988","MALE","SPANISH"
"DANIEL CORRING","01/29/1989","MALE","WHITE"
"GREGORY CORSELLO","01/05/1994","MALE","WHITE"
"JOHN CORSER","11/02/1970","MALE","WHITE"
"JORGE CORTEZ","10/17/1984","MALE","SPANISH"
"LESLIE CORTEZ","08/07/1965","MALE","WHITE"
"ANTHONY CORTHION","01/22/1996","MALE","BLACK"
"JEFFREY COSBY","06/30/1990","MALE","WHITE"
"WEMORE COSBY","12/09/1961","MALE","BLACK"
"KENNETH COSCIA","06/06/1983","MALE","WHITE"
"TRINITY COSTILOW","12/01/1979","MALE","WHITE"
"MATTHEW COTHARD","11/22/1982","MALE","WHITE"
"BRANDON COTHERN","02/29/1984","MALE","WHITE"
"JOSEPH COTRONE","02/04/1957","MALE","WHITE"
"CHRISTINA COTTER","02/02/1979","FEMALE","WHITE"
"JOHN COTTER","12/13/1940","MALE","WHITE"
"JOHN COTTING","03/12/1980","MALE","WHITE"
"FREDDIE COTTO","12/02/1998","MALE","WHITE"
"AVERY COTTON","01/05/1974","MALE","WHITE"
"BOBBY COTTON","01/04/1975","MALE","BLACK"
"CHRISTOPHER COTTON","03/28/1976","MALE","BLACK"
"JOE COTTON","01/26/1973","MALE","BLACK"
"JUSTIN COTTON","12/08/1987","MALE","BLACK"
"MICOE COTTON","05/15/1969","MALE","BLACK"
"CHARLES COUCH","05/04/1984","MALE","WHITE"
"ARTHUR COUNCIL","11/13/1961","MALE","BLACK"
"JOSEPH COUNCIL","06/20/1976","MALE","WHITE"
"LISA COUNCIL","11/08/1967","FEMALE","BLACK"
"JOHN COUNCILMAN","06/22/1969","MALE","WHITE"
"JAKEB COUNTS","04/27/1987","MALE","WHITE"
"CHRISTOPHER COURSE","11/16/1988","MALE","BLACK"
"DERRICK COURSE","06/24/1989","MALE","BLACK"
"ROOSEVELT COURSE","06/30/1993","MALE","BLACK"
"RICKY COURTEAUX","01/02/1972","MALE","WHITE"
"KEVIN COURTNEY","11/19/1970","MALE","WHITE"
"MATTHEW COURTNEY","10/18/1995","MALE","WHITE"
"PEGGY COURTNEY","10/23/1987","FEMALE","WHITE"
"JAMES COUSINS","05/03/1995","MALE","BLACK"
"RUSSELL COUSINS","01/24/1968","MALE","WHITE"
"MICHAEL COVALT","08/31/1990","MALE","WHITE"
"RICHARD COVEY","10/20/1984","MALE","WHITE"
"DAVID COVINGTON","06/28/1986","MALE","WHITE"
"DAVID COVINGTON","07/18/1979","MALE","WHITE"
"FREDERICK COVINGTON","01/23/1969","MALE","BLACK"
"JEFFERY COVINGTON","01/22/1988","MALE","BLACK"
"MARVIN COVINGTON","05/21/1968","MALE","WHITE"
"ROBERT COVINGTON","02/12/1979","MALE","BLACK"
"TERRANCE COVINGTON","03/06/1994","MALE","BLACK"
"CORBYN COWAN","09/11/1995","MALE","BLACK"
"H C COWAN","07/03/1949","MALE","BLACK"
"HAROLD COWAN","12/31/1975","MALE","WHITE"
"TERRANCE COWAN","05/16/1976","MALE","BLACK"
"GLENN COWARD","10/13/1995","MALE","WHITE"
"CHRISTOPHER COWART","09/22/1981","MALE","WHITE"
"COREY COWART","09/20/1977","MALE","BLACK"
"KENDRICK COWART","01/26/1986","MALE","BLACK"
"KIMBERLY COWART","08/07/1975","FEMALE","WHITE"
"RUBY COWART","02/21/1950","FEMALE","BLACK"
"LARRY COWLEY","10/15/1971","MALE","WHITE"
"AHMAD COX","09/20/1986","MALE","BLACK"
"ARLANZA COX","01/08/1988","MALE","BLACK"
"BARRY COX","12/15/1964","MALE","WHITE"
"BRADLEE COX","11/11/1997","MALE","WHITE"
"CADARRIUS COX","07/08/1990","MALE","BLACK"
"CARL COX","01/30/1972","MALE","WHITE"
"CATLYN COX","01/30/1992","MALE","BLACK"
"CHERI COX","03/15/1981","FEMALE","WHITE"
"DARREN COX","05/06/1983","MALE","WHITE"
"DAVID COX","11/30/1970","MALE","WHITE"
"DAVID COX","05/23/1982","MALE","BLACK"
"EDWARD COX","07/28/1969","MALE","BLACK"
"EDWARD COX","12/13/1968","MALE","BLACK"
"ELIZABETH COX","05/03/1968","FEMALE","WHITE"
"GARY COX","11/08/1997","MALE","WHITE"
"HARLEY COX","02/09/1982","MALE","WHITE"
"JAMES COX","04/27/1985","MALE","WHITE"
"JUSTIN COX","12/09/1992","MALE","BLACK"
"JUSTIN COX","11/10/1987","MALE","WHITE"
"MICHAEL COX","08/29/1982","MALE","WHITE"
"MICHAEL COX","09/04/1974","MALE","WHITE"
"MIKAL COX","08/04/1994","MALE","WHITE"
"MONTE COX","12/16/1996","MALE","BLACK"
"PATRICK COX","08/08/1965","MALE","BLACK"
"RANDY COX","10/19/1955","MALE","WHITE"
"REGINALD COX","05/14/1993","MALE","BLACK"
"ROBBIE COX","12/12/1986","FEMALE","WHITE"
"RYAN COX","09/20/1990","MALE","BLACK"
"SHANA COX","08/16/1975","FEMALE","WHITE"
"SHANNON COX","01/19/1982","FEMALE","WHITE"
"SIM COX","04/25/1977","MALE","BLACK"
"STEFON COX","06/07/1995","MALE","BLACK"
"TORRANCE COX","06/21/1977","MALE","BLACK"
"WALTER COX","10/02/1958","MALE","WHITE"
"WILLIAM COX","10/11/1979","MALE","WHITE"
"NIKKI COX-MUSGROVE","08/07/1987","FEMALE","WHITE"
"ZACHARY COZART","10/05/1986","MALE","WHITE"
"DAVID CRABB","02/09/1969","MALE","WHITE"
"RANDY CRABB","10/15/1976","MALE","WHITE"
"CHRISTOPHER CRABTREE","07/07/1981","MALE","WHITE"
"STEVEN CRABTREE","10/28/1988","MALE","WHITE"
"KARRI CRABTREE-FOSTE","08/04/1983","FEMALE","WHITE"
"ALBERT CRAFT","06/25/2001","MALE","BLACK"
"ALISHA CRAFT","04/25/1990","FEMALE","WHITE"
"CHICO CRAFT","03/05/1978","MALE","BLACK"
"CODY CRAFT","11/16/1999","MALE","BLACK"
"DARREN CRAFT","01/09/1991","MALE","BLACK"
"DARRION CRAFT","02/06/1998","MALE","BLACK"
"DEANDRE CRAFT","03/23/2001","MALE","BLACK"
"DERRICK CRAFT","06/21/1990","MALE","BLACK"
"GLENN CRAFT","06/27/1957","MALE","BLACK"
"JOB CRAFT","02/28/1976","MALE","WHITE"
"MICHAEL CRAFT","09/27/1987","MALE","WHITE"
"PHILLIP CRAFT","06/22/1978","MALE","WHITE"
"RICKY CRAFT","06/09/1975","MALE","WHITE"
"TYLER CRAFT","08/28/1992","MALE","WHITE"
"ANTONIO CRAIG","06/15/1969","MALE","BLACK"
"DANNY CRAIG","12/28/1969","MALE","WHITE"
"DARIUS CRAIG","01/11/1990","MALE","BLACK"
"DARRELL CRAIG","03/16/1986","MALE","BLACK"
"DONTREY CRAIG","02/15/1977","MALE","BLACK"
"HENRY CRAIG","12/26/1973","MALE","BLACK"
"JONATHAN CRAIG","12/29/1986","MALE","WHITE"
"KEITH CRAIG","02/15/1989","MALE","BLACK"
"KEVIN CRAIG","01/01/1981","MALE","WHITE"
"LARRY CRAIG","02/19/1998","MALE","WHITE"
"ROGER CRAIG","02/29/1960","MALE","WHITE"
"WILLIS CRAIG","02/02/1967","MALE","WHITE"
"LOGAN CRAIGHEAD","01/25/1997","MALE","WHITE"
"GEORGE CRAIN","05/16/1967","MALE","WHITE"
"CHARLES CRAINE","10/25/1986","MALE","WHITE"
"LARRY CRAMER","07/21/1961","MALE","WHITE"
"CARLA CRANE","09/20/1969","FEMALE","BLACK"
"TOMMY CRANFORD","08/14/1945","MALE","WHITE"
"JOHNETTA CRATE","02/29/1988","FEMALE","BLACK"
"CHRISTOPHER CRATIN","06/27/1969","MALE","WHITE"
"ANDRE CRAWFORD","12/30/1979","MALE","BLACK"
"AUSTIN CRAWFORD","03/30/1999","MALE","WHITE"
"CHARLES CRAWFORD","02/10/1966","MALE","WHITE"
"CLIFFORD CRAWFORD","07/25/1975","MALE","BLACK"
"DAVID CRAWFORD","03/21/1943","MALE","WHITE"
"JULIUS CRAWFORD","09/21/1970","MALE","BLACK"
"KEITH CRAWFORD","12/27/1994","MALE","BLACK"
"KENROSSI CRAWFORD","05/14/1990","MALE","BLACK"
"KEVIN CRAWFORD","01/24/1989","MALE","BLACK"
"KRISTOPHER CRAWFORD","04/30/1974","MALE","WHITE"
"LETARUS CRAWFORD","06/16/1976","MALE","BLACK"
"MURRAY CRAWFORD","11/27/1964","MALE","BLACK"
"NICHOLAS CRAWFORD","09/07/1999","MALE","BLACK"
"PAUL CRAWFORD","08/19/1958","MALE","BLACK"
"RENEE CRAWFORD","01/15/1971","FEMALE","WHITE"
"RUSSELL CRAWFORD","08/15/2001","MALE","BLACK"
"TEDRA CRAWFORD","04/03/1990","FEMALE","BLACK"
"THOMAS CRAWFORD","08/08/1987","MALE","WHITE"
"THOMAS CRAWFORD","08/03/1967","MALE","WHITE"
"TODD CRAWFORD","12/07/1991","MALE","BLACK"
"TYLER CRAWFORD","09/10/1996","MALE","WHITE"
"ANTHONY CRAWLEY","11/20/1969","MALE","WHITE"
"KWESI CRAWLEY","03/06/1986","MALE","BLACK"
"STEPHEN CRAWLEY","10/12/1982","MALE","WHITE"
"WILLIE CRAYTON","11/26/1990","MALE","BLACK"
"JEFFREY CREECH","01/30/1967","MALE","WHITE"
"DAVID CREECY","03/24/1986","MALE","WHITE"
"BRIAN CREEL","10/09/1972","MALE","WHITE"
"CHRISTOPHER CREEL","04/25/1974","MALE","WHITE"
"GUY CREEL","07/28/1963","MALE","WHITE"
"HOMER CREEL","08/01/1948","MALE","WHITE"
"JAMES CREEL","05/22/1954","MALE","WHITE"
"JASON CREEL","07/02/1972","MALE","WHITE"
"MARCUS CREEL","06/20/1990","MALE","BLACK"
"SHANDY CREEL","12/02/1979","FEMALE","WHITE"
"DONOVAN CRENSHAW","08/11/1993","MALE","BLACK"
"GLEN CRENSHAW","02/21/1989","MALE","WHITE"
"JONATHAN CRENSHAW","11/10/1991","MALE","BLACK"
"KENDARIOUS CRENSHAW","02/09/1995","MALE","BLACK"
"RHONDA CRENSHAW","01/13/1962","FEMALE","WHITE"
"VINCENT CREPPEL","01/14/1972","MALE","WHITE"
"LISA CREVITT","10/04/1964","FEMALE","WHITE"
"ALEX CREWS","07/09/1997","MALE","WHITE"
"JOHNNY CREWS","06/15/1973","MALE","WHITE"
"ROBERT CREWS","12/01/1969","MALE","WHITE"
"RYAN CRICK","02/15/1982","MALE","WHITE"
"AUSTIN CRIDDLE","10/29/1991","MALE","WHITE"
"WILLIAM CRIDDLE","01/10/1978","MALE","WHITE"
"KIMBLE CRIMMIEL","01/07/1977","MALE","BLACK"
"ALAN CRISOSTOMO","12/07/1994","MALE","WHITE"
"BENJAMIN CRISWELL","11/13/1984","MALE","WHITE"
"WILLIAM CRITTENDEN","11/14/1990","MALE","WHITE"
"ANDREW CROCKER","12/29/1998","MALE","WHITE"
"DUMAN CROCKER","09/12/1973","MALE","WHITE"
"JAMES CROCKETT","12/03/1971","MALE","WHITE"
"JONATHAN CROCKETT","06/17/1997","MALE","WHITE"
"KALISHA CROCKETT","08/22/1998","FEMALE","BLACK"
"KENDRICK CROCKETT","03/25/1993","MALE","BLACK"
"NAKIA CROCKETT","11/12/1974","MALE","BLACK"
"ROOSEVELT CROCKETT","02/20/1993","MALE","BLACK"
"SAMMY CROFF","09/26/1964","MALE","BLACK"
"ANTHONY CROFT","07/05/1971","MALE","BLACK"
"MONTRELL CROFT","11/20/1990","MALE","BLACK"
"SHANNON CROFT","03/06/1969","MALE","WHITE"
"CHAD CROLEY","03/17/1995","MALE","WHITE"
"FRANKIE CROOK","05/03/1972","MALE","BLACK"
"SHANNON CROOKE","11/11/1994","MALE","WHITE"
"CARL CROOM","12/07/1958","MALE","BLACK"
"EBONY CROON","04/30/1990","FEMALE","BLACK"
"BILLY CROSBY","10/16/1966","MALE","BLACK"
"BRUCE CROSBY","10/24/1973","MALE","BLACK"
"BRUNO CROSBY","09/24/1978","MALE","BLACK"
"DARRYL CROSBY","06/26/1989","MALE","BLACK"
"DERRICK CROSBY","01/19/1990","MALE","BLACK"
"ELIJAH CROSBY","10/03/1984","MALE","BLACK"
"ELLIOT CROSBY","12/12/1980","MALE","BLACK"
"FRED CROSBY","02/22/1979","MALE","BLACK"
"PAUL CROSBY","09/14/1976","MALE","BLACK"
"PRENTIS CROSBY","06/17/1983","MALE","BLACK"
"REGINALD CROSBY","09/10/1980","MALE","BLACK"
"RODNEY CROSBY","03/04/1971","MALE","BLACK"
"SHAQUILLA CROSBY","02/14/1993","FEMALE","BLACK"
"STEVEN CROSBY","08/07/1977","MALE","BLACK"
"TERRELL CROSBY","05/19/1988","MALE","BLACK"
"KRISTINA CROSE","02/23/1988","FEMALE","WHITE"
"GEORGE CROSKEY","10/25/1982","MALE","BLACK"
"ALIZA CROSS","06/07/1982","FEMALE","WHITE"
"ARCHIE CROSS","08/20/1962","MALE","BLACK"
"BRANDON CROSS","07/01/1980","MALE","BLACK"
"BRENDA CROSS","12/24/1974","FEMALE","BLACK"
"CARLOS CROSS","10/24/1994","MALE","BLACK"
"CEDRIC CROSS","06/11/1997","MALE","BLACK"
"CHARLES CROSS","11/22/1982","MALE","BLACK"
"CHARLES CROSS","03/13/1994","MALE","BLACK"
"JOHN CROSS","10/24/1973","MALE","BLACK"
"KEVIN CROSS","07/12/1989","MALE","BLACK"
"WILLIAM CROSS","08/12/1976","MALE","WHITE"
"DESMOND CROSSLEY","03/11/1991","MALE","BLACK"
"RICHARD CROSSLEY","06/26/1969","MALE","BLACK"
"RICHARD CROSSLIN","03/20/1988","MALE","WHITE"
"ROGER CROSSWHITE","08/10/1987","MALE","WHITE"
"JACKIE CROUCH","12/20/1970","MALE","WHITE"
"JOHN CROW","08/28/1984","MALE","WHITE"
"KELLY CROW","01/22/1976","FEMALE","WHITE"
"GARY CROWDER","02/21/1961","MALE","WHITE"
"KHALIL CROWDER","09/30/1996","MALE","BLACK"
"RASHAUN CROWLEY","05/14/1996","MALE","BLACK"
"TIMOTHY CROZIER","07/13/1964","MALE","BLACK"
"ANDREW CRUM","11/27/1987","MALE","WHITE"
"CHARLES CRUM","08/15/1989","MALE","WHITE"
"GARY CRUM","04/14/1981","MALE","WHITE"
"JUSTIN CRUMB","05/22/1988","MALE","BLACK"
"KERSHA CRUMB","12/15/1982","FEMALE","BLACK"
"MEKEL CRUMBLY","01/13/1998","MALE","BLACK"
"BERNICE CRUMEDY","09/06/1965","FEMALE","BLACK"
"AARON CRUMP","05/31/1996","MALE","WHITE"
"DUSTIN CRUMP","07/15/1988","MALE","WHITE"
"ISSAC CRUMP","12/03/1988","MALE","BLACK"
"JERMAINE CRUMP","11/03/1981","MALE","BLACK"
"KARL CRUMP","06/09/1966","MALE","BLACK"
"MALCOLM CRUMP","05/31/1987","MALE","BLACK"
"MALIK CRUMP","09/23/1999","MALE","BLACK"
"MICHAEL CRUMP","09/23/1999","MALE","BLACK"
"QUADERO CRUMP","01/27/1992","MALE","BLACK"
"ANDREW CRUSE","10/10/1960","MALE","WHITE"
"CYNDI CRUSE","03/16/1964","FEMALE","WHITE"
"GLENN CRUTCHER","10/27/1987","MALE","BLACK"
"STEPHEN CRUTCHER","01/24/1964","MALE","BLACK"
"THOMAS CRUTCHFIELD","01/22/1993","MALE","WHITE"
"ANTHONY CRUTHCER","02/12/1968","MALE","BLACK"
"BETHANY CRUTHER","05/03/1971","FEMALE","WHITE"
"WILLIAM CRUTHIRDS","08/16/1967","MALE","WHITE"
"MELISSA CRUZ","08/04/1970","FEMALE","WHITE"
"ALYSSA CUEVAS","09/29/1997","FEMALE","WHITE"
"CESAR CUEVAS","08/29/1990","MALE","SPANISH"
"DAMEON CUEVAS","06/13/1983","MALE","WHITE"
"DANIEL CUEVAS","07/01/1991","MALE","WHITE"
"ERVIN CUEVAS","05/03/1968","MALE","WHITE"
"HEATH CUEVAS","04/16/1989","MALE","WHITE"
"JAMES CUEVAS","09/07/1964","MALE","WHITE"
"STACEY CUEVAS","05/16/1988","FEMALE","WHITE"
"NORRIS CULBERSON","06/28/1962","MALE","BLACK"
"TYLER CULBERSON","12/10/1991","MALE","WHITE"
"JIMMY CULBERT","02/09/1967","MALE","BLACK"
"STANLEY CULBERTSON","12/30/1939","MALE","WHITE"
"ARCHIE CULBREATH","05/22/1978","MALE","WHITE"
"CHRISTOPHER CULIFER","10/15/1980","MALE","WHITE"
"JOHNNY CULLEY","08/30/1970","MALE","BLACK"
"WALTER CULLINS","12/20/1990","MALE","BLACK"
"ELLIOT CULP","05/07/1982","MALE","BLACK"
"BRANDON CULPEPPER","12/31/1993","MALE","WHITE"
"MARCUS CULPEPPER","06/14/1989","MALE","BLACK"
"SHANNA CULPEPPER","10/22/1990","FEMALE","WHITE"
"JEFFREY CULVER","01/03/1964","MALE","WHITE"
"BAILEY CUMBERLAND","08/13/2000","FEMALE","WHITE"
"RANDY CUMBERLAND","09/21/1991","MALE","WHITE"
"ROBERT CUMBERLAND","10/30/1972","MALE","WHITE"
"SCOTT CUMBERLAND","06/26/1981","MALE","WHITE"
"ANTHONY CUMMINGS","10/30/1971","MALE","BLACK"
"CHAMBRIELLE CUMMINGS","04/09/1994","FEMALE","BLACK"
"DANIEL CUMMINGS","04/24/1986","MALE","WHITE"
"EDDIE CUMMINGS","09/07/1989","MALE","WHITE"
"JORDAN CUMMINGS","06/01/1997","MALE","BLACK"
"MARTINEZ CUMMINGS","08/24/1993","MALE","BLACK"
"OTIS CUMMINGS","03/02/1958","MALE","BLACK"
"RAIERICKA CUMMINGS","03/30/1973","FEMALE","BLACK"
"WALLACE CUMMINGS","05/13/1990","MALE","BLACK"
"RODGER CUMMINS","12/18/1992","MALE","WHITE"
"CLEAVEN CUNNINGHAM","06/03/1970","MALE","BLACK"
"COREY CUNNINGHAM","09/06/1987","MALE","ASIAN"
"DAKOTA CUNNINGHAM","12/01/1985","MALE","WHITE"
"JABARIAKIAS CUNNINGHAM","07/06/1990","MALE","BLACK"
"JALAIN CUNNINGHAM","03/29/1984","MALE","BLACK"
"JAQUES CUNNINGHAM","09/08/1993","MALE","BLACK"
"KENDALL CUNNINGHAM","10/30/1997","MALE","BLACK"
"KENNETH CUNNINGHAM","07/28/1978","MALE","WHITE"
"PATRICK CUNNINGHAM","01/13/1978","MALE","BLACK"
"ROBERT CUNNINGHAM","10/02/1967","MALE","BLACK"
"WARREN CUNNINGHAM","12/09/1968","MALE","BLACK"
"TYLER CUPIT","11/30/1993","MALE","WHITE"
"JEREMY CUPSTID","02/18/1987","MALE","WHITE"
"LEONARD CURETON","10/12/1964","MALE","BLACK"
"PATRICK CURETON","12/31/1985","MALE","WHITE"
"ROBERT CURLEE","10/18/1969","MALE","WHITE"
"VINCENT CURLEE","08/06/1963","MALE","BLACK"
"CEDRIC CURRY","03/23/1986","MALE","BLACK"
"CLYDE CURRY","12/23/1996","MALE","BLACK"
"DARYL CURRY","06/07/1991","MALE","WHITE"
"DESHAUN CURRY","10/20/1983","MALE","BLACK"
"JERMARCUS CURRY","10/24/1991","MALE","BLACK"
"WILLIE CURRY","06/18/1953","MALE","BLACK"
"WILLIE CURRY","05/12/1987","MALE","BLACK"
"CHARLES CURTIS","11/07/1970","MALE","WHITE"
"CHRISTOPHER CURTIS","11/29/1980","MALE","BLACK"
"CHRISTOPHER CURTIS","01/12/1992","MALE","BLACK"
"EARNEST CURTIS","08/06/1974","MALE","BLACK"
"GABRIEL CURTIS","08/04/1977","MALE","WHITE"
"GEORGE CURTIS","05/10/1954","MALE","BLACK"
"JAMES CURTIS","04/19/1959","MALE","BLACK"
"MARCUS CURTIS","10/24/1981","MALE","BLACK"
"PHAZON CURTIS","08/06/1992","MALE","BLACK"
"TIMOTHY CURTIS","09/03/1990","MALE","WHITE"
"JOEL CURTISS","04/10/1985","MALE","WHITE"
"BRANDON CUTRER","05/06/1985","MALE","WHITE"
"JAMES CUTRER","05/20/1980","MALE","WHITE"
"DAVID CUTSHALL","05/03/1984","MALE","WHITE"
"JOHN CYPHERS","08/11/1980","MALE","WHITE"
"DORIAN CYRUS","06/06/1990","MALE","BLACK"
"EDDRICK CYRUS","02/01/1976","MALE","BLACK"
