"BRYAN D'AVY","01/06/1983","MALE","WHITE"
"LOGAN D'ELENA","09/05/1995","MALE","WHITE"
"EDDIE DABBS","04/19/1981","MALE","BLACK"
"DEWAYNE DABNEY","03/12/2000","MALE","BLACK"
"MOSES DABNEY","11/23/1978","MALE","BLACK"
"PITIPONG DAENGBUNGA","06/29/1984","MALE","ASIAN"
"JAMES DAHL","07/24/1968","MALE","WHITE"
"HUNTER DAHLEM","11/04/1990","MALE","WHITE"
"DEVONTAE DAILEY","11/22/1997","MALE","BLACK"
"KIMBERLY DAILEY","07/31/1986","FEMALE","WHITE"
"DENORIO DALE","04/08/1990","MALE","BLACK"
"RICKI DALE","07/29/1991","FEMALE","WHITE"
"DESMON DALEY","06/20/1997","MALE","BLACK"
"JEFFERY DALEY","01/28/1994","MALE","BLACK"
"WAYLON DALEY","09/02/1996","MALE","WHITE"
"JACOBI DALLAS","01/21/1991","MALE","BLACK"
"JOSHUA DALLAS","08/25/1983","MALE","BLACK"
"ANTONIO DALTON","04/04/1980","MALE","BLACK"
"BRIAN DAMANIS","12/22/1995","MALE","WHITE"
"CURTIS DAMPEER","09/23/1996","MALE","BLACK"
"JOHN DAMPEER","07/31/1993","MALE","BLACK"
"JENNIFER DAMPIER","11/16/1975","FEMALE","BLACK"
"GREGORY DAMRON","02/17/1980","MALE","WHITE"
"JASON DANCY","08/21/1995","MALE","WHITE"
"YOGINDER DANDASS","08/17/1967","MALE","WHITE"
"TUAN DANG","01/13/1988","MALE","ASIAN"
"DENNIS DANIEL","07/28/1969","MALE","BLACK"
"JOHN DANIEL","05/10/1979","MALE","WHITE"
"JONATHAN DANIEL","09/18/1995","MALE","WHITE"
"PATRICIA DANIEL","10/19/1979","FEMALE","WHITE"
"ALEX DANIELS","12/11/1991","MALE","BLACK"
"AMY DANIELS","03/31/1976","FEMALE","WHITE"
"BILLY DANIELS","03/16/1961","MALE","WHITE"
"BRANDON DANIELS","04/09/1980","MALE","WHITE"
"CHARLES DANIELS","01/31/1998","MALE","WHITE"
"CHARLES DANIELS","05/26/1959","MALE","BLACK"
"CHRISTOPHER DANIELS","10/12/1984","MALE","BLACK"
"CRYSTAL DANIELS","06/13/1982","FEMALE","BLACK"
"DEDRICK DANIELS","03/22/1989","MALE","BLACK"
"DEZJON DANIELS","06/22/1995","MALE","BLACK"
"ENANDAE DANIELS","06/27/1998","MALE","BLACK"
"ERNEST DANIELS","01/08/1980","MALE","WHITE"
"FLOYD DANIELS","01/07/1972","MALE","WHITE"
"GEORGE DANIELS","07/05/1988","MALE","BLACK"
"JOSEPH DANIELS","11/10/1965","MALE","BLACK"
"KENDALL DANIELS","12/27/1991","MALE","BLACK"
"KIPP DANIELS","02/14/1987","MALE","BLACK"
"LATROY DANIELS","10/19/1977","MALE","BLACK"
"LUCUS DANIELS","11/18/1981","MALE","BLACK"
"MICHAEL DANIELS","12/31/1975","MALE","BLACK"
"ROBIN DANIELS","10/09/1961","MALE","WHITE"
"ROY DANIELS","11/25/1983","MALE","BLACK"
"SCOTTIE DANIELS","08/03/1965","MALE","BLACK"
"TESON DANIELS","05/26/1984","MALE","BLACK"
"TOMMY DANIELS","07/09/1981","MALE","BLACK"
"TREVARUS DANIELS","05/15/1991","MALE","BLACK"
"WILLIE DANIELS","06/23/1980","MALE","BLACK"
"DEKEDRICK DANNER","09/24/1997","MALE","BLACK"
"CHANCEY DANSBY","11/29/1978","MALE","WHITE"
"JUANQUEE DANTZLER","10/30/1989","FEMALE","BLACK"
"MARQUIS DANTZLER","01/07/1993","MALE","BLACK"
"NICHOLAS DANTZLER","04/03/1983","MALE","BLACK"
"ZACHARY DANTZLER","11/14/1986","MALE","BLACK"
"GARY DANTZSON","06/05/1989","MALE","BLACK"
"ADRIAN DARBY","11/15/1984","MALE","BLACK"
"CHARLES DARBY","09/30/1996","MALE","BLACK"
"DANNY DARBY","07/27/1983","MALE","BLACK"
"JERRY DARBY","08/03/1968","MALE","BLACK"
"KEITH DARBY","09/06/1980","MALE","BLACK"
"MATTHEW DARBY","09/13/1994","MALE","WHITE"
"CHRISTOPHER DARDEN","05/08/1987","MALE","BLACK"
"JOHNNY DARDEN","08/24/1982","MALE","BLACK"
"RAYSHON DARDEN","11/21/1976","MALE","BLACK"
"RICKY DARDEN","10/09/1978","MALE","BLACK"
"MICHEAL DARLING","08/17/1975","MALE","WHITE"
"CHRISTOPHER DARNELL","12/05/1973","MALE","WHITE"
"JERRY DARNELL","03/12/1969","MALE","BLACK"
"BENJAMIN DARRAS","10/08/1976","MALE","WHITE"
"CORREY DARTEZ","04/29/1959","MALE","WHITE"
"KALEIGH DARTEZ","08/25/1995","FEMALE","WHITE"
"JOLON DARTY","07/11/1998","MALE","BLACK"
"LEIF DASCO","05/01/1984","MALE","BLACK"
"MARVIN DASH","11/22/1980","MALE","BLACK"
"TAVON DATSON","05/08/1995","MALE","BLACK"
"ANTHONY DAUDEN","08/07/1991","MALE","BLACK"
"JEREMY DAUGHDRILL","03/25/1986","MALE","WHITE"
"FRANK DAUGHTERY","02/19/1973","MALE","WHITE"
"MARSHAUN DAUGHTERY","04/26/1996","MALE","BLACK"
"MARCUS DAVAUL","11/06/1995","MALE","BLACK"
"CLIFF DAVENPORT","09/04/1973","MALE","BLACK"
"JOSEPH DAVENPORT","12/21/1989","MALE","WHITE"
"WANDA DAVENPORT","07/12/1970","FEMALE","BLACK"
"DUSTIN DAVES","05/09/1983","MALE","WHITE"
"ARTHUR DAVIDSON","09/04/1995","MALE","BLACK"
"BLAKE DAVIDSON","04/22/1997","MALE","WHITE"
"COURTNEY DAVIDSON","10/26/1988","MALE","BLACK"
"DUDLEY DAVIDSON","05/09/1969","MALE","BLACK"
"JIMMY DAVIDSON","02/25/1963","MALE","WHITE"
"TOMMY DAVIDSON","08/29/1969","MALE","BLACK"
"ISAAC DAVILA","05/24/1984","MALE","WHITE"
"ALLEN DAVIS","11/26/1997","MALE","BLACK"
"ALVIN DAVIS","06/28/1998","MALE","BLACK"
"ALVIN DAVIS","06/17/1996","MALE","BLACK"
"ALVIN DAVIS","01/02/1989","MALE","BLACK"
"ANDRE DAVIS","12/24/1964","MALE","BLACK"
"ANDREW DAVIS","01/23/1987","MALE","WHITE"
"ANTHONY DAVIS","07/08/1973","MALE","BLACK"
"ANTONIO DAVIS","04/09/1978","MALE","BLACK"
"ANTONIO DAVIS","11/18/1989","MALE","BLACK"
"ANTSHAWN DAVIS","12/02/1991","MALE","BLACK"
"ARRON DAVIS","12/27/1966","MALE","BLACK"
"ARTAVAUS DAVIS","02/17/1992","MALE","BLACK"
"ARTHUR DAVIS","11/11/1979","MALE","BLACK"
"AUSTIN DAVIS","09/25/1996","MALE","WHITE"
"BEATRICE DAVIS","09/10/1983","FEMALE","BLACK"
"BELINDA DAVIS","06/26/1973","FEMALE","WHITE"
"BEN DAVIS","05/23/1980","MALE","WHITE"
"BRETT DAVIS","10/04/1986","MALE","WHITE"
"BRIAN DAVIS","03/29/1982","MALE","WHITE"
"BRIAN DAVIS","02/12/1997","MALE","WHITE"
"BRYAN DAVIS","05/26/1992","MALE","WHITE"
"CALVIN DAVIS","12/24/1987","MALE","BLACK"
"CARLOS DAVIS","07/26/1971","MALE","BLACK"
"CEDRIC DAVIS","06/06/1982","MALE","BLACK"
"CHARLES DAVIS","03/02/1977","MALE","BLACK"
"CHARLES DAVIS","07/17/1966","MALE","BLACK"
"CHAVIS DAVIS","12/25/1993","MALE","BLACK"
"CHESTER DAVIS","12/29/1972","MALE","BLACK"
"CHRISTOPHER DAVIS","06/29/1976","MALE","BLACK"
"CHRISTOPHER DAVIS","08/29/1978","MALE","BLACK"
"CHRISTOPHER DAVIS","04/27/1980","MALE","BLACK"
"CHRISTOPHER DAVIS","05/31/1975","MALE","WHITE"
"CHRISTOPHER DAVIS","10/18/1970","MALE","WHITE"
"CHRISTOPHER DAVIS","05/24/1990","MALE","BLACK"
"CHRISTOPHER DAVIS","11/26/1975","MALE","WHITE"
"CHRISTOPHER DAVIS","03/13/1995","MALE","BLACK"
"CHRISTOPHER DAVIS","02/21/1983","MALE","WHITE"
"CORREY DAVIS","01/13/1977","MALE","BLACK"
"CORY DAVIS","12/24/1984","MALE","BLACK"
"CRYSTAL DAVIS","07/15/1982","FEMALE","WHITE"
"CURTIS DAVIS","11/05/1985","MALE","BLACK"
"CYRUS DAVIS","09/09/1975","MALE","BLACK"
"DANNY DAVIS","08/12/1962","MALE","WHITE"
"DAQUAN DAVIS","04/01/1995","MALE","BLACK"
"DAVID DAVIS","01/10/1978","MALE","BLACK"
"DAVID DAVIS","10/18/1968","MALE","WHITE"
"DAVIN DAVIS","07/13/1984","MALE","BLACK"
"DAWON DAVIS","09/12/1990","MALE","BLACK"
"DEDRIC DAVIS","01/01/1979","MALE","BLACK"
"DEIDRA DAVIS","06/08/1993","FEMALE","WHITE"
"DEMARLEN DAVIS","09/14/1987","MALE","BLACK"
"DERRICK DAVIS","02/10/1978","MALE","BLACK"
"DESMOND DAVIS","04/14/1993","MALE","BLACK"
"DESTINY DAVIS","06/16/1992","FEMALE","BLACK"
"DONALD DAVIS","12/08/1998","MALE","BLACK"
"DONALD DAVIS","12/11/1960","MALE","BLACK"
"DONTARIOUS DAVIS","05/14/1997","MALE","BLACK"
"DOREON DAVIS","12/05/1982","MALE","BLACK"
"EARL DAVIS","02/27/1977","MALE","WHITE"
"EDDIE DAVIS","03/25/1958","MALE","BLACK"
"EDDIE DAVIS","12/14/1965","MALE","BLACK"
"EDDIE DAVIS","04/09/1995","MALE","BLACK"
"EDGAR DAVIS","01/29/1975","MALE","BLACK"
"ELBERT DAVIS","10/26/1968","MALE","BLACK"
"ERIC DAVIS","03/29/1974","MALE","BLACK"
"ERIC DAVIS","12/28/1967","MALE","BLACK"
"ERPHON DAVIS","06/13/1990","MALE","BLACK"
"EUGENE DAVIS","01/05/1971","MALE","BLACK"
"EUGENE DAVIS","10/16/1952","MALE","BLACK"
"GARY DAVIS","10/05/1975","MALE","BLACK"
"GEORGE DAVIS","04/16/1970","MALE","WHITE"
"GERALD DAVIS","04/13/1993","MALE","BLACK"
"GLEN DAVIS","08/14/1969","MALE","WHITE"
"GREGORY DAVIS","08/31/1965","MALE","BLACK"
"HENCE DAVIS","02/02/1974","MALE","BLACK"
"HERMAN DAVIS","10/31/1986","MALE","WHITE"
"JAMALL DAVIS","12/08/1995","MALE","BLACK"
"JAMARCUS DAVIS","12/01/1991","MALE","BLACK"
"JAMARCUS DAVIS","10/06/1990","MALE","BLACK"
"JAMES DAVIS","10/07/1951","MALE","BLACK"
"JAMES DAVIS","04/08/1998","MALE","WHITE"
"JASON DAVIS","07/23/1987","MALE","WHITE"
"JASON DAVIS","01/15/1974","MALE","BLACK"
"JASON DAVIS","10/25/1985","MALE","BLACK"
"JAVARIS DAVIS","02/07/1990","MALE","BLACK"
"JAWAN DAVIS","11/07/1992","MALE","BLACK"
"JEFFERY DAVIS","07/09/1955","MALE","WHITE"
"JEFFREY DAVIS","11/05/1970","MALE","BLACK"
"JEFFREY DAVIS","05/24/1960","MALE","WHITE"
"JEREMY DAVIS","08/16/1981","MALE","BLACK"
"JERMAINE DAVIS","12/01/1986","MALE","BLACK"
"JERMAINE DAVIS","04/10/1983","MALE","BLACK"
"JEROME DAVIS","10/20/1974","MALE","BLACK"
"JEROME DAVIS","07/10/1991","MALE","BLACK"
"JESSE DAVIS","02/28/1987","MALE","WHITE"
"JESSIE DAVIS","10/02/1956","MALE","BLACK"
"JESSIE DAVIS","12/06/1982","MALE","WHITE"
"JIMMY DAVIS","01/15/1973","MALE","BLACK"
"JOEL DAVIS","11/03/1972","MALE","BLACK"
"JOHN DAVIS","03/16/1969","MALE","BLACK"
"JOHN DAVIS","05/22/1979","MALE","WHITE"
"JONATHAN DAVIS","09/01/1979","MALE","WHITE"
"JONATHAN DAVIS","02/11/1984","MALE","WHITE"
"JONATHAN DAVIS","10/27/1988","MALE","WHITE"
"JONATHAN DAVIS","05/27/1998","MALE","WHITE"
"JONATHAN DAVIS","07/07/1990","MALE","WHITE"
"JOSEPH DAVIS","07/23/1982","MALE","BLACK"
"JOSHUA DAVIS","04/24/1998","MALE","WHITE"
"JOSHUA DAVIS","06/02/1996","MALE","BLACK"
"JUSTIN DAVIS","03/13/1980","MALE","WHITE"
"JUSTINA DAVIS","11/28/1982","FEMALE","WHITE"
"KEITH DAVIS","02/11/1976","MALE","BLACK"
"KENDRICK DAVIS","03/27/1984","MALE","BLACK"
"KENNETH DAVIS","09/27/1967","MALE","WHITE"
"KENNETH DAVIS","12/14/1991","MALE","BLACK"
"KENNETH DAVIS","06/03/1974","MALE","BLACK"
"KENNY DAVIS","04/18/1984","MALE","BLACK"
"KENYA DAVIS","05/31/1991","FEMALE","BLACK"
"KEVIN DAVIS","01/19/1988","MALE","WHITE"
"KEVIN DAVIS","03/29/1979","MALE","BLACK"
"KEVIN DAVIS","05/21/1954","MALE","BLACK"
"KEVON DAVIS","01/10/1975","MALE","BLACK"
"L C DAVIS","10/28/1955","MALE","BLACK"
"LAMICHAEL DAVIS","07/03/1987","MALE","BLACK"
"LARRY DAVIS","09/21/1955","MALE","WHITE"
"LAURA DAVIS","01/06/1985","FEMALE","WHITE"
"LAWRENCE DAVIS","08/15/1969","MALE","WHITE"
"LEROY DAVIS","11/08/1976","MALE","BLACK"
"LYNDA DAVIS","11/04/1963","FEMALE","WHITE"
"MALCOLM DAVIS","09/17/1979","MALE","BLACK"
"MARC DAVIS","03/17/1956","MALE","WHITE"
"MARCUS DAVIS","06/15/1980","MALE","BLACK"
"MARQUIS DAVIS","09/28/1994","MALE","BLACK"
"MARQUS DAVIS","11/01/1982","MALE","SPANISH"
"MATT DAVIS","09/22/1982","MALE","WHITE"
"MATTHEW DAVIS","09/17/1988","MALE","WHITE"
"MELVIN DAVIS","03/06/1992","MALE","BLACK"
"MELVIN DAVIS","05/29/1971","MALE","BLACK"
"MICHAEL DAVIS","09/21/1974","MALE","WHITE"
"MICHAEL DAVIS","09/16/1978","MALE","BLACK"
"MICHAEL DAVIS","08/26/1969","MALE","WHITE"
"MICHAEL DAVIS","11/18/1964","MALE","WHITE"
"MICHAEL DAVIS","08/15/1955","MALE","WHITE"
"MICHAEL DAVIS","07/02/1985","MALE","BLACK"
"MICHAEL DAVIS","04/04/1989","MALE","BLACK"
"NEMARCUS DAVIS","12/05/1990","MALE","BLACK"
"OLEVIA DAVIS","11/20/1966","MALE","BLACK"
"PHILLIP DAVIS","07/06/1987","MALE","WHITE"
"RAYMOND DAVIS","09/16/1980","MALE","WHITE"
"REGINALD DAVIS","07/26/1985","MALE","BLACK"
"REGINALD DAVIS","06/15/1978","MALE","BLACK"
"RICHARD DAVIS","07/24/1974","MALE","WHITE"
"RICKEY DAVIS","02/09/1965","MALE","BLACK"
"RICKEY DAVIS","08/14/1959","MALE","BLACK"
"RICKY DAVIS","12/16/1964","MALE","BLACK"
"RICKY DAVIS","02/04/1963","MALE","BLACK"
"ROBERT DAVIS","01/06/1961","MALE","WHITE"
"ROBERT DAVIS","10/25/1970","MALE","BLACK"
"RODERICK DAVIS","03/15/1984","MALE","BLACK"
"RODNEY DAVIS","05/15/1991","MALE","BLACK"
"RODNEY DAVIS","12/05/1971","MALE","BLACK"
"RODNEY DAVIS","08/25/1991","MALE","BLACK"
"RODRIQUEZ DAVIS","05/12/1997","MALE","BLACK"
"ROOSEVELT DAVIS","04/19/1977","MALE","BLACK"
"ROZARIO DAVIS","07/24/1993","MALE","BLACK"
"RUSSEL DAVIS","12/18/1970","MALE","WHITE"
"SAHEED DAVIS","12/14/1977","MALE","BLACK"
"SAMMY DAVIS","10/31/1965","MALE","BLACK"
"SAMUEL DAVIS","11/04/1985","MALE","BLACK"
"SHAQUILLE DAVIS","03/02/1996","MALE","BLACK"
"SHAWN DAVIS","11/15/1986","MALE","BLACK"
"SHERIDAN DAVIS","07/12/1970","MALE","BLACK"
"SHERROD DAVIS","04/01/1978","MALE","BLACK"
"TARIN DAVIS","10/26/1984","FEMALE","WHITE"
"THERREL DAVIS","01/13/1989","MALE","BLACK"
"TIMMY DAVIS","08/14/1991","MALE","BLACK"
"TIMOTHY DAVIS","12/30/1976","MALE","WHITE"
"TIMOTHY DAVIS","08/28/1979","MALE","BLACK"
"TONY DAVIS","04/18/1963","MALE","WHITE"
"TONY DAVIS","07/29/1965","MALE","WHITE"
"TRAVIS DAVIS","01/22/1990","MALE","BLACK"
"TRISHA DAVIS","06/16/1979","FEMALE","WHITE"
"TYHEEM DAVIS","09/02/2001","MALE","BLACK"
"TYRONE DAVIS","06/06/1981","MALE","BLACK"
"VARICK DAVIS","10/07/1978","MALE","BLACK"
"VERDELL DAVIS","11/24/1960","MALE","BLACK"
"WILLIAM DAVIS","08/24/1981","MALE","BLACK"
"WILLIAM DAVIS","02/20/1981","MALE","BLACK"
"WILLIAM DAVIS","02/11/1963","MALE","WHITE"
"WILLIE DAVIS","08/01/1970","MALE","BLACK"
"WILLIE DAVIS","11/19/1974","MALE","BLACK"
"WOODREZ DAVIS","07/27/1977","MALE","BLACK"
"PATRICK DAVIS-TOLIVER","03/03/1980","MALE","BLACK"
"ARCHIE DAVISON","02/09/1981","MALE","BLACK"
"STERLING DAVISON","07/22/1989","MALE","WHITE"
"CHAD DAWKINS","05/04/1972","MALE","BLACK"
"JAY DAWKINS","12/05/1971","MALE","WHITE"
"ANTHONY DAY","02/05/1989","MALE","WHITE"
"CARDERIOUS DAY","06/04/1990","MALE","BLACK"
"CORTEZ DAY","08/28/1992","MALE","BLACK"
"DERRICK DAY","03/30/1993","MALE","BLACK"
"DEVIN DAY","09/06/1993","MALE","WHITE"
"JADARRIEN DAY","09/28/1991","MALE","BLACK"
"JEFERY DAY","03/18/1985","MALE","BLACK"
"JOSHUA DAY","06/04/1979","MALE","WHITE"
"MARCUS DAY","12/03/1987","MALE","BLACK"
"PATRICK DAY","09/09/1980","MALE","WHITE"
"RASHARD DAY","12/10/1989","MALE","BLACK"
"TERENCE DAY","07/25/1983","MALE","BLACK"
"JORDAN DEAKLES","06/02/1991","MALE","WHITE"
"ANTHONY DEAN","12/17/1984","MALE","BLACK"
"BARON DEAN","11/09/1988","MALE","BLACK"
"BRUCE DEAN","11/16/1976","MALE","WHITE"
"CALVIN DEAN","03/29/1986","MALE","BLACK"
"CANDACE DEAN","05/05/1975","FEMALE","BLACK"
"CLARENCE DEAN","08/24/1974","MALE","BLACK"
"CLIFTON DEAN","01/12/1989","MALE","BLACK"
"CORNELL DEAN","12/25/1964","MALE","BLACK"
"DARREL DEAN","03/31/1981","MALE","WHITE"
"DARRIN DEAN","12/19/1981","MALE","BLACK"
"JAMES DEAN","03/10/1988","MALE","WHITE"
"JAMES DEAN","01/25/1985","MALE","BLACK"
"JAMES DEAN","09/23/1973","MALE","WHITE"
"JASON DEAN","11/22/1988","MALE","WHITE"
"JUSTIN DEAN","10/17/1994","MALE","WHITE"
"KENNETH DEAN","10/11/1989","MALE","BLACK"
"MACK DEAN","05/18/1961","MALE","WHITE"
"MAQUINTON DEAN","08/13/1992","MALE","BLACK"
"MICHAEL DEAN","07/29/1988","MALE","BLACK"
"OXAVIER DEAN","08/14/1985","MALE","BLACK"
"PERCY DEAN","08/03/1969","MALE","BLACK"
"PRESTON DEAN","09/25/1999","MALE","WHITE"
"RENSHAY DEAN","11/15/1993","MALE","BLACK"
"RICKY DEAN","03/06/1984","MALE","BLACK"
"TOMMIE DEAN","02/25/1979","MALE","BLACK"
"TYREE DEAN","10/10/1991","MALE","BLACK"
"WILLIAM DEAN","08/05/1965","MALE","WHITE"
"WILLIAM DEAN","02/04/1982","MALE","BLACK"
"DANIEL DEAR","11/28/2000","MALE","BLACK"
"GREGORY DEAR","02/06/1959","MALE","BLACK"
"DEWAYNE DEARING","11/11/1972","MALE","BLACK"
"JOSHUA DEARING","04/20/1986","MALE","BLACK"
"BRITT DEARINGER","07/09/1956","MALE","WHITE"
"CAROL DEARMAN","07/30/1970","FEMALE","WHITE"
"DAVID DEARMAN","04/24/1988","MALE","WHITE"
"JOSEPH DEARMAN","05/02/1974","MALE","WHITE"
"REBECCA DEARMAN","03/28/1972","FEMALE","WHITE"
"THOMAS DEARMAN","06/29/1993","MALE","BLACK"
"JUSTIN DEARMON","09/20/1990","MALE","WHITE"
"REBEKAH DEARMON","08/30/1983","FEMALE","WHITE"
"ALEX DEATON","09/17/1988","MALE","WHITE"
"SARA DEATON","04/30/1985","FEMALE","WHITE"
"MARK DEBROW","01/20/1967","MALE","WHITE"
"ROBERT DECATUR","05/18/1993","MALE","BLACK"
"JAMES DECICCO","08/27/1987","MALE","WHITE"
"WILLIAM DECKER","04/01/1984","MALE","WHITE"
"ZACHARY DECKER","10/17/1999","MALE","WHITE"
"ABLE DEDEAUX","06/01/1982","MALE","BLACK"
"DON DEDEAUX","12/24/1968","MALE","BLACK"
"EUGENE DEDEAUX","12/08/1983","MALE","BLACK"
"JOHN DEDEAUX","10/19/1967","MALE","BLACK"
"KEVIN DEDEAUX","11/16/1968","MALE","WHITE"
"MALCOLM DEDEAUX","01/06/1993","MALE","BLACK"
"OLANDER DEDEAUX","07/11/1993","MALE","BLACK"
"WADE DEDEAUX","10/18/1959","MALE","BLACK"
"ALEXANDER DEDEUAX","03/29/1996","MALE","BLACK"
"DERYL DEDMON","07/25/1992","MALE","WHITE"
"LEONARD DEE","03/11/1990","MALE","BLACK"
"JUSTIN DEEN","05/09/1992","MALE","WHITE"
"STEVEN DEEN","05/14/1991","MALE","WHITE"
"ULYLESSES DEER","05/02/1993","MALE","BLACK"
"JEFFREY DEES","01/13/1996","MALE","WHITE"
"JOHNATHAN DEES","04/13/1982","MALE","WHITE"
"ONTARIO DEFLANDERS","06/11/1989","MALE","BLACK"
"ROBIN DEFOOR","12/15/1972","FEMALE","WHITE"
"KEVIN DEFRIES","12/16/1961","MALE","WHITE"
"DENNIS DEGRAFFENREID","05/09/1950","MALE","BLACK"
"KEVIN DEHART","11/29/1973","MALE","WHITE"
"EARNEST DELANCEY","12/22/1989","MALE","WHITE"
"MICHAEL DELANCEY","11/29/1975","MALE","WHITE"
"STEPHEN DELANEY","03/26/1983","MALE","WHITE"
"STEPHEN DELASHMIT","09/22/1972","MALE","WHITE"
"LLOYD DELATTE","10/23/1961","MALE","WHITE"
"COLTON DELAUGHTER","06/24/1990","MALE","WHITE"
"COLTON DELAUGHTER","02/06/1997","MALE","WHITE"
"GARY DELAUGHTER","04/14/1984","MALE","WHITE"
"THAD DELAUGHTER","05/22/1975","MALE","WHITE"
"LUIS DELGADO","02/08/1989","MALE","SPANISH"
"MELISSA DELGADO","12/07/1991","FEMALE","SPANISH"
"ETHAN DELK","11/07/1991","MALE","WHITE"
"KENNETH DELK","09/25/1978","MALE","WHITE"
"ARCHIE DELOACH","07/08/1994","MALE","BLACK"
"DAVID DELOACH","11/30/1998","MALE","WHITE"
"JERRY DELOACH","12/05/1984","MALE","BLACK"
"JUSTIN DELOACH","04/29/1986","MALE","BLACK"
"MICHAEL DELOACH","03/26/1982","MALE","BLACK"
"ROBERT DELOACH","02/23/1981","MALE","BLACK"
"RODERICK DELOACH","11/07/1990","MALE","BLACK"
"ROSALYNN DELOACH","08/23/1992","FEMALE","BLACK"
"TOMMIE DELOACH","07/18/1996","MALE","BLACK"
"WALTER DELOACH","07/18/1986","MALE","BLACK"
"DONNA DEMANIOU","05/30/1966","FEMALE","WHITE"
"TIFFANY DEMENT","07/26/1984","FEMALE","WHITE"
"TIMOTHY DEMENT","04/03/1984","MALE","WHITE"
"JILL DEMORAN","10/28/1981","FEMALE","WHITE"
"NICHOLAS DEMORST","05/25/1990","MALE","BLACK"
"ROBERT DEMPSEY","03/03/1958","MALE","WHITE"
"MILTON DEMUS","10/17/1984","MALE","BLACK"
"FREDERICK DENDY","11/11/1949","MALE","WHITE"
"COREY DENHAM","03/08/1972","MALE","BLACK"
"MICHAEL DENHAM","04/30/1985","MALE","BLACK"
"PATRICK DENHAM","12/16/1963","MALE","BLACK"
"ANITA DENLEY","09/26/1967","FEMALE","WHITE"
"KELVIN DENMAN","11/01/1962","MALE","BLACK"
"KENDRE DENNEY","08/12/1994","MALE","BLACK"
"SARA DENNING","10/23/1962","FEMALE","WHITE"
"DANIEL DENNINGTON","03/24/1982","MALE","WHITE"
"ALBERT DENNIS","07/20/1955","MALE","WHITE"
"ALTREYIAL DENNIS","03/14/1995","MALE","BLACK"
"AMANDA DENNIS","02/15/1984","FEMALE","WHITE"
"AUNREE DENNIS","05/15/1993","MALE","BLACK"
"CHRISTOPHER DENNIS","08/18/1980","MALE","WHITE"
"CONWAY DENNIS","12/14/1983","MALE","BLACK"
"COREY DENNIS","12/17/1988","MALE","WHITE"
"CURTIS DENNIS","06/20/1985","MALE","BLACK"
"DARRIUS DENNIS","07/26/1984","MALE","BLACK"
"EDWARD DENNIS","01/03/1990","MALE","BLACK"
"HENRY DENNIS","03/28/1962","MALE","BLACK"
"JOHN DENNIS","08/21/1985","MALE","WHITE"
"JOSEPH DENNIS","01/27/1997","MALE","BLACK"
"JUSTIN DENNIS","12/23/1991","MALE","BLACK"
"KENNETH DENNIS","12/24/1957","MALE","BLACK"
"KENNY DENNIS","11/05/1985","MALE","BLACK"
"MARIO DENNIS","06/17/1988","MALE","BLACK"
"WELTON DENNIS","01/25/1995","MALE","WHITE"
"CHRISTOPHER DENSON","05/12/1999","MALE","BLACK"
"PAUL DENSON","10/03/1969","MALE","WHITE"
"BENJAMIN DENT","05/16/1986","MALE","BLACK"
"JOHN DENT","09/13/1958","MALE","BLACK"
"MARCUS DENT","04/15/1989","MALE","BLACK"
"PETER DENT","07/17/1991","MALE","BLACK"
"BLAKELY DENTON","01/24/1989","FEMALE","WHITE"
"JOHN DENTON","06/14/1996","MALE","WHITE"
"ROCDRIQUES DENTON","07/11/1991","MALE","BLACK"
"ALLEN DEPASQUALE","06/11/1976","MALE","WHITE"
"NICOLE DEPONS","12/10/1978","FEMALE","WHITE"
"COY DEPRIEST","09/18/1991","MALE","WHITE"
"JOHN DEQUEANT","05/22/1973","MALE","WHITE"
"CHARLIE DERRICK","03/12/1957","MALE","BLACK"
"TIMMY DERRICK","07/10/1969","MALE","BLACK"
"CHARLES DESCHAMPS","12/12/2000","MALE","WHITE"
"JEANINE DESHAZO","07/25/1960","FEMALE","WHITE"
"ROBERT DESHAZO","01/19/1965","MALE","WHITE"
"JUSTIN DESILVA","11/13/1991","MALE","BLACK"
"SHAWM DESPRES","09/22/1992","MALE","WHITE"
"SCOTT DETERS","10/15/1969","MALE","WHITE"
"JIMMY DEVANCE","10/17/1954","MALE","WHITE"
"DARIEN DEVEAUX","11/22/1992","MALE","BLACK"
"ROBERT DEVER","12/13/1961","MALE","WHITE"
"LYNDA DEVEREAUX","10/20/1992","FEMALE","WHITE"
"MICHAEL DEVERS","11/20/1955","MALE","WHITE"
"DENNIS DEVILBLISS","11/27/1972","MALE","WHITE"
"DURMAN DEVILLE","08/09/1978","MALE","BLACK"
"ADAM DEVINE","09/04/1995","MALE","WHITE"
"EDDIE DEVINE","01/10/1998","MALE","BLACK"
"ROBERT DEVOILS","01/07/1997","MALE","BLACK"
"EDWARD DEW","05/17/1977","MALE","WHITE"
"JOSEPH DEWBERRY","11/26/1992","MALE","WHITE"
"ANTONIO DEWEY","02/20/1987","MALE","BLACK"
"LESLIE DEWITT","03/07/1982","FEMALE","WHITE"
"DERRICK DEWOLF","03/13/1994","MALE","WHITE"
"PARIS DEXTER","09/20/1984","MALE","BLACK"
"ROBERT DEYARMETT","04/04/1972","MALE","WHITE"
"RAMANDEEP DHINDSA","05/16/1997","MALE","WHITE"
"EFFIE DIAMOND","06/14/1984","FEMALE","WHITE"
"MARK DIAMOND","03/11/1978","MALE","WHITE"
"DEREK DIAZ","05/12/1982","MALE","WHITE"
"FERNANDO DIAZ","08/13/1990","MALE","SPANISH"
"MATTHEW DIAZ","04/30/1986","MALE","SPANISH"
"CHRISTINE DICKEN","08/06/1985","FEMALE","WHITE"
"ROBERT DICKENS","09/16/1984","MALE","WHITE"
"JAMES DICKENSAUGE","05/04/1988","MALE","WHITE"
"CHRISTOPHER DICKERSON","01/11/1990","MALE","WHITE"
"DAVID DICKERSON","08/31/1969","MALE","WHITE"
"JACQUELINE DICKERSON","11/09/1987","FEMALE","WHITE"
"JEFFERY DICKERSON","09/02/1968","MALE","WHITE"
"JESSIE DICKERSON","08/22/1993","MALE","WHITE"
"JOSHUA DICKERSON","01/19/1989","MALE","WHITE"
"RICHARD DICKERSON","02/16/1961","MALE","BLACK"
"ESPY DICKEY","10/05/1974","MALE","BLACK"
"SAMUEL DICKEY","01/19/1972","MALE","BLACK"
"ZECHARIAH DICKEY","03/29/1978","MALE","WHITE"
"DALLAS DICKINSON","10/05/1994","MALE","WHITE"
"SYLVIA DICKINSON","07/19/1984","FEMALE","BLACK"
"EDWARD DICKSON","12/08/1982","MALE","BLACK"
"RANDY DIEHL","08/05/1965","MALE","WHITE"
"KENDRA DIELING","11/16/1987","FEMALE","WHITE"
"ERNEST DIEW","08/13/1992","MALE","BLACK"
"CHRIS DIFFERENT","03/20/1965","MALE","WHITE"
"SALVATORE DIGENNARO","03/15/1989","MALE","WHITE"
"KEION DIGGINS","07/16/1985","MALE","BLACK"
"DONALD DIGGS","04/19/1992","MALE","BLACK"
"JAMES DIGGS","04/25/1961","MALE","BLACK"
"SAMUEL DIGGS","12/13/1967","MALE","BLACK"
"TRAVIS DIGGS","06/04/1990","MALE","BLACK"
"GREGORY DILLARD","09/06/1982","MALE","WHITE"
"HARVEY DILLARD","06/05/1964","MALE","BLACK"
"JASPRELL DILLARD","10/17/1995","MALE","BLACK"
"JERMAINE DILLARD","07/30/1985","MALE","BLACK"
"JOHN DILLARD","09/27/1984","MALE","BLACK"
"MARTAVIUS DILLARD","06/10/1995","MALE","BLACK"
"MICHAEL DILLARD","09/30/1964","MALE","BLACK"
"SHAUN DILLARD","12/29/1978","MALE","WHITE"
"TAYLOR DILLARD","10/11/1993","MALE","BLACK"
"LINCOLN DILLE","10/09/1985","MALE","BLACK"
"ANTONIO DILLION","11/23/1989","MALE","BLACK"
"BRIDGETT DILLON","04/02/1990","FEMALE","WHITE"
"CLIFTON DILLON","05/07/1972","MALE","BLACK"
"DEVON DILLON","11/28/1992","MALE","BLACK"
"JAMES DILLON","02/02/1978","MALE","BLACK"
"JENNIFER DILLON","05/12/1985","FEMALE","BLACK"
"OLLIE DILLON","01/23/1982","MALE","BLACK"
"TINA DILLON","09/22/1971","FEMALE","WHITE"
"CHAVIS DILWORTH","11/14/1995","MALE","BLACK"
"DEONTE DILWORTH","05/26/1994","MALE","BLACK"
"ROBERT DILWORTH","09/21/1990","MALE","BLACK"
"WARREN DILWORTH","07/13/1977","MALE","BLACK"
"JASON DINGER","10/04/1980","MALE","WHITE"
"BRANDON DINH","07/13/1991","MALE","ASIAN"
"DARIUS DISMUKE","08/05/1976","MALE","BLACK"
"RODRIQUEZ DISMUKES","09/05/1970","MALE","BLACK"
"STEVEN DISON","07/03/1973","MALE","WHITE"
"NICHOLAS DIVELBLISS","06/22/1992","MALE","BLACK"
"ABRAHAM DIVINE","04/03/1981","MALE","WHITE"
"AUSTIN DIVINITY","09/20/1986","MALE","BLACK"
"NICHOLAS DIVINITY","07/23/1991","MALE","BLACK"
"ADRIAN DIXON","06/09/1986","MALE","BLACK"
"ANTHONY DIXON","02/25/1990","MALE","BLACK"
"ANTONIO DIXON","12/16/1974","MALE","BLACK"
"ATUNDO DIXON","04/11/1991","MALE","BLACK"
"BRANDON DIXON","09/07/1986","MALE","WHITE"
"BRYAN DIXON","09/15/1973","MALE","WHITE"
"CHANDLER DIXON","03/03/2002","MALE","WHITE"
"CHARLES DIXON","01/16/1985","MALE","WHITE"
"CHRISTOPHER DIXON","03/02/1989","MALE","BLACK"
"CLIFTON DIXON","03/27/1987","MALE","WHITE"
"DANIEL DIXON","05/15/1975","MALE","WHITE"
"DONALD DIXON","09/13/1993","MALE","BLACK"
"EMANUEL DIXON","11/19/1988","MALE","BLACK"
"EUGENIA DIXON","07/15/1975","FEMALE","BLACK"
"JACOBY DIXON","12/11/1993","MALE","BLACK"
"JARVIS DIXON","10/21/1985","MALE","BLACK"
"KENNETH DIXON","07/30/1982","MALE","WHITE"
"MARCUS DIXON","08/09/1978","MALE","BLACK"
"MARSHALL DIXON","08/29/1990","MALE","BLACK"
"MARY DIXON","05/20/1976","FEMALE","BLACK"
"PAUL DIXON","09/10/1971","MALE","WHITE"
"RASHIDA DIXON","11/20/1979","FEMALE","BLACK"
"RAY DIXON","12/13/1970","MALE","BLACK"
"RECARSH DIXON","06/14/1979","MALE","BLACK"
"ROTHELEO DIXON","08/10/1981","MALE","BLACK"
"SHOVOKIE DIXON","07/01/1975","MALE","BLACK"
"STORMIN DIXON","08/03/1998","MALE","AMERICAN"
"TELLY DIXON","04/17/1981","MALE","BLACK"
"TERRY DIXON","08/13/1980","MALE","WHITE"
"TORRIAN DIXON","06/10/1983","MALE","BLACK"
"VERNON DIXON","12/20/1991","MALE","BLACK"
"WAYNE DIXON","06/08/1951","MALE","WHITE"
"WILLIAM DIXON","04/11/1988","MALE","BLACK"
"CALVARIUS DIXON-SMITH","09/28/2003","MALE","BLACK"
"DOUNG DOAN","02/06/1968","MALE","ASIAN"
"CHARLES DOBBINS","03/26/1967","MALE","WHITE"
"ERIC DOBBINS","07/18/1988","MALE","WHITE"
"ANDRA DOBBS","07/22/1978","MALE","BLACK"
"CARL DOBBS","02/19/1954","MALE","WHITE"
"ERIC DOBBS","07/20/1990","MALE","BLACK"
"LUNEAL DOBBS","01/27/1981","MALE","BLACK"
"JERMAINE DOCKERY","08/08/1980","MALE","BLACK"
"MARIO DOCKERY","05/19/1979","MALE","BLACK"
"DEDRIC DODD","01/13/1981","MALE","BLACK"
"TERRENCE DODD","09/11/1981","MALE","BLACK"
"TIMOTHY DODD","10/04/1985","MALE","BLACK"
"CHAD DODDS","09/03/1970","MALE","WHITE"
"DECORIAN DODSON","05/07/1995","MALE","BLACK"
"JULIAN DODSON","11/19/1988","MALE","BLACK"
"STEVEN DODSON","11/17/1967","MALE","WHITE"
"WILLIAM DODSON","03/17/1996","MALE","WHITE"
"ANTONIUS DOGAN","03/23/1994","MALE","BLACK"
"CHRISTOPHER DOLAN","03/21/1978","MALE","WHITE"
"CHRISTOPHER DOLAN","01/07/1990","MALE","WHITE"
"ASHLEY DOLLAR","10/07/1994","FEMALE","WHITE"
"CHARLES DOLLAR","04/20/1965","MALE","WHITE"
"HAROLD DOLLAR","03/10/1959","MALE","WHITE"
"MICKEY DOLLAR","05/29/1996","MALE","WHITE"
"ROGER DOLLAR","11/30/1992","MALE","WHITE"
"AMILCAR DOMINGO","03/15/1992","MALE","SPANISH"
"JAMES DONAHOU","08/04/1982","MALE","WHITE"
"PERRY DONAHUE","06/21/1999","MALE","BLACK"
"AMBER DONALD","11/20/1983","FEMALE","WHITE"
"EVERETT DONALD","06/05/1980","MALE","BLACK"
"KENDRICK DONALD","04/10/1987","MALE","BLACK"
"REGINALD DONALD","11/15/1964","MALE","BLACK"
"TIMOTHY DONALD","10/11/1967","MALE","WHITE"
"TYSHAWN DONALD","11/14/1996","MALE","BLACK"
"ZACHARY DONALD","10/19/1985","MALE","WHITE"
"AMBER DONALDSON","01/01/1989","FEMALE","BLACK"
"FRANKLIN DONALDSON","04/03/1989","MALE","BLACK"
"MICHAEL DONALDSON","07/06/1979","MALE","WHITE"
"OMAR DONALDSON","05/08/1987","MALE","BLACK"
"ROBERT DONALDSON","03/20/1986","MALE","BLACK"
"TYTAVIS DONALDSON","04/23/1992","MALE","BLACK"
"ALBERT DONELSON","04/10/1973","MALE","BLACK"
"RON DONERSON","09/15/1990","MALE","BLACK"
"THOMASINA DONERSON","08/07/1986","FEMALE","BLACK"
"REBECCA DONLEY","09/06/1986","FEMALE","WHITE"
"ERIC DONSTON","10/06/1982","MALE","BLACK"
"KIRBY DONWELL","12/31/1991","MALE","BLACK"
"CLINTON DOOLEY","12/09/1971","MALE","WHITE"
"DONALD DOOLEY","12/19/1983","MALE","BLACK"
"JERRICO DOOLEY","07/02/1996","MALE","BLACK"
"JERRY DOOLEY","01/16/1970","MALE","WHITE"
"TOMMY DORA","04/22/1993","MALE","BLACK"
"TRENT DORA","09/20/1972","MALE","BLACK"
"HENRY DOREST","06/18/1980","MALE","BLACK"
"ERIC DORMAYER","08/17/1979","MALE","WHITE"
"BRYSON DORSEY","01/26/1999","MALE","BLACK"
"GENE DORSEY","10/22/1974","MALE","BLACK"
"JAMARL DORSEY","03/12/1992","MALE","BLACK"
"JAQUIRIUS DORSEY","12/06/2000","MALE","BLACK"
"LAKEITH DORSEY","04/14/1982","MALE","BLACK"
"PEAIRE DORSEY","07/22/1986","MALE","BLACK"
"RODNEY DORSEY","06/14/1973","MALE","BLACK"
"TANYA DORSEY","07/06/1968","FEMALE","BLACK"
"TANYA DORSEY","11/28/1965","FEMALE","BLACK"
"AARON DORTCH","11/09/1993","MALE","BLACK"
"DERRICK DORTCH","03/22/1978","MALE","BLACK"
"DONNELL DORTCH","07/17/1983","MALE","BLACK"
"JAMES DORTCH","11/26/1994","MALE","BLACK"
"MARVIN DORTCH","07/15/1975","MALE","BLACK"
"ALLEN DOSS","08/26/1973","MALE","BLACK"
"ANDRE DOSS","12/14/1981","MALE","BLACK"
"ANTHONY DOSS","11/03/1972","MALE","BLACK"
"ANTONIO DOSS","03/06/1994","MALE","BLACK"
"ARCHIE DOSS","08/31/1992","MALE","BLACK"
"DOMUNIQUE DOSS","10/04/1986","MALE","BLACK"
"FRED DOSS","07/24/1978","MALE","BLACK"
"JAHRI DOSS","05/05/1994","MALE","BLACK"
"JATAVIOUS DOSS","02/24/1993","MALE","BLACK"
"JERRY DOSS","11/17/1978","MALE","BLACK"
"JOHN DOSS","08/01/1972","MALE","WHITE"
"KEWON DOSS","07/24/1992","MALE","BLACK"
"LARTEZ DOSS","03/16/1992","MALE","BLACK"
"QUINTRELLE DOSS","07/01/1992","MALE","BLACK"
"RICKY DOSS","07/10/1992","MALE","BLACK"
"SHAWN DOSS","11/18/1977","MALE","BLACK"
"TYTAVION DOSS","12/09/1994","MALE","BLACK"
"UNDRAE DOSS","07/19/1984","MALE","BLACK"
"WILLIE DOSS","06/20/1955","MALE","BLACK"
"JAMES DOSSETT","07/26/1961","MALE","WHITE"
"ROBERT DOSSETT","09/11/1976","MALE","WHITE"
"TOMMY DOSSETT","08/22/1970","MALE","WHITE"
"RODNEY DOSTER","08/27/1948","MALE","BLACK"
"ALICIA DOTSON","03/22/1969","FEMALE","WHITE"
"BOBBY DOTSON","11/13/1976","MALE","BLACK"
"CHRISTOPHER DOTSON","03/29/1983","MALE","BLACK"
"CURTIS DOTSON","08/11/1988","MALE","BLACK"
"DEANDRE DOTSON","01/23/1994","MALE","BLACK"
"DONTA DOTSON","12/09/1977","MALE","BLACK"
"DUNTA DOTSON","06/26/1989","MALE","BLACK"
"GEORGE DOTSON","10/18/1981","MALE","BLACK"
"JOHNNY DOTSON","10/27/1988","MALE","BLACK"
"JUSTIN DOTSON","05/23/1992","MALE","BLACK"
"KEITH DOTSON","09/21/1985","MALE","WHITE"
"KENDRICK DOTSON","11/29/1981","MALE","BLACK"
"ROY DOTSON","08/30/1983","MALE","BLACK"
"TERRANCE DOTSTRY","05/06/1975","MALE","BLACK"
"WILLIE DOTSTRY","08/08/1996","MALE","BLACK"
"LEONARD DOUGALEWICZ","05/31/1977","MALE","WHITE"
"DAVID DOUGALEWIECZ","07/15/1982","MALE","WHITE"
"PETER DOUGHERTY","08/13/1981","MALE","WHITE"
"RICHARD DOUGHERTY","05/14/1995","MALE","WHITE"
"DONALD DOUGLAS","07/02/1979","MALE","WHITE"
"ERIC DOUGLAS","07/16/1984","MALE","BLACK"
"JEROME DOUGLAS","11/01/1976","MALE","BLACK"
"KENNETH DOUGLAS","02/22/1960","MALE","WHITE"
"KEVIN DOUGLAS","07/07/1985","MALE","BLACK"
"LARRY DOUGLAS","12/28/1995","MALE","BLACK"
"QUITMAN DOUGLAS","11/15/1949","MALE","BLACK"
"ROBERT DOUGLAS","12/09/1984","MALE","WHITE"
"JACOB DOVE","02/25/1992","MALE","WHITE"
"GREGORY DOWD","07/04/1987","MALE","BLACK"
"MICHAEL DOWDA","09/11/1964","MALE","WHITE"
"CARY DOWDEN","04/10/1965","MALE","WHITE"
"TIMOTHY DOWDLE","10/08/1975","MALE","WHITE"
"ANTONIO DOWDY","08/30/1993","MALE","BLACK"
"DEXTER DOWDY","01/24/1970","MALE","BLACK"
"JOE DOWDY","07/26/1979","MALE","BLACK"
"SAMUEL DOWDY","03/07/1996","MALE","WHITE"
"TONY DOWDY","01/23/1972","MALE","BLACK"
"JAMES DOWELL","02/07/1996","MALE","BLACK"
"PAUL DOWNER","07/24/1989","MALE","WHITE"
"ROBET DOWNING","12/15/1988","MALE","WHITE"
"SEAN DOWNING","02/07/1971","MALE","WHITE"
"TARYN DOWNING","11/10/1988","FEMALE","WHITE"
"DEVIN DOWNS","04/06/1995","MALE","WHITE"
"GEORGE DOWNS","04/01/1987","MALE","WHITE"
"JASON DOWSE","07/12/1987","MALE","WHITE"
"HOWARD DOYLE","12/10/1991","MALE","BLACK"
"JAMES DOYLE","12/16/1991","MALE","WHITE"
"JOHNNY DOYLE","10/31/1978","MALE","WHITE"
"MARSHON DOYLE","03/31/1997","MALE","BLACK"
"EDDIE DOZIER","12/12/1982","MALE","BLACK"
"KOLBY DRAGON","08/23/1994","MALE","WHITE"
"DEONTE DRAIN","03/01/1995","MALE","BLACK"
"MICHAEL DRAIN","05/02/1992","MALE","BLACK"
"SHIRLEY DRAIN","03/13/1989","FEMALE","BLACK"
"ERIC DRAKE","06/01/1979","MALE","BLACK"
"GEORGE DRAKE","11/14/1948","MALE","WHITE"
"JULIUS DRAKE","07/30/1979","MALE","BLACK"
"KENNETH DRAKE","09/15/1988","MALE","WHITE"
"MICHAEL DRAKE","12/15/1992","MALE","BLACK"
"OTIS DRAKE","03/01/1996","MALE","BLACK"
"RASHAD DRAKE","09/28/1991","MALE","BLACK"
"TIFFANY DRAKE","10/29/1984","FEMALE","BLACK"
"WILLIAM DRAKE","10/26/1979","MALE","BLACK"
"ZIAIRE DRANE","05/09/2001","MALE","BLACK"
"MICHAEL DRANKUS","05/27/1963","MALE","WHITE"
"AUNDRICUS DRAPER","08/04/1991","MALE","BLACK"
"KATINA DRAPER","07/25/1972","FEMALE","BLACK"
"WARREN DRAPER","11/06/1995","MALE","BLACK"
"KEITH DRAUGHN","10/28/1963","MALE","BLACK"
"JETHRELL DRAYTON","12/26/1998","MALE","BLACK"
"JARED DRENNAN","07/20/1976","MALE","WHITE"
"RONALD DRESSNER","07/17/1978","MALE","WHITE"
"REBECCA DREW","10/27/1969","FEMALE","WHITE"
"MITCHELL DRISH","08/21/1984","MALE","BLACK"
"DEMETRICE DRONE","11/29/1991","MALE","BLACK"
"ROBERT DRONES","07/08/1988","MALE","BLACK"
"JACORIS DRUMMER","03/03/1993","MALE","BLACK"
"TAMEKA DRUMMER","04/25/1974","FEMALE","BLACK"
"CHRISTOPHER DRUMMOND","12/11/1977","MALE","BLACK"
"LAWRENCE DRUMMOND","01/21/1987","MALE","BLACK"
"TRUMAINE DRUMMOND","07/29/1983","MALE","BLACK"
"DAVID DUBARD","09/20/1970","MALE","WHITE"
"MICHAEL DUBBS","07/11/1952","MALE","WHITE"
"ALESHIA DUBOSE","10/08/1981","FEMALE","WHITE"
"COREY DUBOSE","08/03/1979","MALE","BLACK"
"DAVON DUBOSE","12/03/1991","MALE","BLACK"
"KEITH DUBOSE","05/06/1990","MALE","BLACK"
"PRINCE DUBOSE","05/04/1981","MALE","BLACK"
"ROBERT DUBOSE","05/15/1959","MALE","BLACK"
"KENNETH DUBROC","08/03/1977","MALE","WHITE"
"JOHN DUBUISSON","02/25/1971","MALE","WHITE"
"ROVON DUCK","06/05/1985","MALE","BLACK"
"WILLIE DUCK","10/22/1976","MALE","BLACK"
"DANDRE DUCKSWORTH","07/20/1995","MALE","BLACK"
"DANIEL DUCKSWORTH","08/01/1983","MALE","BLACK"
"ELNORSH DUCKSWORTH","11/14/1953","MALE","BLACK"
"JEFFEREY DUCKSWORTH","02/25/1977","MALE","BLACK"
"JEREMY DUCKSWORTH","08/18/1992","MALE","BLACK"
"JOANN DUCKSWORTH","07/27/1984","FEMALE","BLACK"
"KENYON DUCKSWORTH","07/12/1982","MALE","BLACK"
"LAJURIUS DUCKSWORTH","06/19/1972","MALE","BLACK"
"MICHAEL DUCKSWORTH","01/07/1994","MALE","BLACK"
"NORA DUCKSWORTH","01/21/1993","MALE","BLACK"
"PATRICK DUCKSWORTH","08/22/1983","MALE","BLACK"
"PATRICK DUCKSWORTH","02/02/1977","MALE","BLACK"
"ROY DUCKSWORTH","10/18/1982","MALE","BLACK"
"TARA DUCKSWORTH","09/06/1988","FEMALE","BLACK"
"TONY DUCKSWORTH","10/09/1977","MALE","BLACK"
"DAMIAN DUCKWORTH","06/17/1994","MALE","BLACK"
"GREG DUCKWORTH","05/15/1969","MALE","WHITE"
"KRISTOPHER DUCKWORTH","09/28/1997","MALE","BLACK"
"L.W. DUCKWORTH","02/18/1986","MALE","BLACK"
"LAURENCE DUCKWORTH","11/19/1982","MALE","BLACK"
"STACY DUCKWORTH","01/14/1982","FEMALE","WHITE"
"FRANK DUCOTE","04/25/1968","MALE","WHITE"
"EDDIE DUDLEY","06/15/1960","MALE","BLACK"
"TERRY DUDLEY","05/17/1962","MALE","BLACK"
"JASMINE DUFFY","06/19/1984","MALE","BLACK"
"DONALD DUFOUR","03/22/1957","MALE","WHITE"
"TAYE DUFRENE","01/10/2000","MALE","WHITE"
"LOUIS DUHON","11/21/1972","MALE","WHITE"
"CHARLES DUKE","05/13/1980","MALE","WHITE"
"DAVID DUKE","02/12/1995","MALE","WHITE"
"EDWIN DUKE","07/01/1972","MALE","WHITE"
"GEORGE DUKE","07/16/1952","MALE","WHITE"
"JESSE DUKE","05/31/1990","MALE","WHITE"
"MIRANDA DUKE","01/18/1990","FEMALE","WHITE"
"ANTWAIN DUKES","12/29/1998","MALE","BLACK"
"DANIEL DUKES","10/02/1994","MALE","BLACK"
"EMANUEL DUKES","08/20/1992","MALE","BLACK"
"GEORGE DUKES","12/22/1980","MALE","BLACK"
"JOHN DUKES","01/06/1985","MALE","WHITE"
"JOHNNY DUKES","05/22/1960","MALE","BLACK"
"JONATHAN DUKES","02/13/1994","MALE","BLACK"
"KELVIN DUKES","01/12/1967","MALE","BLACK"
"KRISTI DUKES","03/01/1980","FEMALE","WHITE"
"STEPHEN DUKES","12/18/1979","MALE","WHITE"
"TERRY DUKES","09/15/1963","MALE","BLACK"
"ALAN DULANEY","01/14/1994","MALE","BLACK"
"JEREMY DULANEY","01/13/1979","MALE","WHITE"
"KENYAURN DULANEY","06/04/1982","MALE","BLACK"
"AARON DUMAS","12/05/1979","MALE","BLACK"
"ERICA DUMAS","02/10/1984","FEMALE","WHITE"
"JAY DUMAS","12/16/1979","MALE","WHITE"
"TODD DUMPSON","01/31/1965","MALE","BLACK"
"BILLY DUNAWAY","09/29/1963","MALE","WHITE"
"JAMES DUNAWAY","01/05/1962","MALE","WHITE"
"LARRY DUNAWAY","01/28/1974","MALE","WHITE"
"JAMES DUNBAR","04/14/1967","MALE","BLACK"
"BRIAN DUNCAN","11/18/1973","MALE","WHITE"
"CANDIS DUNCAN","10/31/1987","FEMALE","WHITE"
"DERWOOD DUNCAN","08/23/1965","MALE","WHITE"
"JATERIOUS DUNCAN","04/05/1990","MALE","BLACK"
"JONATHAN DUNCAN","09/01/1982","MALE","BLACK"
"JOSEPH DUNCAN","04/03/1983","MALE","BLACK"
"LIONELL DUNCAN","10/25/1994","MALE","BLACK"
"LULA DUNCAN","12/20/1977","FEMALE","BLACK"
"NIKARRA DUNCAN","07/29/1977","MALE","BLACK"
"RANDALL DUNCAN","10/29/1989","MALE","WHITE"
"ROBERT DUNCAN","06/11/1973","MALE","BLACK"
"ROY DUNCAN","09/24/1983","MALE","WHITE"
"SHAWN DUNCAN","07/03/1975","MALE","WHITE"
"WENDELL DUNCAN","01/16/1960","MALE","BLACK"
"CHRISTY DUNCAN-BRUMFIE","01/27/1975","FEMALE","WHITE"
"LARRY DUNGAN","06/09/1947","MALE","WHITE"
"ARTHUR DUNLAP","08/23/1993","MALE","WHITE"
"DONALD DUNLAP","07/24/1987","MALE","WHITE"
"GREGORY DUNLAP","05/12/1964","MALE","WHITE"
"JAMES DUNLAP","11/28/1982","MALE","BLACK"
"RICO DUNLAP","04/30/1973","MALE","BLACK"
"STEPHEN DUNLAP","08/14/1995","MALE","WHITE"
"CHARLES DUNN","12/24/1968","MALE","WHITE"
"GREGORY DUNN","07/18/1967","MALE","BLACK"
"JASON DUNN","04/04/1977","MALE","WHITE"
"JOHNNY DUNN","08/27/1990","MALE","BLACK"
"KENNY DUNN","07/14/1990","MALE","BLACK"
"RICHARD DUNN","02/13/1959","MALE","WHITE"
"STEPHANIE DUNN","08/01/1982","FEMALE","WHITE"
"KENDRICK DUNNAWAY","11/11/1979","MALE","BLACK"
"DEXTER DUNNIGAN","12/30/1991","MALE","BLACK"
"JAMES DUNNIGAN","07/18/1981","MALE","BLACK"
"MONTRELL DUNNIGAN","07/28/1990","MALE","BLACK"
"TAMEEKA DUNNIGAN","06/10/1984","FEMALE","BLACK"
"WILLIAM DUNNING","07/08/1992","MALE","BLACK"
"ELIJAH DUNOMES","08/13/1991","MALE","BLACK"
"AARON DUPLANTIS","06/11/1990","MALE","WHITE"
"DAVID DUPLANTIS","08/21/1968","MALE","WHITE"
"MICHAEL DUPONT","05/17/1974","MALE","WHITE"
"PATRICK DUPREE","07/15/1970","MALE","BLACK"
"COREY DUPUY","11/09/1987","MALE","WHITE"
"FARRELL DUPUY","03/05/1977","MALE","WHITE"
"MYLINDA DURAN","05/26/1962","FEMALE","WHITE"
"WALTER DURAN","12/21/1985","MALE","WHITE"
"CORDARIUS DURANT","12/22/1991","MALE","BLACK"
"MAVRICK DURBIN","03/05/1972","MALE","WHITE"
"CHRISTOPHER DURDEN","03/03/1987","MALE","WHITE"
"KENNY DURDEN","06/07/1978","MALE","BLACK"
"MICHAEL DURDIN","12/10/1970","MALE","WHITE"
"FREDERICK DURHAM","07/20/1974","MALE","BLACK"
"GEORGE DURHAM","01/24/1964","MALE","WHITE"
"PRINTUS DURHAM","01/21/1978","MALE","WHITE"
"ANTHONY DURR","11/17/1964","MALE","BLACK"
"FREDDIE DURR","08/17/1988","MALE","BLACK"
"JAMEREO DURR","01/08/1977","MALE","BLACK"
"JAMES DURR","11/05/1976","MALE","WHITE"
"JARVIS DURR","01/11/1993","MALE","BLACK"
"JEFFREY DURR","12/16/1971","MALE","BLACK"
"JERRY DURR","01/17/1987","MALE","BLACK"
"LARRY DURR","04/14/1989","MALE","BLACK"
"NICHOLAS DURR","08/18/1973","MALE","BLACK"
"ANTHONY DURRAH","11/21/1979","MALE","BLACK"
"JOSEPH DUSSETT","09/10/1984","MALE","BLACK"
"DOUGLAS DUTCHER","07/14/1964","MALE","WHITE"
"JAMES DUTSCHKE","06/14/1971","MALE","WHITE"
"NATALIE DUVERNAY","08/28/1979","FEMALE","BLACK"
"NICHOLETTE DUZANT","04/22/1991","FEMALE","BLACK"
"TIMOTHY DWIGGINS","07/04/1969","MALE","WHITE"
"PAUL DYBAS","01/23/1964","MALE","WHITE"
"EARL DYCUS","03/14/1954","MALE","WHITE"
"KELVIN DYCUS","09/19/1979","MALE","WHITE"
"TERRY DYCUS","09/14/1973","MALE","WHITE"
"CHARLES DYE","05/01/1988","MALE","WHITE"
"JOHN DYE","08/28/1971","MALE","WHITE"
"LORENZO DYE","11/11/1987","MALE","BLACK"
"MICHAEL DYE","08/07/1971","MALE","BLACK"
"MICHAEL DYE","04/11/1989","MALE","WHITE"
"ZACHARY DYE","01/11/1987","MALE","WHITE"
"JAMES DYER","07/28/1987","MALE","ASIAN"
"JOHN DYES","12/17/1980","MALE","BLACK"
"DAROLD DYKES","07/30/1970","MALE","WHITE"
"REGINALD DYSON","11/04/1976","MALE","BLACK"
