"DAVID EACHOLES","01/27/1983","MALE","BLACK"
"JEREMY EADES","04/26/1987","MALE","AMERICAN"
"LACLINTON EADES","01/26/1981","MALE","BLACK"
"DAVID EADS","12/05/1982","MALE","WHITE"
"JEFFERY EADS","02/01/1977","MALE","WHITE"
"JOSHUA EADS","11/05/1980","MALE","WHITE"
"CHRISTOPHER EAKINS","12/27/1987","MALE","WHITE"
"SHEILA EALEY","08/03/1968","FEMALE","BLACK"
"EUGENE EALY","08/13/1988","MALE","BLACK"
"TIMOTHY EALY","11/21/1995","MALE","BLACK"
"JOHN EANES","06/23/1942","MALE","BLACK"
"DARVION EARL","05/17/1993","MALE","BLACK"
"RANDALE EARL","11/16/1975","MALE","BLACK"
"DAVID EARLEY","08/30/1965","MALE","WHITE"
"CHRISTINA EARLS","06/28/1973","FEMALE","WHITE"
"CHRISTOPHER EARLY","07/12/1978","MALE","WHITE"
"ANTON EARNEST","10/20/1990","MALE","BLACK"
"JEREMY EARNEST","12/29/1984","MALE","BLACK"
"LANCE EARNEST","11/04/1985","MALE","BLACK"
"PHILLIP EARNEST","06/14/1968","MALE","WHITE"
"CLINT EARVIN","11/15/1969","MALE","BLACK"
"DANIELLE EARVIN","08/27/1979","MALE","BLACK"
"DANIEL EASLEY","12/21/1978","MALE","WHITE"
"JAMARQUIS EASLEY","02/06/1988","MALE","BLACK"
"JAMES EASLEY","04/10/1981","MALE","WHITE"
"LAVARES EASLEY","03/21/1979","MALE","BLACK"
"MICHAEL EASLEY","03/21/1971","MALE","BLACK"
"TAYLOR EASLEY","12/19/1980","MALE","WHITE"
"WILLIE EASLEY","06/07/1979","MALE","BLACK"
"HAILEY EASON","02/10/1993","FEMALE","WHITE"
"HARRY EASON","01/01/1948","MALE","WHITE"
"STEVEN EASON","09/15/1975","MALE","WHITE"
"BARON EASTER","09/13/1962","MALE","BLACK"
"ART EASTERLING","04/08/1971","MALE","BLACK"
"BRIAN EASTERLING","09/20/1979","MALE","BLACK"
"DEVONTAE EASTERLING","05/17/1992","MALE","BLACK"
"DIAZ EASTERLING","01/11/1994","MALE","BLACK"
"GARY EASTERLING","06/01/1976","MALE","BLACK"
"JAMES EASTERLING","05/02/1976","MALE","BLACK"
"JONATHAN EASTERLING","11/24/1985","MALE","WHITE"
"MARCUS EASTERLING","05/12/1993","MALE","BLACK"
"MATTHEW EASTERLING","10/17/1984","MALE","BLACK"
"SAMUEL EASTERLING","08/16/1975","MALE","WHITE"
"JERRAL EASTERWOOD","07/10/1987","MALE","BLACK"
"CHRISTOPHER EASTMAN","06/10/1974","MALE","WHITE"
"CAMERON EATMON","07/12/1993","MALE","BLACK"
"IVAN EATMON","08/24/1998","MALE","BLACK"
"BRANDON EATON","10/28/1985","MALE","WHITE"
"CHANCELLOR EATON","08/08/1988","MALE","WHITE"
"JAMIE EATON","01/18/1992","MALE","WHITE"
"MATTHEW EATON","08/11/1992","MALE","WHITE"
"RYAN EATON","02/12/1996","MALE","WHITE"
"JOSEPH EAVES","12/05/1972","MALE","WHITE"
"LEO EAVES","01/20/1956","MALE","WHITE"
"JARVIS EBE","06/01/1988","MALE","BLACK"
"DEAIRIS ECHOLES","11/27/1989","MALE","BLACK"
"MARKEITA ECHOLS","12/20/1979","MALE","BLACK"
"TRENTON ECHOLS","02/02/1989","MALE","BLACK"
"MARK ECKARD","04/24/1956","MALE","WHITE"
"ANTHONY ECKHARDT","01/05/1974","MALE","WHITE"
"CHASITY EDDINGS","09/09/2001","FEMALE","WHITE"
"WILLIAM EDDINGS","04/23/2003","MALE","WHITE"
"LAFAYCUS EDEN","12/31/1987","MALE","BLACK"
"MARCUS EDGE","10/11/1972","MALE","WHITE"
"MARILYN EDGE","01/14/1990","FEMALE","WHITE"
"HUDSON EDGET","09/15/1979","MALE","BLACK"
"ARTHUR EDISON","10/16/1980","MALE","BLACK"
"DEAVONTA EDMOND","10/02/1992","MALE","BLACK"
"JIM EDMOND","11/16/1990","MALE","WHITE"
"PATRICK EDMOND","03/15/1971","MALE","BLACK"
"CHARLES EDMONDSON","11/10/1984","MALE","WHITE"
"TAEONA EDMONDSON","03/01/1996","FEMALE","BLACK"
"APRIL EDNEY","07/19/1980","FEMALE","BLACK"
"LEON EDWARD","03/15/1965","MALE","BLACK"
"AMOS EDWARDS","02/19/1998","MALE","WHITE"
"ANTHONY EDWARDS","09/08/1985","MALE","BLACK"
"ANTHONY EDWARDS","03/20/1965","MALE","BLACK"
"ANTONIO EDWARDS","06/05/1998","MALE","BLACK"
"ASHTON EDWARDS","08/09/1986","MALE","WHITE"
"BERNARD EDWARDS","03/15/1976","MALE","BLACK"
"BRANDON EDWARDS","02/06/1995","MALE","BLACK"
"CHARLES EDWARDS","11/19/1960","MALE","BLACK"
"CHRIS EDWARDS","02/01/1981","MALE","WHITE"
"CHRISTOPHER EDWARDS","09/03/1983","MALE","BLACK"
"CHUCK EDWARDS","09/15/1982","MALE","WHITE"
"CRYSTAL EDWARDS","06/20/1985","FEMALE","WHITE"
"CURTIS EDWARDS","01/08/1995","MALE","BLACK"
"DEMARIS EDWARDS","09/26/1993","MALE","BLACK"
"DETRAVONNE EDWARDS","10/24/1994","MALE","BLACK"
"DONALD EDWARDS","03/04/1971","MALE","WHITE"
"EMILY EDWARDS","12/12/1983","FEMALE","WHITE"
"ERIC EDWARDS","10/30/1987","MALE","BLACK"
"FONTRELL EDWARDS","09/22/1977","MALE","BLACK"
"JACOB EDWARDS","12/25/1992","MALE","WHITE"
"JAMERRIS EDWARDS","10/03/1996","MALE","BLACK"
"JAMES EDWARDS","02/25/1982","MALE","BLACK"
"JAMES EDWARDS","06/16/1975","MALE","WHITE"
"JEMARCUS EDWARDS","08/26/1983","MALE","BLACK"
"JEREMIE EDWARDS","01/22/1985","MALE","BLACK"
"JERMICHAEL EDWARDS","04/18/1989","MALE","BLACK"
"JOHN EDWARDS","11/07/1960","MALE","WHITE"
"JOHNNY EDWARDS","07/26/1994","MALE","BLACK"
"JONATHAN EDWARDS","12/18/1961","MALE","BLACK"
"KASEY EDWARDS","04/02/1975","MALE","WHITE"
"KEITH EDWARDS","01/06/1969","MALE","WHITE"
"KENDRICK EDWARDS","12/16/1990","MALE","BLACK"
"KITDA EDWARDS","04/20/1984","FEMALE","WHITE"
"LUCAS EDWARDS","08/29/1988","MALE","BLACK"
"MELVIN EDWARDS","11/14/1978","MALE","BLACK"
"MENDEDDIO EDWARDS","08/20/1974","MALE","BLACK"
"NAPOLEON EDWARDS","12/10/1978","MALE","BLACK"
"NATHAN EDWARDS","06/19/1981","MALE","WHITE"
"NATHANIEL EDWARDS","04/27/1945","MALE","BLACK"
"OCTAVER EDWARDS","11/13/1964","MALE","BLACK"
"QUADARIOUS EDWARDS","03/31/1994","MALE","BLACK"
"RAYMOND EDWARDS","10/31/1971","MALE","BLACK"
"REGINALD EDWARDS","09/09/1982","MALE","BLACK"
"RICHIE EDWARDS","11/26/1974","MALE","BLACK"
"RICO EDWARDS","05/27/1983","MALE","BLACK"
"ROBERT EDWARDS","05/19/1997","MALE","WHITE"
"ROY EDWARDS","08/31/1990","MALE","WHITE"
"SHERON EDWARDS","12/02/1975","MALE","BLACK"
"TEVIN EDWARDS","08/10/1995","MALE","BLACK"
"TRAVIS EDWARDS","10/31/1972","MALE","WHITE"
"TREVOR EDWARDS","06/04/1977","MALE","BLACK"
"TYRON EDWARDS","05/20/1977","MALE","BLACK"
"VINCENT EDWARDS","04/29/1973","MALE","BLACK"
"ZACHARIUS EDWARDS","11/16/1998","MALE","BLACK"
"ZEKEZ EDWARDS","01/10/1998","MALE","BLACK"
"ROSEMARY EGAN","03/11/1990","FEMALE","WHITE"
"PAUL EGGLESTON","05/02/1991","MALE","BLACK"
"DREW EICHENSEHR","05/30/1990","MALE","WHITE"
"FREDDIE EILAND","12/23/1968","MALE","BLACK"
"TYREKUS EILAND","02/02/1988","MALE","BLACK"
"JAMIE ELAIRE","10/01/1985","MALE","BLACK"
"KEVIN ELDERS","11/27/1971","MALE","BLACK"
"JOHN ELDRED","03/11/1995","MALE","WHITE"
"KENDRAVIUS ELDRIDGE","01/01/1995","MALE","BLACK"
"KEVIN ELDRIDGE","10/25/1975","MALE","WHITE"
"CARL ELEY","02/04/1985","MALE","BLACK"
"JOSEPH ELGIN","03/27/1992","MALE","WHITE"
"JOAQUIN ELKINS","04/13/1990","MALE","BLACK"
"BARRY ELLENDER","04/09/1983","MALE","WHITE"
"JOHN ELLETT","03/21/1973","MALE","WHITE"
"WILLIAM ELLETT","12/06/1989","MALE","WHITE"
"KENNETH ELLINGTON","06/15/1978","MALE","WHITE"
"LEONARD ELLINGTON","10/04/1976","MALE","BLACK"
"TONY ELLIOT","09/09/1986","MALE","BLACK"
"CHRISTOPHER ELLIOTT","11/13/1972","MALE","WHITE"
"CYNTHIA ELLIOTT","08/17/1990","FEMALE","BLACK"
"KENDRICK ELLIOTT","12/20/1995","MALE","BLACK"
"KIMETRY ELLIOTT","03/23/1996","MALE","BLACK"
"RANESHA ELLIOTT","08/06/1992","FEMALE","BLACK"
"VANTONIAS ELLIOTT","05/17/1961","MALE","BLACK"
"ADA ELLIS","05/31/1986","FEMALE","WHITE"
"ANTWON ELLIS","10/07/1979","MALE","BLACK"
"ASHLEY ELLIS","07/01/1993","FEMALE","WHITE"
"AUSTIN ELLIS","05/06/1998","MALE","WHITE"
"BENJAMIN ELLIS","02/27/1980","MALE","WHITE"
"BERNARD ELLIS","01/12/1966","MALE","BLACK"
"CALVIN ELLIS","06/08/1974","MALE","WHITE"
"CARLOS ELLIS","09/25/1982","MALE","BLACK"
"CEDRIC ELLIS","01/25/1971","MALE","BLACK"
"CHRISTOPHER ELLIS","10/28/1980","MALE","WHITE"
"CHRISTOPHER ELLIS","04/18/1980","MALE","WHITE"
"CLIFTON ELLIS","09/25/1989","MALE","WHITE"
"DARIUS ELLIS","10/18/1994","MALE","BLACK"
"DARRYN ELLIS","09/11/1997","MALE","BLACK"
"DAVID ELLIS","12/22/1979","MALE","BLACK"
"DEUNTA ELLIS","04/26/1992","MALE","BLACK"
"EDDIE ELLIS","01/20/1955","MALE","WHITE"
"ERIK ELLIS","02/03/1982","MALE","BLACK"
"FREDRICK ELLIS","07/04/1980","MALE","BLACK"
"JASON ELLIS","06/23/1982","MALE","BLACK"
"JEREMY ELLIS","01/04/1990","MALE","BLACK"
"JESSICA ELLIS","12/06/1982","FEMALE","WHITE"
"JIMMY ELLIS","02/09/1962","MALE","BLACK"
"JOHNNY ELLIS","08/28/1961","MALE","WHITE"
"KARL ELLIS","06/27/1995","MALE","BLACK"
"KEIMON ELLIS","08/18/2000","MALE","BLACK"
"KODI ELLIS","12/29/1978","MALE","BLACK"
"LAMICHAEL ELLIS","09/16/1994","MALE","BLACK"
"LEE ELLIS","07/30/1969","MALE","BLACK"
"LESTER ELLIS","06/30/1963","MALE","BLACK"
"MELINDA ELLIS","06/08/1965","FEMALE","BLACK"
"ROBERT ELLIS","02/23/1975","MALE","WHITE"
"ROBERT ELLIS","05/09/1955","MALE","BLACK"
"ROBERT ELLIS","10/07/1984","MALE","BLACK"
"THOMAS ELLIS","11/19/1954","MALE","BLACK"
"TORRIE ELLIS","06/02/1980","MALE","BLACK"
"TRACY ELLIS","08/19/1981","MALE","BLACK"
"TRAVIS ELLIS","12/01/1981","MALE","BLACK"
"TROY ELLIS","09/06/1967","MALE","BLACK"
"WESLEY ELLIS","04/25/1980","MALE","BLACK"
"WILLIE ELLIS","09/09/1977","MALE","BLACK"
"YVON ELLIS","05/06/1967","MALE","BLACK"
"DANIEL ELLISON","12/10/1985","MALE","WHITE"
"JERRAD ELLSBERRY","12/01/1979","MALE","WHITE"
"ALVONTE ELMORE","02/26/2000","MALE","BLACK"
"DEANGELO ELMORE","01/21/1989","MALE","BLACK"
"JEFFERY ELMORE","05/09/1986","MALE","WHITE"
"SHERODRICK ELMORE","11/15/2001","MALE","BLACK"
"DERRION ELOBY","09/16/1995","MALE","BLACK"
"JUSTIN ELPERS","10/10/1990","MALE","WHITE"
"STEVEN ELROD","02/09/1988","MALE","WHITE"
"CHRISTOPHER ELZIE","06/15/1971","MALE","BLACK"
"JYRAN ELZIE","01/14/2001","MALE","BLACK"
"REYNARD ELZY","04/21/1983","MALE","BLACK"
"CLINTON EMERSON","10/31/1961","MALE","BLACK"
"DAVID EMERSON","06/12/1984","MALE","WHITE"
"DAVID EMERSON","07/15/1991","MALE","WHITE"
"YVONNE EMERSON","11/01/1977","FEMALE","WHITE"
"JESSICA EMERY","02/15/1990","FEMALE","WHITE"
"SHERRY EMILE","07/09/1971","FEMALE","WHITE"
"JUSTIN ENDRES","11/10/1981","MALE","SPANISH"
"JEYCOB ENGLAND","07/29/1990","MALE","WHITE"
"ALLISON ENGLE","11/12/1982","FEMALE","WHITE"
"BRYAN ENGLEBERT","01/20/1980","MALE","WHITE"
"RICHARD ENGLEBERT","10/04/1981","MALE","WHITE"
"CALVIN ENGLISH","09/08/1969","MALE","BLACK"
"JOEL ENGLISH","11/02/1985","MALE","WHITE"
"ROBERT ENGLISH","08/12/1986","MALE","WHITE"
"WESLEY ENIS","12/27/1991","MALE","WHITE"
"FREDERICK ENOS","09/24/1970","MALE","BLACK"
"WILBOURN ENSEY","12/30/1982","MALE","WHITE"
"EMMETT ENTREKIN","06/14/1950","MALE","WHITE"
"KELVIN EPHRIM","12/10/1980","MALE","BLACK"
"JOSEPH EPISCOPO","08/23/1979","MALE","WHITE"
"JAMES EPPERSON","01/25/1978","MALE","WHITE"
"RONALD EPPINETT","03/28/1951","MALE","WHITE"
"BOBBY EPPS","03/23/1970","MALE","WHITE"
"CARL EPPS","11/07/1966","MALE","WHITE"
"CHRISTOPHER EPPS","05/01/1992","MALE","BLACK"
"CHRISTOPHER EPPS","01/25/1961","MALE","BLACK"
"CLARENCE EPPS","02/27/1966","MALE","BLACK"
"DERRICK EPPS","01/02/1982","MALE","BLACK"
"PATRICK EPPS","12/24/1982","MALE","BLACK"
"KIRBY ERBY","05/05/1994","MALE","BLACK"
"QUINTON ERBY","01/14/1990","MALE","BLACK"
"CASEY ERRINGTON","10/08/1973","FEMALE","WHITE"
"ANDY ERVIN","12/02/1966","MALE","WHITE"
"CHARLES ERVIN","12/27/1981","MALE","BLACK"
"DONYAA ERVIN","02/18/1999","MALE","BLACK"
"ISAAC ERVIN","07/26/1990","MALE","BLACK"
"JEREMY ERVIN","12/02/1985","MALE","BLACK"
"JOHNNY ERVIN","09/21/1982","MALE","BLACK"
"JONDRICK ERVIN","01/17/1990","MALE","BLACK"
"JOSEPH ERVIN","03/03/1992","MALE","BLACK"
"JULISE ERVIN","08/27/1983","MALE","BLACK"
"MICHAEL ERVIN","07/02/1976","MALE","WHITE"
"TIMOTHY ERVIN","02/06/1985","MALE","WHITE"
"DAVID ERWIN","12/20/1968","MALE","WHITE"
"DOUGLAS ERWIN","07/04/1993","MALE","BLACK"
"JOHN ERWIN","06/04/1969","MALE","WHITE"
"STEVE ERWIN","07/31/1970","MALE","WHITE"
"TERRY ERWIN","08/01/1977","MALE","WHITE"
"CLINTON ESCH","01/17/1997","MALE","WHITE"
"FERLANDO ESCO","01/05/1974","MALE","BLACK"
"JAMES ESCO","03/20/1955","MALE","BLACK"
"LUIS ESCOBAR","01/23/1985","MALE","SPANISH"
"RAYMOND ESCOBAR","01/13/1985","MALE","SPANISH"
"ABRAHAM ESCRIBANO","01/16/1989","MALE","SPANISH"
"ASHLEY ESCUE","04/13/1985","FEMALE","WHITE"
"SHAWN ESFELLER","08/28/1991","MALE","WHITE"
"BRIAN ESHOM","02/01/1969","MALE","WHITE"
"FRANCIS ESKEW","12/13/1990","MALE","WHITE"
"ANTHONY ESKRIDGE","03/05/1987","MALE","BLACK"
"MARVIN ESKRIDGE","11/13/1980","MALE","BLACK"
"RODERICK ESKRIDGE","01/25/1980","MALE","BLACK"
"MARTY ESSARY","06/13/1979","MALE","WHITE"
"TARYN ESTE","04/05/1990","FEMALE","WHITE"
"ROBERT ESTEEP","08/04/1949","MALE","WHITE"
"RONALD ESTELLE","06/26/1943","MALE","BLACK"
"ANTWOINE ESTERS","03/01/1985","MALE","BLACK"
"DONALD ESTES","01/01/1973","MALE","WHITE"
"JAMES ESTES","12/26/1968","MALE","WHITE"
"STEPHEN ESTES","08/24/1975","MALE","WHITE"
"JAMES ESTILETTE","02/26/1984","MALE","WHITE"
"XAVIER ESTUS","08/23/1983","MALE","BLACK"
"JOSEPH ETHERIDGE","02/25/1975","MALE","WHITE"
"KEVIN ETHRIDGE","08/02/1977","MALE","BLACK"
"MATTHEW ETTERMAN","02/22/1977","MALE","WHITE"
"CARTER EUBANKS","07/10/1955","MALE","BLACK"
"DARRIUS EUBANKS","07/27/1982","MALE","BLACK"
"DOMEIKCO EUBANKS","10/20/1993","MALE","BLACK"
"JASON EUBANKS","09/05/1982","MALE","BLACK"
"JONTAVIAN EUBANKS","08/17/1994","MALE","BLACK"
"STEVEN EUBANKS","01/09/1968","MALE","WHITE"
"THOMAS EUBANKS","04/11/1993","MALE","WHITE"
"ISIDRO EUGENIO","05/14/1973","MALE","SPANISH"
"PATRICK EUNICE","07/28/1991","MALE","WHITE"
"ANDERSON EVANS","11/30/1982","MALE","BLACK"
"ANTHONY EVANS","07/05/1984","MALE","BLACK"
"BRANDON EVANS","01/31/1994","MALE","WHITE"
"BRIAN EVANS","12/14/1991","MALE","WHITE"
"CHOICE EVANS","10/12/1975","MALE","BLACK"
"CHRISTOPHER EVANS","09/13/1976","MALE","BLACK"
"CHRISTOPHER EVANS","03/31/1972","MALE","BLACK"
"CURTIS EVANS","04/04/1981","MALE","BLACK"
"DANTE EVANS","08/17/1992","MALE","BLACK"
"DANTE EVANS","02/10/1993","MALE","BLACK"
"DARIUS EVANS","08/04/1992","MALE","BLACK"
"DARRELL EVANS","03/30/1967","MALE","BLACK"
"DAVID EVANS","06/26/1986","MALE","BLACK"
"DAVID EVANS","10/13/1970","MALE","WHITE"
"DAVID EVANS","12/15/1988","MALE","BLACK"
"DAVIYUAN EVANS","01/13/1998","MALE","BLACK"
"DEANTO EVANS","10/04/1990","MALE","BLACK"
"DEMARCO EVANS","09/30/1997","MALE","BLACK"
"DENARIUS EVANS","04/08/2000","MALE","BLACK"
"DENNIS EVANS","02/09/1987","MALE","BLACK"
"DEONDRA EVANS","08/15/1989","MALE","BLACK"
"DESMOND EVANS","12/16/1984","MALE","BLACK"
"GARRETT EVANS","10/17/1985","MALE","WHITE"
"GARY EVANS","08/21/1967","MALE","BLACK"
"GERALD EVANS","02/14/1969","MALE","BLACK"
"HUEY EVANS","07/03/1950","MALE","BLACK"
"JACK EVANS","07/02/1990","MALE","BLACK"
"JAMIE EVANS","11/06/1985","MALE","BLACK"
"JEOMARRIO EVANS","05/04/1986","MALE","BLACK"
"JERICA EVANS","07/12/1991","FEMALE","BLACK"
"JERROD EVANS","07/29/1975","MALE","WHITE"
"JIMMIE EVANS","09/17/1993","MALE","BLACK"
"JOHN EVANS","07/21/1976","MALE","WHITE"
"JOHNNY EVANS","01/13/1953","MALE","BLACK"
"JULIUS EVANS","02/12/1990","MALE","BLACK"
"KENYON EVANS","08/05/1977","MALE","BLACK"
"KEWON EVANS","06/07/1982","MALE","BLACK"
"LARRY EVANS","04/25/1979","MALE","BLACK"
"LAVARRA EVANS","03/18/1987","MALE","BLACK"
"LEANDER EVANS","09/21/1962","MALE","BLACK"
"LORENZO EVANS","07/24/1965","MALE","BLACK"
"MARIO EVANS","12/28/1989","MALE","BLACK"
"MATTHEW EVANS","07/10/1980","MALE","WHITE"
"MICHAEL EVANS","08/19/1981","MALE","WHITE"
"MILTON EVANS","09/16/1969","MALE","BLACK"
"MORRIS EVANS","02/15/1975","MALE","BLACK"
"PATRICK EVANS","06/30/1985","MALE","BLACK"
"PATRICK EVANS","12/29/1993","MALE","WHITE"
"PAUL EVANS","08/31/1981","MALE","BLACK"
"QUAYTEACE EVANS","10/05/1992","MALE","BLACK"
"RANDY EVANS","04/28/1956","MALE","WHITE"
"RAVON EVANS","09/27/1977","MALE","BLACK"
"RAY EVANS","11/25/1976","MALE","BLACK"
"RAYMOND EVANS","03/24/1953","MALE","BLACK"
"REGINALD EVANS","03/04/1963","MALE","BLACK"
"ROBERT EVANS","04/24/1978","MALE","BLACK"
"ROBERT EVANS","12/28/1978","MALE","BLACK"
"RYAN EVANS","08/19/1992","MALE","WHITE"
"STANLEY EVANS","04/17/1983","MALE","WHITE"
"SYDERECK EVANS","09/04/1987","MALE","BLACK"
"TAYLOR EVANS","06/18/1997","MALE","WHITE"
"TIMOTHY EVANS","03/21/1957","MALE","WHITE"
"TONY EVANS","07/05/1963","MALE","BLACK"
"VISHUN EVANS","07/06/1992","MALE","BLACK"
"WALTER EVANS","09/23/1953","MALE","BLACK"
"WARREN EVANS","07/22/1979","MALE","BLACK"
"WILBUR EVANS","10/05/1961","MALE","BLACK"
"WILLIAM EVANS","09/11/1950","MALE","BLACK"
"WILLIE EVANS","09/11/1958","MALE","BLACK"
"WILLIE EVANS","08/07/1982","MALE","BLACK"
"WILLIE EVANS","09/04/1965","MALE","BLACK"
"XAVIER EVANS","06/01/1994","MALE","BLACK"
"ZHAQUIS EVANS","06/19/1995","MALE","BLACK"
"JAMEER EVERETT","04/30/1991","MALE","BLACK"
"KIJANA EVERETT","04/09/1998","MALE","BLACK"
"LOIS EVERETT","01/05/1970","MALE","BLACK"
"MICHAEL EVERETT","12/04/1983","MALE","BLACK"
"PARIS EVERETT","11/01/1986","MALE","BLACK"
"PERVIS EVERETT","06/12/1962","MALE","BLACK"
"CEDRIC EVERETTE","04/22/1985","MALE","BLACK"
"TONY EVERETTE","12/19/1990","MALE","BLACK"
"TARENCE EVERIDGE","06/23/1986","MALE","BLACK"
"JERRELL EVERSON","08/28/1986","MALE","BLACK"
"JAMES EVITTS","06/02/1990","MALE","WHITE"
"TERRY EWELL","07/19/1963","MALE","WHITE"
"ANTHONY EWING","06/02/1989","MALE","WHITE"
"CORTINA EWING","05/18/1989","FEMALE","BLACK"
"GILBERT EWING","08/06/1979","MALE","BLACK"
"JACOB EWING","08/03/1986","MALE","WHITE"
"JOSHUA EWING","11/11/1996","MALE","BLACK"
"KAMAL EWING","01/07/1998","MALE","BLACK"
"KENNY EWING","09/24/1979","MALE","WHITE"
"LABOBBY EWING","04/27/1989","MALE","BLACK"
"MICHAEL EWING","07/05/1993","MALE","BLACK"
"RICKY EWING","01/29/1978","MALE","BLACK"
"RICKY EWING","04/10/1971","MALE","BLACK"
"ROGER EWING","11/09/1951","MALE","WHITE"
"SHERADO EWING","02/16/1985","MALE","BLACK"
"TERRANCE EWING","04/14/1981","MALE","BLACK"
"MERCIE EXPOSE","06/09/1981","MALE","BLACK"
"ROYCE EXPOSE","05/28/1959","MALE","BLACK"
"BILLY EZELL","09/08/1984","MALE","WHITE"
"JAMES EZELL","03/04/1959","MALE","WHITE"
"JODY EZELL","01/05/1977","MALE","WHITE"
"JUSTIN EZELL","07/03/1993","MALE","BLACK"
"MARQUEVIUS EZELL","05/02/1996","MALE","BLACK"
"RODNEY EZELL","09/09/1978","MALE","BLACK"
