"THOMAS FADDEN","01/13/1976","MALE","WHITE"
"DAMON FAGAN","02/14/1979","MALE","BLACK"
"JIMMY FAIN","07/12/1973","MALE","BLACK"
"LORENZO FAIN","04/09/1999","MALE","BLACK"
"CHRISTOPHER FAIR","12/15/1988","MALE","BLACK"
"COREY FAIR","08/29/1971","MALE","BLACK"
"DERRIOUS FAIR","01/25/1988","MALE","BLACK"
"DUSTIN FAIR","11/27/1989","MALE","BLACK"
"JAMES FAIR","08/21/1979","MALE","BLACK"
"KENYOUNG FAIR","11/27/1992","MALE","BLACK"
"RICO FAIR","05/31/1998","MALE","BLACK"
"TORREY FAIR","03/08/1977","MALE","BLACK"
"TYRENTHIA FAIR","07/08/1996","MALE","BLACK"
"TIMOTHY FAIRBANKS","02/15/1989","MALE","WHITE"
"ADAM FAIRLEY","07/21/1988","MALE","BLACK"
"ANDRE FAIRLEY","03/18/1974","MALE","BLACK"
"BRICESTON FAIRLEY","11/04/1998","MALE","BLACK"
"BYRON FAIRLEY","07/18/1993","MALE","BLACK"
"CHARLES FAIRLEY","06/27/1983","MALE","BLACK"
"CHARLES FAIRLEY","08/27/1987","MALE","BLACK"
"CHRIS FAIRLEY","11/17/1988","MALE","BLACK"
"CHRISTOPHER FAIRLEY","12/08/1995","MALE","BLACK"
"CHRISTOPHER FAIRLEY","11/30/1970","MALE","BLACK"
"DANIEL FAIRLEY","11/23/1985","MALE","WHITE"
"DAVID FAIRLEY","11/02/1990","MALE","BLACK"
"DWAYNE FAIRLEY","09/21/1976","MALE","BLACK"
"EDWARD FAIRLEY","06/19/1965","MALE","BLACK"
"ERIC FAIRLEY","08/26/1970","MALE","BLACK"
"FREDDIE FAIRLEY","01/17/1981","MALE","BLACK"
"GEORGE FAIRLEY","11/20/1975","MALE","BLACK"
"HAYDRAIN FAIRLEY","11/30/1992","MALE","BLACK"
"JEFFERY FAIRLEY","10/05/1984","MALE","BLACK"
"JEFFREY FAIRLEY","11/29/1963","MALE","BLACK"
"JOSEPH FAIRLEY","01/05/1966","MALE","WHITE"
"LARRY FAIRLEY","07/20/1958","MALE","BLACK"
"MOSKCER FAIRLEY","04/22/1985","MALE","BLACK"
"MYRON FAIRLEY","05/17/1978","MALE","BLACK"
"RAY FAIRLEY","06/25/1990","MALE","BLACK"
"RODERICK FAIRLEY","05/29/1955","MALE","BLACK"
"ROY FAIRLEY","12/20/1965","MALE","BLACK"
"SHONQUEL FAIRLEY","12/17/1994","MALE","BLACK"
"STEVE FAIRLEY","03/29/1985","MALE","BLACK"
"TARSEN FAIRLEY","11/16/1987","MALE","BLACK"
"TED FAIRLEY","11/14/1986","MALE","BLACK"
"TONIE FAIRLEY","10/09/1969","FEMALE","BLACK"
"TRINITY FAIRLEY","01/19/1990","FEMALE","BLACK"
"DANIEL FAISON","05/31/1987","MALE","BLACK"
"GARY FALCON","07/10/1974","MALE","WHITE"
"RODOLFO FALCON","09/25/1982","MALE","WHITE"
"JOHN FALCONER","12/01/1969","MALE","WHITE"
"VINCENT FALER","01/16/1980","MALE","WHITE"
"FREDRICK FALLS","06/14/1981","MALE","BLACK"
"JOSEPH FAMIGLIO","01/17/1992","MALE","WHITE"
"JAMES FANNINGS","11/02/1981","MALE","BLACK"
"LAZARO FARAGA","07/07/1958","MALE","SPANISH"
"JERRY FARLEY","06/20/1973","MALE","WHITE"
"BENJAMIN FARMER","11/19/1976","MALE","WHITE"
"BRADLEY FARMER","12/28/1987","MALE","WHITE"
"BRITTNEI FARMER","08/17/1987","FEMALE","BLACK"
"DARIUS FARMER","03/18/1997","MALE","BLACK"
"DARLENE FARMER","02/12/1978","FEMALE","WHITE"
"DEVONTE FARMER","03/23/2000","MALE","BLACK"
"EDDIE FARMER","11/19/1984","MALE","BLACK"
"GREGORY FARMER","05/03/1972","MALE","BLACK"
"NIGEL FARMER","10/26/1995","MALE","BLACK"
"SANDEE FARMER","05/25/1985","FEMALE","AMERICAN"
"WENDELL FARMER","10/15/1960","MALE","WHITE"
"ANTRION FARR","01/09/1972","MALE","BLACK"
"KAREN FARR","01/06/1970","FEMALE","WHITE"
"CLIFTON FARRIS","03/12/1990","MALE","BLACK"
"MALIK FARRIS","08/31/1997","MALE","BLACK"
"ROBERT FARRIS","02/20/1979","MALE","WHITE"
"STEVEN FARRIS","02/02/1982","MALE","WHITE"
"LAMONT FARRISH","02/21/1974","MALE","BLACK"
"KRISTIE FARROW","10/03/1992","FEMALE","WHITE"
"ROBERT FARROW","01/10/1980","MALE","WHITE"
"PAUL FARVE","02/22/1989","MALE","WHITE"
"SCOTT FAULK","06/13/1989","MALE","WHITE"
"THERESA FAULK","01/12/1965","FEMALE","WHITE"
"CALVIN FAULKNER","07/12/1990","MALE","BLACK"
"CYNTHIA FAULKNER","12/01/1958","FEMALE","WHITE"
"DARTAVIOUS FAULKNER","11/12/2002","MALE","BLACK"
"DAVID FAULKNER","12/28/1963","MALE","WHITE"
"HENRY FAULKNER","03/02/1960","MALE","WHITE"
"KENNARD FAULKNER","08/04/1984","MALE","BLACK"
"MAURICE FAULKNER","12/30/1980","MALE","BLACK"
"MILTON FAULKNER","03/29/1988","MALE","BLACK"
"DENNIS FAUST","01/27/1991","MALE","BLACK"
"DENNIS FAUST","04/13/1959","MALE","BLACK"
"TERRY FAUST","10/26/1959","MALE","BLACK"
"JEFFREY FAVRE","01/23/1981","MALE","WHITE"
"NOAH FAVRE","09/10/1997","MALE","WHITE"
"SAMANTHA FAVRE","09/18/1990","FEMALE","ASIAN"
"BRENT FAYARD","12/04/1975","MALE","WHITE"
"DANIELLE FAYARD","12/28/1973","FEMALE","WHITE"
"RIVERS FAYARD","07/01/1992","MALE","WHITE"
"LEROY FEARCE","08/08/1968","MALE","BLACK"
"MARCUS FEARS","07/17/1970","MALE","BLACK"
"LAWRENCE FEATHERS","10/23/1956","MALE","WHITE"
"BRANDON FEAZELL","08/22/1994","MALE","WHITE"
"DANNY FEAZELL","05/26/1959","MALE","WHITE"
"JACOB FEAZELL","06/26/1993","MALE","WHITE"
"MILTON FEAZELL","07/09/1957","MALE","BLACK"
"BILLY FEDRICK","11/17/1983","MALE","WHITE"
"JECOREI FEDRICK","07/07/1995","MALE","BLACK"
"JULIUS FEDRICK","06/22/1990","MALE","BLACK"
"JOHN FELDER","12/28/1957","MALE","WHITE"
"LASTEVEN FELDER","08/16/1986","MALE","BLACK"
"DAVID FELICIANO","08/26/1974","MALE","WHITE"
"TONY FELIX","10/21/1981","MALE","BLACK"
"FREDRICK FELLS","02/06/1974","MALE","BLACK"
"NICHOLAS FELTER","08/22/1983","MALE","WHITE"
"SPANKY FELTER","06/20/1990","MALE","WHITE"
"LORENZO FELTON","10/12/1965","MALE","BLACK"
"COURTNEY FENDERSON","11/26/1983","MALE","BLACK"
"MELVIN FENNELL","04/08/1990","MALE","BLACK"
"KEONTAY FENTON","04/25/1989","MALE","BLACK"
"AARON FERGUSON","01/28/1974","MALE","WHITE"
"ADAM FERGUSON","09/21/1989","MALE","WHITE"
"C FERGUSON","08/02/1951","MALE","WHITE"
"CLARENCE FERGUSON","07/20/1960","MALE","BLACK"
"CLAUDE FERGUSON","08/28/1983","MALE","BLACK"
"CLINT FERGUSON","04/12/1980","MALE","WHITE"
"CORTAVIUS FERGUSON","11/11/1991","MALE","BLACK"
"DAMION FERGUSON","02/12/1986","MALE","BLACK"
"DENNIS FERGUSON","07/03/1969","MALE","WHITE"
"EDWARD FERGUSON","08/26/1967","MALE","BLACK"
"JAMES FERGUSON","08/15/1950","MALE","BLACK"
"JAY FERGUSON","10/19/1979","MALE","WHITE"
"JEFFREY FERGUSON","12/05/1968","MALE","WHITE"
"KEVIN FERGUSON","10/11/1987","MALE","WHITE"
"MICHAEL FERGUSON","04/01/1982","MALE","BLACK"
"PIERRE FERGUSON","01/24/1988","MALE","BLACK"
"ROBERT FERGUSON","11/25/1959","MALE","BLACK"
"SHANE FERGUSON","10/28/1991","MALE","BLACK"
"VERN FERGUSON","04/06/1958","MALE","WHITE"
"ROBERT FERKICH","05/07/1992","MALE","WHITE"
"SYLVESTER FERNANDO","09/01/2001","MALE","BLACK"
"ANTOINE FERRELL","08/04/1974","MALE","BLACK"
"COOPER FERRETTI","07/11/1988","MALE","WHITE"
"DENNIS FERRIERA","11/25/1969","MALE","WHITE"
"LLOYD FERRY","11/29/1981","MALE","WHITE"
"GREGORY FEWELL","02/15/1973","MALE","WHITE"
"DAEVON FICKLIN","12/22/1994","MALE","BLACK"
"JARVIS FICKLIN","06/02/1988","MALE","BLACK"
"REGGIE FICKLIN","05/10/1990","MALE","BLACK"
"ROBERT FICKLIN","04/08/1955","MALE","BLACK"
"STANDISH FICKLIN","06/16/1989","MALE","BLACK"
"LARRY FIELD","07/29/1963","MALE","BLACK"
"CHRISTOPHER FIELDER","08/16/1975","MALE","WHITE"
"AARON FIELDS","08/24/1986","MALE","BLACK"
"ANTWAN FIELDS","07/18/1990","MALE","BLACK"
"CHASE FIELDS","05/26/1986","MALE","WHITE"
"CHRISTOPHER FIELDS","08/23/1997","MALE","BLACK"
"DARREN FIELDS","03/29/1969","MALE","BLACK"
"DECARLOS FIELDS","09/23/1996","MALE","BLACK"
"FREDERICK FIELDS","12/22/1966","MALE","BLACK"
"JARVIS FIELDS","12/27/1982","MALE","BLACK"
"JASON FIELDS","10/04/1976","MALE","BLACK"
"JOSEPH FIELDS","10/25/1991","MALE","BLACK"
"MCKINLEY FIELDS","07/22/1980","MALE","BLACK"
"MICHAEL FIELDS","12/16/1991","MALE","BLACK"
"OCTAVIUS FIELDS","09/15/1990","MALE","BLACK"
"PTRANCE FIELDS","10/17/1992","MALE","BLACK"
"RODERICK FIELDS","06/21/1995","MALE","BLACK"
"TIMOTHY FIELDS","07/27/1995","MALE","WHITE"
"JOHNNY FIFE","10/01/1963","MALE","WHITE"
"JAMES FIGGURES","12/17/1978","MALE","BLACK"
"LUIS FIGUEROA","05/11/1981","MALE","SPANISH"
"ALBENNO FIGURES","02/02/1979","MALE","BLACK"
"QUARRE FIGURES","11/11/2002","MALE","BLACK"
"HUGHEY FIKES","01/27/1985","MALE","WHITE"
"LADARRON FIKES","09/23/1993","MALE","BLACK"
"RICKY FIKES","06/22/1963","MALE","WHITE"
"BRANDON FILES","01/18/1983","MALE","BLACK"
"JACOB FILLINGAME","09/26/1994","MALE","BLACK"
"JASON FILLINGAME","04/20/1977","MALE","WHITE"
"DEMONTE FINCH","11/04/1995","MALE","BLACK"
"HERMAN FINCH","07/14/1976","MALE","WHITE"
"JEREMY FINCH","11/05/1983","MALE","BLACK"
"JOHN FINCH","10/18/1964","MALE","WHITE"
"LAMARCUS FINCH","10/25/1993","MALE","BLACK"
"JAMES FINCHER","05/10/1992","MALE","WHITE"
"JOHNATHAN FINCHER","06/23/1985","MALE","WHITE"
"ROBERT FINCHER","04/11/1987","MALE","WHITE"
"TYRONE FINCHIS","08/25/1968","MALE","BLACK"
"JOSHUA FINCHUM","02/26/1993","MALE","WHITE"
"LARRY FINDLEY","11/04/1983","MALE","WHITE"
"DAVID FINGER","12/17/1962","MALE","BLACK"
"ANTRON FINKLEA","07/30/1982","MALE","BLACK"
"AARON FINLEY","11/17/1973","MALE","BLACK"
"DRAGO FINLEY","12/15/1972","MALE","WHITE"
"FRANK FINLEY","01/03/1979","MALE","BLACK"
"MICHAEL FINLEY","07/04/1981","MALE","BLACK"
"TYNEJARIS FINLEY","11/01/1987","MALE","BLACK"
"JAMES FINNEGAN","03/22/1979","MALE","WHITE"
"JAKE FINNEY","04/20/1958","MALE","WHITE"
"LABRYANT FINNIE","01/09/2001","MALE","BLACK"
"ERIC FIORENTINO","11/21/1972","MALE","WHITE"
"SEAN FIRTH","02/27/1986","MALE","WHITE"
"MICHAEL FISH","08/10/1998","MALE","WHITE"
"ANTONY FISHER","11/06/1984","MALE","BLACK"
"CHARLES FISHER","10/16/1953","MALE","BLACK"
"DAVID FISHER","09/09/1994","MALE","WHITE"
"DAVID FISHER","01/26/1967","MALE","BLACK"
"DEANGELO FISHER","08/06/1982","MALE","BLACK"
"DEMARCUS FISHER","09/13/1986","MALE","BLACK"
"ERIC FISHER","01/07/1990","MALE","WHITE"
"JIMMY FISHER","08/30/1984","MALE","BLACK"
"JOSHUA FISHER","04/26/1985","MALE","WHITE"
"JOSHUA FISHER","08/07/1990","MALE","WHITE"
"JOSHUA FISHER","07/14/1992","MALE","BLACK"
"KYLAN FISHER","12/04/1992","UNKNOWN","BLACK"
"L. C. FISHER","12/21/1988","MALE","BLACK"
"LARRY FISHER","01/14/1985","MALE","BLACK"
"LAVORIS FISHER","04/16/1990","MALE","BLACK"
"OSCAR FISHER","05/19/1961","MALE","BLACK"
"ROBERT FISHER","01/06/1984","MALE","WHITE"
"TONY FISHER","10/14/1960","MALE","BLACK"
"CHRISTOPHER FISK","06/14/1980","MALE","WHITE"
"AL FITZGERALD","08/06/1982","MALE","WHITE"
"ARGIE FITZGERALD","04/11/1988","MALE","WHITE"
"FERNANDO FITZGERALD","10/26/1985","MALE","BLACK"
"GARRY FITZGERALD","01/17/1962","MALE","BLACK"
"JASON FITZGIBBONS","07/09/2001","MALE","BLACK"
"KYLE FITZHUGH","10/19/1989","MALE","WHITE"
"FRANKLIN FITZPATRICK","10/29/1984","MALE","BLACK"
"MICHAEL FITZPATRICK","02/22/1984","MALE","BLACK"
"LILLY FIXICO","04/03/1968","FEMALE","AMERICAN"
"TAVARES FLAGGS","01/13/1978","MALE","BLACK"
"JAMES FLAKE","04/28/1983","MALE","WHITE"
"COURTNEY FLAKES","12/04/1993","MALE","BLACK"
"STEVIE FLAKES","07/22/1975","MALE","BLACK"
"DOUGLAS FLANAGAN","01/25/1982","MALE","WHITE"
"RUDY FLANAGAN","04/20/1962","MALE","WHITE"
"TIMOTHY FLANAGAN","01/21/1977","MALE","WHITE"
"JOHN FLANNAGAN","08/04/1987","MALE","WHITE"
"BRIAN FLANNER","09/25/1984","MALE","WHITE"
"JAMIE FLANNER","01/05/1957","FEMALE","WHITE"
"ANTHONY FLEMING","02/24/1959","MALE","BLACK"
"ARTAVIUS FLEMING","11/08/1996","MALE","BLACK"
"CARDISS FLEMING","06/17/1986","MALE","BLACK"
"CHARLES FLEMING","04/25/1974","MALE","BLACK"
"DAVID FLEMING","03/29/1996","MALE","BLACK"
"DRAKKAR FLEMING","12/28/1992","MALE","BLACK"
"KEVIN FLEMING","07/09/1970","MALE","BLACK"
"MARKEITH FLEMING","01/23/1989","MALE","BLACK"
"MAURICE FLEMING","12/11/1957","MALE","BLACK"
"SHAWNTAVIUS FLEMING","01/07/2000","MALE","BLACK"
"STEVEN FLEMING","09/30/1977","MALE","BLACK"
"TAYLOR FLEMING","11/20/1990","MALE","WHITE"
"TEVONTA FLEMING","09/24/1993","MALE","BLACK"
"JEREMY FLETCHER","12/27/1987","MALE","WHITE"
"PAUL FLETCHER","09/30/1986","MALE","WHITE"
"TERRY FLETCHER","10/23/1974","MALE","WHITE"
"MARQUISE FLEWELLEN","11/28/1974","MALE","BLACK"
"KENNETH FLINT","09/22/1987","MALE","WHITE"
"MILTON FLORA","08/15/1979","MALE","BLACK"
"TIMOTHY FLORENCE","11/29/1990","MALE","WHITE"
"JULIO FLORES","05/08/1991","MALE","SPANISH"
"LISA FLORES","06/01/1992","FEMALE","WHITE"
"LISA FLORES","03/23/1981","FEMALE","BLACK"
"ROBERTO FLORES","02/20/1971","MALE","SPANISH"
"FRANCISCO FLORIAN","07/24/1969","MALE","SPANISH"
"ANTHONY FLOWERS","07/15/1999","MALE","BLACK"
"BILLY FLOWERS","04/26/1984","MALE","WHITE"
"BRANDON FLOWERS","12/19/1990","MALE","BLACK"
"BRANDON FLOWERS","10/22/1991","MALE","BLACK"
"BRANDON FLOWERS","05/02/1978","MALE","WHITE"
"DAVID FLOWERS","08/26/1971","MALE","BLACK"
"DEANGELO FLOWERS","10/26/1997","MALE","BLACK"
"KENDRICK FLOWERS","06/29/1993","MALE","BLACK"
"KENNETH FLOWERS","08/16/1976","MALE","BLACK"
"MALIK FLOWERS","11/18/1996","MALE","BLACK"
"MARCUS FLOWERS","05/04/1980","MALE","BLACK"
"PRESTON FLOWERS","11/16/1992","MALE","BLACK"
"RAPHAEL FLOWERS","02/26/1987","MALE","BLACK"
"ROY FLOWERS","01/24/1989","MALE","BLACK"
"TERRY FLOWERS","04/10/1999","MALE","BLACK"
"TEVIS FLOWERS","03/02/1995","MALE","BLACK"
"VANNA FLOWERS","09/25/1987","FEMALE","BLACK"
"ANTHONY FLOYD","01/22/1990","MALE","WHITE"
"BUFORD FLOYD","04/28/1976","MALE","BLACK"
"CHARLES FLOYD","03/30/1967","MALE","BLACK"
"CLEVELAND FLOYD","11/20/1977","MALE","BLACK"
"DANIEL FLOYD","12/17/1979","MALE","WHITE"
"JAYLAN FLOYD","08/21/1996","MALE","BLACK"
"JEREMIAH FLOYD","09/18/1980","MALE","BLACK"
"JOHNNY FLOYD","01/25/1971","MALE","BLACK"
"LUTHER FLOYD","01/14/1964","MALE","WHITE"
"MARY FLOYD","01/27/1995","FEMALE","BLACK"
"MELISA FLOYD","01/31/1980","FEMALE","WHITE"
"NATHAN FLOYD","07/08/1984","MALE","BLACK"
"QUINCY FLOYD","01/08/1987","MALE","BLACK"
"STEVEN FLOYD","04/08/1977","MALE","WHITE"
"TIMOTHY FLOYD","01/27/1985","MALE","WHITE"
"DAVID FLUKER","05/08/1974","MALE","BLACK"
"MONIQUE FLUKER","08/28/1978","FEMALE","BLACK"
"PATRICK FLUKER","03/11/1983","MALE","BLACK"
"JEREMY FLURRY","05/16/1989","MALE","WHITE"
"GERALD FLY","03/22/1977","MALE","WHITE"
"MICHAEL FLYNN","06/15/1973","MALE","WHITE"
"THOMAS FLYNT","08/14/1961","MALE","WHITE"
"JEREMY FOGLEMAN","03/25/1979","MALE","WHITE"
"SCOTT FOLEY","09/29/1963","MALE","WHITE"
"ALFRED FOLK","08/10/1956","MALE","BLACK"
"ERIKA FOLMAR","04/10/1990","FEMALE","WHITE"
"BRUCE FONDREN","03/09/1977","MALE","WHITE"
"DALTON FONDREN","02/21/1997","MALE","WHITE"
"GERSONE FONDREN","07/25/1970","MALE","BLACK"
"JAMES FONDREN","09/08/1969","MALE","WHITE"
"MARICO FONDREN","02/15/1994","MALE","BLACK"
"PATRICK FONDREN","01/27/1996","MALE","BLACK"
"REGINAL FONDREN","10/27/1972","MALE","BLACK"
"SHEA FONDREN","11/10/1976","MALE","WHITE"
"TITUS FONDREN","06/06/1996","MALE","BLACK"
"MICHAEL FONTAINE","07/30/1970","MALE","WHITE"
"JUSTIN FONTENOT","04/24/1999","MALE","WHITE"
"NICHOLAS FONTENOT","03/29/1985","MALE","WHITE"
"WILLIAM FOOTE","08/22/1976","MALE","BLACK"
"ZYRONE FOOTE","08/18/1974","MALE","BLACK"
"COURTNEY FORBES","09/11/1989","MALE","BLACK"
"OKAN FORBES","08/10/1986","MALE","BLACK"
"WILLIAM FORBES","12/28/1986","MALE","BLACK"
"COLIN FORBISH","06/11/1983","MALE","WHITE"
"MARVIN FORCUM","12/03/1974","MALE","WHITE"
"BENNIE FORD","06/02/1970","MALE","BLACK"
"CHARLES FORD","09/26/1994","MALE","WHITE"
"CORNELIUS FORD","10/26/1977","MALE","BLACK"
"DANER FORD","05/26/1973","MALE","BLACK"
"DAROSKY FORD","06/13/1985","MALE","BLACK"
"DARRELL FORD","07/25/1967","MALE","BLACK"
"DEANGELO FORD","09/21/1991","MALE","BLACK"
"DEKERRIUS FORD","01/22/1996","MALE","BLACK"
"DORIAN FORD","02/15/1982","MALE","WHITE"
"FELICIA FORD","05/08/1993","FEMALE","WHITE"
"GAYPHIL FORD","05/06/1982","MALE","BLACK"
"GLENN FORD","07/23/1967","MALE","BLACK"
"HARLEY FORD","12/30/1997","MALE","WHITE"
"JAMEL FORD","12/03/1990","MALE","BLACK"
"JAMES FORD","08/20/1984","MALE","WHITE"
"JASON FORD","09/09/1977","MALE","WHITE"
"JIMMIE FORD","11/06/1946","MALE","BLACK"
"JOHNNY FORD","03/28/1985","MALE","BLACK"
"JUSTIN FORD","10/12/1987","MALE","BLACK"
"KELVIN FORD","03/31/1994","MALE","BLACK"
"KWONTAVIUS FORD","09/20/1998","MALE","BLACK"
"LEWIS FORD","06/27/1969","MALE","BLACK"
"LISA FORD","08/13/1977","FEMALE","WHITE"
"RAYMOND FORD","07/10/1972","MALE","WHITE"
"RICHARD FORD","07/26/1968","MALE","WHITE"
"SAMUEL FORD","11/24/1998","MALE","BLACK"
"STEVENSON FORD","04/27/1980","MALE","BLACK"
"TERRY FORD","08/11/1992","MALE","BLACK"
"TROY FORD","07/30/1982","MALE","BLACK"
"TYDERIUS FORD","08/26/1974","MALE","BLACK"
"WHITNEY FORD","11/24/1990","FEMALE","WHITE"
"WILLIAM FORD","10/12/2000","MALE","WHITE"
"KYLE FOREHAND","08/17/1989","MALE","WHITE"
"TRENT FOREHAND","09/14/1993","MALE","WHITE"
"DONOVAN FOREMAN","08/01/1985","MALE","BLACK"
"JAMES FOREMAN","07/05/1980","MALE","WHITE"
"THOMAS FOREMAN","12/10/1959","MALE","WHITE"
"RODERICK FORIEST","03/06/1975","MALE","BLACK"
"WINFRED FORKNER","12/02/1956","MALE","BLACK"
"C FORREST","08/02/1960","MALE","BLACK"
"IRVIN FORREST","06/05/1967","MALE","BLACK"
"JOHN FORREST","02/07/1970","MALE","BLACK"
"ROBERT FORREST","05/17/1965","MALE","WHITE"
"JAMES FORSIDE","01/07/1964","MALE","BLACK"
"BRIAN FORTENBERRY","01/07/1985","MALE","BLACK"
"DESMOND FORTENBERRY","01/17/1992","MALE","BLACK"
"GARY FORTENBERRY","08/03/1969","MALE","BLACK"
"GREG FORTENBERRY","05/23/1987","MALE","BLACK"
"JAMES FORTENBERRY","04/06/1985","MALE","WHITE"
"JASON FORTENBERRY","10/16/1973","MALE","WHITE"
"JAYMES FORTENBERRY","05/15/1993","MALE","WHITE"
"JOHN FORTENBERRY","06/25/1967","MALE","BLACK"
"JOSEPH FORTENBERRY","08/31/1960","MALE","WHITE"
"KENDARIUS FORTENBERRY","07/16/1996","MALE","BLACK"
"PRESTON FORTENBERRY","05/23/2000","MALE","WHITE"
"BRIAN FORTNER","02/14/1972","MALE","BLACK"
"OTTIS FORTSON","02/02/1949","MALE","WHITE"
"CHRISTOPHER FORTUNA","12/21/1975","MALE","WHITE"
"LAWILLIAM FORTUNE","12/08/1989","MALE","BLACK"
"MICHAEL FORTUNE","07/17/1980","MALE","BLACK"
"SHANE FOSS","04/25/1974","MALE","WHITE"
"CHARLES FOSTER","01/30/1989","MALE","BLACK"
"DANIEL FOSTER","03/24/1981","MALE","WHITE"
"DEMARQUETTE FOSTER","01/16/1979","MALE","BLACK"
"ERIC FOSTER","07/19/1976","MALE","BLACK"
"ERIK FOSTER","02/04/1986","MALE","BLACK"
"JAMES FOSTER","06/25/1962","MALE","BLACK"
"JEFF FOSTER","07/02/1980","MALE","BLACK"
"JEMORRO FOSTER","04/23/1990","MALE","BLACK"
"JIMMY FOSTER","01/04/1967","MALE","BLACK"
"JOSHUA FOSTER","04/30/1979","MALE","WHITE"
"LANDON FOSTER","07/02/1987","MALE","WHITE"
"LATISHA FOSTER","06/12/1993","FEMALE","BLACK"
"LEONARD FOSTER","10/19/1955","MALE","WHITE"
"MATTHEW FOSTER","07/03/1998","MALE","BLACK"
"NOVAN FOSTER","09/27/1992","MALE","WHITE"
"RICKY FOSTER","06/06/1966","MALE","BLACK"
"RONALD FOSTER","01/08/1972","MALE","BLACK"
"SANDY FOSTER","08/28/1973","FEMALE","WHITE"
"STEPHEN FOSTER","05/21/1971","MALE","WHITE"
"SUZANNE FOSTER","08/10/1969","FEMALE","WHITE"
"TISHUNDA FOSTER","02/15/1983","FEMALE","WHITE"
"WILLIAM FOSTER","03/15/1989","MALE","WHITE"
"CORDARIOUS FOUNTAIN","09/30/1997","MALE","BLACK"
"JESSE FOUNTAIN","03/19/1994","MALE","BLACK"
"JONATHAN FOUNTAIN","03/14/1988","MALE","WHITE"
"LARRY FOUNTAIN","09/14/1980","MALE","WHITE"
"MICHEAL FOUNTAIN","10/12/1959","MALE","WHITE"
"WENDY FOUNTAIN","10/16/1974","FEMALE","WHITE"
"ALEX FOWLER","09/05/1996","MALE","BLACK"
"BRANDON FOWLER","01/27/1987","MALE","WHITE"
"GORDON FOWLER","01/10/1973","MALE","WHITE"
"LAWRENCE FOWLER","04/27/1978","MALE","BLACK"
"LORI FOWLER","02/02/1979","FEMALE","WHITE"
"WILLIAM FOWLER","12/31/1985","MALE","WHITE"
"ZACHARY FOWLER","02/21/1989","MALE","WHITE"
"ZAQUANDALYN FOWLER","12/04/1991","FEMALE","BLACK"
"CADARIUS FOX","10/03/1996","MALE","BLACK"
"HENRY FOX","08/31/1963","MALE","BLACK"
"JAMES FOX","03/15/1968","MALE","BLACK"
"LAVENANCHO FOX","12/03/1998","MALE","BLACK"
"QUINCY FOX","10/12/1988","MALE","BLACK"
"ROBERT FOXEN","05/12/1997","MALE","ASIAN"
"JASON FOXWORTH","09/10/1980","MALE","BLACK"
"JEREMY FOXWORTH","10/03/1984","MALE","WHITE"
"CARLOS FOXX","11/09/1984","MALE","BLACK"
"CORDARO FOXX","01/26/1987","MALE","BLACK"
"JAEL FRAISE","01/03/1977","MALE","BLACK"
"BRYCE FRANCES","09/30/1979","MALE","WHITE"
"JAMES FRANCIS","07/20/1990","MALE","BLACK"
"JOHNNY FRANCIS","11/13/1989","MALE","BLACK"
"KINISKI FRANCIS","03/10/1983","MALE","BLACK"
"FLOYD FRANK","01/19/1966","MALE","WHITE"
"AKERA FRANKLIN","08/31/1983","MALE","BLACK"
"ALVIN FRANKLIN","09/15/1992","MALE","BLACK"
"ANDREW FRANKLIN","03/10/1992","MALE","WHITE"
"ANTONIO FRANKLIN","07/23/1975","MALE","BLACK"
"BRANDY FRANKLIN","11/04/1987","FEMALE","WHITE"
"CORTNEY FRANKLIN","07/06/1980","MALE","BLACK"
"DAVID FRANKLIN","06/01/1973","MALE","BLACK"
"DAVID FRANKLIN","08/06/1968","MALE","BLACK"
"DEMARA FRANKLIN","05/26/1987","MALE","BLACK"
"ELTON FRANKLIN","11/05/1996","MALE","BLACK"
"JACKIE FRANKLIN","04/22/1963","MALE","BLACK"
"JAMES FRANKLIN","10/08/1965","MALE","BLACK"
"JAMES FRANKLIN","10/07/1995","MALE","WHITE"
"JOHN FRANKLIN","06/08/1989","MALE","BLACK"
"JOSIAH FRANKLIN","08/05/1991","MALE","BLACK"
"KEYEIR FRANKLIN","11/06/1990","MALE","BLACK"
"LEDELL FRANKLIN","04/21/1979","MALE","BLACK"
"MARIO FRANKLIN","05/30/1975","MALE","BLACK"
"PATRICK FRANKLIN","07/23/1979","MALE","BLACK"
"PERRYMAN FRANKLIN","09/08/1998","MALE","BLACK"
"RICKY FRANKLIN","11/11/1971","MALE","BLACK"
"ROBERT FRANKLIN","02/21/1964","MALE","WHITE"
"RODERICK FRANKLIN","04/02/1979","MALE","BLACK"
"SENICA FRANKLIN","08/09/1981","MALE","BLACK"
"SENQTEZ FRANKLIN","05/27/1984","MALE","BLACK"
"TIMOTHY FRANKLIN","12/27/1982","MALE","WHITE"
"WALTER FRANKLIN","06/10/1994","MALE","WHITE"
"BART FRANKS","02/20/1986","MALE","WHITE"
"CHAD FRANKS","06/06/1971","MALE","WHITE"
"CHRISTOPHER FRANKS","06/06/1981","MALE","WHITE"
"JESSICA FRANKS","05/08/1982","FEMALE","WHITE"
"LANDON FRANKS","02/13/2001","MALE","WHITE"
"LARRY FRANKS","02/23/1990","MALE","WHITE"
"ROGER FRANKS","04/26/1993","MALE","WHITE"
"RODNEY FRASE","05/25/1971","MALE","WHITE"
"JOURNEY FRASER","03/15/1997","MALE","WHITE"
"CALVIN FRATESI","05/10/1973","MALE","WHITE"
"ADAM FRAZIER","09/08/1980","MALE","WHITE"
"BRANDY FRAZIER","08/10/1993","FEMALE","WHITE"
"DANIEL FRAZIER","02/16/1982","MALE","WHITE"
"JOHN FRAZIER","09/12/1983","MALE","WHITE"
"LAWRENCE FRAZIER","10/31/1983","MALE","BLACK"
"RECARDO FRAZIER","08/14/1976","MALE","BLACK"
"ROBERT FRAZIER","12/29/1972","MALE","WHITE"
"TIMOTHY FRAZIER","06/16/1970","MALE","BLACK"
"WILLIAM FRAZIER","05/24/1991","MALE","WHITE"
"WILLIAM FRAZIER","04/25/1981","MALE","BLACK"
"MARTIN FRECHE","09/28/1977","MALE","WHITE"
"PHILLIP FREDENBURG","10/11/1989","MALE","WHITE"
"THOMAS FREDERICK","07/06/1984","MALE","BLACK"
"CHARLES FREDRICK","02/09/1988","MALE","WHITE"
"WALTER FREE","02/12/1968","MALE","WHITE"
"LARONDA FREELON","11/19/1968","FEMALE","BLACK"
"BRADLEY FREEMAN","11/24/1972","MALE","WHITE"
"BRANDON FREEMAN","10/17/1967","MALE","WHITE"
"CRAIG FREEMAN","08/09/1970","MALE","WHITE"
"DANNY FREEMAN","09/01/1971","MALE","BLACK"
"DAQAN FREEMAN","09/23/1997","MALE","BLACK"
"DONNA FREEMAN","11/04/1977","FEMALE","WHITE"
"ELLIOTT FREEMAN","11/27/1969","MALE","BLACK"
"GARY FREEMAN","12/15/1965","MALE","WHITE"
"HENRY FREEMAN","10/18/1978","MALE","BLACK"
"JERMIE FREEMAN","09/12/1991","MALE","BLACK"
"JESSIE FREEMAN","04/13/1984","MALE","WHITE"
"JESSIE FREEMAN","06/11/1971","MALE","WHITE"
"JOHN FREEMAN","03/07/1980","MALE","WHITE"
"JOSEPH FREEMAN","08/01/1961","MALE","WHITE"
"KARL FREEMAN","01/21/1972","MALE","BLACK"
"LARRY FREEMAN","11/29/1985","MALE","BLACK"
"LUCIOUS FREEMAN","04/14/1976","MALE","BLACK"
"MICHAEL FREEMAN","04/21/1963","MALE","BLACK"
"MICHAEL FREEMAN","01/09/1963","MALE","WHITE"
"RODERICK FREEMAN","09/25/1986","MALE","BLACK"
"RUSTY FREEMAN","02/15/1986","MALE","WHITE"
"VALERIE FREEMAN","06/19/1985","FEMALE","WHITE"
"WALTER FREEMAN","12/27/1974","MALE","BLACK"
"BRITTANY FREENY","07/20/1995","FEMALE","WHITE"
"EDWARD FREER","08/05/1992","MALE","WHITE"
"DONALD FREI","05/07/1975","MALE","WHITE"
"TOMAISUS FREIGHTMAN","09/16/1980","MALE","BLACK"
"BRIAN FREMIN","01/19/1971","MALE","WHITE"
"MICHAEL FRENCH","01/25/1994","MALE","BLACK"
"DIKENDRICK FRIAR","10/15/1979","MALE","BLACK"
"KENJI FRIAR","05/13/1988","MALE","BLACK"
"SENTRALE FRIAR","04/22/1988","MALE","BLACK"
"CARL FRICKE","09/09/1982","MALE","WHITE"
"FRANK FRIDAY","08/28/1970","MALE","WHITE"
"WARREN FRIDAY","02/14/1956","MALE","WHITE"
"WILLIE FRIEND","04/10/1982","MALE","BLACK"
"BERNICE FRIERSON","04/08/1962","MALE","WHITE"
"DARIUS FRIERSON","12/02/1992","MALE","BLACK"
"MICHAEL FRIERSON","02/24/1982","MALE","WHITE"
"RICKY FRIERSON","05/28/1968","MALE","WHITE"
"GEORGE FRIES","07/31/1979","MALE","WHITE"
"TIMOTHY FRISBEE","03/17/1972","MALE","WHITE"
"KEITH FRISTON","04/28/1972","MALE","BLACK"
"LINDSEY FRITH","09/06/1982","FEMALE","WHITE"
"DE'ANTHONY FROST","01/08/1999","MALE","BLACK"
"WILLIE FROST","10/01/1966","MALE","BLACK"
"DIERRE FRYAR","02/09/1987","MALE","BLACK"
"AHMAD FRYER","11/25/1980","MALE","BLACK"
"ARIEL FRYOU","07/12/1991","FEMALE","WHITE"
"VICTOR FRYOU","11/25/1968","MALE","WHITE"
"ANGEL FUENTES","08/12/1983","MALE","SPANISH"
"KEVIN FUGITT","07/07/1988","MALE","WHITE"
"JONATHAN FULCHER","11/08/1963","MALE","WHITE"
"ANDREW FULGHAM","01/26/1994","MALE","BLACK"
"BRYAN FULGHAM","02/16/1981","MALE","WHITE"
"DAVID FULGHAM","10/23/1983","MALE","BLACK"
"JAMES FULGHAM","02/27/1953","MALE","WHITE"
"KENNETH FULGHAM","06/12/1966","MALE","WHITE"
"KRISTI FULGHAM","08/27/1976","FEMALE","WHITE"
"RICKY FULGHAM","04/06/1963","MALE","WHITE"
"RODNEY FULGHAM","12/30/1988","MALE","WHITE"
"TIMOTHY FULGHAM","08/10/1984","MALE","WHITE"
"TIMOTHY FULKS","01/16/1968","MALE","BLACK"
"TOMARCUS FULKS","11/17/1986","MALE","BLACK"
"CANDACE FULLER","06/18/1983","FEMALE","WHITE"
"CLIFTON FULLER","11/12/1976","MALE","WHITE"
"DALONZO FULLER","01/13/1993","MALE","BLACK"
"JOHNNY FULLER","03/17/1989","MALE","WHITE"
"MARTY FULLER","09/04/1971","MALE","WHITE"
"ROBERT FULLER","11/03/1959","MALE","BLACK"
"TERRY FULLER","01/25/1981","MALE","WHITE"
"TROY FULLER","02/02/1985","MALE","WHITE"
"THOMAS FULLILOVE","01/18/1960","MALE","BLACK"
"DEVAN FULLINGTON","01/14/1990","MALE","WHITE"
"JOHNNIE FULTON","04/03/1963","MALE","BLACK"
"LAKOSKI FULTON","05/27/1993","MALE","BLACK"
"NATHANIEL FULTON","06/29/1986","MALE","WHITE"
"ROBERT FULTON","06/29/1971","MALE","WHITE"
"STANLEY FULTON","03/12/1965","MALE","BLACK"
"THEODORE FULTON","01/18/1977","MALE","BLACK"
"CAL FULWILER","11/12/1968","MALE","WHITE"
"ALICIA FUNCHES","07/18/1978","FEMALE","BLACK"
"MARCUS FUNCHES","01/08/1989","MALE","BLACK"
"JAMES FUNCHESS","01/02/1965","MALE","BLACK"
"JAVIAN FUNCHESS","07/31/1991","MALE","BLACK"
"TARREN FUNCHESS","05/21/1971","MALE","BLACK"
"KRAIG FUNDERBURK","08/23/1985","MALE","WHITE"
"MATTHEW FUNDERBURK","01/28/1981","MALE","WHITE"
"MELISSA FURNISH","12/03/1965","FEMALE","WHITE"
"ERIC FUSELIER","01/29/1945","MALE","WHITE"
"RUSSELL FUTCH","01/09/1973","MALE","BLACK"
