"JEREMY GABEL","10/17/1979","MALE","WHITE"
"SAMUEL GABLE","03/07/1991","MALE","WHITE"
"JOSE GABRIEL","01/30/1978","MALE","SPANISH"
"ANDREW GADBAW","11/15/1987","MALE","WHITE"
"CEDRIC GADDIS","08/13/1981","MALE","BLACK"
"JIMMY GADDIS","05/26/1950","MALE","BLACK"
"RAY GADDIS","03/07/1990","MALE","BLACK"
"TEVON GADDIS","08/13/1991","MALE","BLACK"
"CAROL GADDY","04/06/1965","FEMALE","WHITE"
"RONNIE GADDY","01/09/1966","MALE","BLACK"
"LACORIAN GADISON","04/03/1991","MALE","BLACK"
"JOHN GAIA","02/05/1996","MALE","WHITE"
"DANIELLE GAILES","04/20/1976","MALE","BLACK"
"ADRIAN GAINES","10/19/1983","MALE","BLACK"
"ANDRE GAINES","05/25/1983","MALE","BLACK"
"ANTHONY GAINES","05/17/1983","MALE","BLACK"
"BRANDON GAINES","11/14/1989","MALE","WHITE"
"CRAIG GAINES","02/07/1972","MALE","BLACK"
"CURTIS GAINES","04/02/1976","MALE","BLACK"
"J GAINES","08/08/1954","MALE","BLACK"
"LAWRENCE GAINES","11/04/1978","MALE","BLACK"
"ROBERT GAINES","09/05/1963","MALE","BLACK"
"TIMOTHY GAINES","01/20/1982","MALE","BLACK"
"WILLIE GAINES","04/16/1979","MALE","BLACK"
"WILLIAM GAINS","12/19/1993","MALE","BLACK"
"JAMES GAITANIS","08/10/1971","MALE","WHITE"
"MALCOLM GAITER","09/28/1993","MALE","BLACK"
"TROY GALARZA","01/07/1968","MALE","WHITE"
"MANUEL GALAVIZ-URQUID","01/02/1986","MALE","SPANISH"
"CLEVE GALE","04/05/1982","MALE","BLACK"
"LORENZO GALE","05/27/1991","MALE","BLACK"
"BRANDON GALES","11/04/1989","MALE","BLACK"
"CHRISTOPHER GALES","10/21/1975","MALE","BLACK"
"DANNY GALES","06/27/1993","MALE","WHITE"
"GENE GALES","03/31/1966","MALE","BLACK"
"TACOREY GALLAGER","05/03/1982","MALE","BLACK"
"LYNWOOD GALLE","07/23/1965","MALE","WHITE"
"JENNIFER GALLEGOS","12/22/1978","FEMALE","WHITE"
"CLARDIS GALLOWAY","10/13/1974","MALE","WHITE"
"LESLIE GALLOWAY","05/21/1983","MALE","BLACK"
"RODNEY GALLOWAY","04/18/1967","MALE","WHITE"
"RONALD GALLOWAY","12/21/1968","MALE","BLACK"
"SHAKENDRA GALLOWAY","08/30/1990","FEMALE","BLACK"
"TELVIN GALLOWAY","03/21/1992","MALE","BLACK"
"DARIN GALMICHE","09/02/1966","MALE","WHITE"
"BILLY GALMORE","04/11/1991","MALE","BLACK"
"TOMAS GAMA","10/07/1967","MALE","SPANISH"
"MELVIN GAMAGE","09/26/1950","MALE","BLACK"
"XAVIER GAMBLE","03/26/1993","MALE","BLACK"
"FREDERICK GAMMAGE","02/20/1982","MALE","BLACK"
"JAMES GAMMAGE","01/06/1960","MALE","BLACK"
"JAMES GAMMAGE","09/01/1962","MALE","BLACK"
"JERRY GAMMAGE","07/21/1978","MALE","BLACK"
"JOHN GAMMAGE","10/02/1977","MALE","BLACK"
"ADRIAN GAMORY","07/21/1987","MALE","BLACK"
"ARTHUR GANDY","04/06/1968","MALE","BLACK"
"FREDERICK GANDY","12/12/1965","MALE","BLACK"
"GELUN GANDY","07/01/1983","MALE","BLACK"
"JAMES GANDY","03/18/1961","MALE","BLACK"
"KENNETH GANDY","08/04/1972","MALE","BLACK"
"NICHOLAS GANDY","10/21/1981","MALE","BLACK"
"REGINALD GANDY","08/06/1955","MALE","WHITE"
"RODRIQUEZ GANDY","08/08/1989","MALE","BLACK"
"TYRUS GANDY","05/13/1980","MALE","BLACK"
"CHRISTOPHER GANN","07/20/1994","MALE","WHITE"
"JOHNNY GANN","02/19/1988","MALE","WHITE"
"TONYA GANN","10/16/1968","FEMALE","WHITE"
"DANIEL GANNON","02/16/1985","MALE","WHITE"
"CASEY GANSCHOW","08/25/1982","MALE","WHITE"
"JOSEPH GANT","12/11/1978","MALE","WHITE"
"MICHAEL GANT","09/08/1963","MALE","WHITE"
"DENNIS GARA","01/27/1982","MALE","WHITE"
"SCOTT GARBUTT","01/21/1963","MALE","WHITE"
"ALBERTO GARCIA","01/22/1985","MALE","SPANISH"
"FRITZ GARCIA","07/08/1955","MALE","WHITE"
"JOSE GARCIA","09/28/1965","MALE","WHITE"
"JOSE GARCIA","08/25/1984","MALE","SPANISH"
"JOSHUA GARCIA","04/19/1979","MALE","WHITE"
"KENNETH GARCIA","08/15/1985","MALE","WHITE"
"MANUEL GARCIA","08/25/1971","MALE","WHITE"
"MELVIN GARCIA","10/30/1969","MALE","SPANISH"
"RICHARD GARCIA","04/04/1957","MALE","WHITE"
"SAMUEL GARCIA","06/25/1975","MALE","WHITE"
"YERNADI GARCIA-GUERRER","10/11/1988","MALE","SPANISH"
"LUIS GARCIA-LEBRON","09/30/1988","MALE","SPANISH"
"ANTHONY GARDNER","12/15/1963","MALE","BLACK"
"CHARLES GARDNER","11/13/1988","MALE","WHITE"
"CHRISTOPHER GARDNER","11/26/1970","MALE","BLACK"
"CLARENCE GARDNER","07/21/1928","MALE","BLACK"
"DARIEN GARDNER","10/20/1994","MALE","BLACK"
"DARNELL GARDNER","05/28/1975","MALE","BLACK"
"DARRICK GARDNER","11/14/1979","MALE","BLACK"
"DAVID GARDNER","06/30/1962","MALE","BLACK"
"DEMARIOUS GARDNER","10/21/1991","MALE","BLACK"
"DEMONTA GARDNER","05/22/1993","MALE","BLACK"
"DESMOND GARDNER","08/19/1993","MALE","BLACK"
"DEUNTA GARDNER","12/11/1989","MALE","BLACK"
"DEWAYNE GARDNER","03/31/1963","MALE","BLACK"
"IAN GARDNER","06/10/1997","MALE","BLACK"
"JAMES GARDNER","05/31/1985","MALE","BLACK"
"JIMMIE GARDNER","10/24/1981","MALE","BLACK"
"JOSEPH GARDNER","08/10/1988","MALE","WHITE"
"JOSHUA GARDNER","10/17/1986","MALE","BLACK"
"JUSTIN GARDNER","07/03/1988","MALE","BLACK"
"LANA GARDNER","08/24/1969","FEMALE","WHITE"
"LONNIE GARDNER","03/04/1973","MALE","BLACK"
"MICHAEL GARDNER","01/28/1984","MALE","BLACK"
"NICHOLAS GARDNER","05/04/1984","MALE","WHITE"
"QUEREN GARDNER","09/12/1992","MALE","BLACK"
"RANZY GARDNER","07/09/1982","MALE","BLACK"
"ROBERT GARDNER","09/19/1983","MALE","BLACK"
"SPENCER GARDNER","04/24/1990","MALE","BLACK"
"JEREMY GARLINGTON","07/15/1987","MALE","ASIAN"
"ALCANTARA GARNER","12/04/1998","MALE","BLACK"
"BRANDEN GARNER","01/27/1988","MALE","BLACK"
"C GARNER","12/26/1978","MALE","BLACK"
"DAVID GARNER","01/04/1974","MALE","WHITE"
"DERRICK GARNER","09/21/1992","MALE","BLACK"
"DONALD GARNER","01/20/1994","MALE","BLACK"
"EQUARIAN GARNER","10/23/1993","MALE","BLACK"
"ISSAC GARNER","01/05/1990","MALE","WHITE"
"JAMES GARNER","02/17/1985","MALE","WHITE"
"JONATHAN GARNER","12/22/1978","MALE","WHITE"
"JUSTIN GARNER","01/03/1981","MALE","WHITE"
"MATTHEW GARNER","05/27/1979","MALE","BLACK"
"NATHANIEL GARNER","07/17/1981","MALE","BLACK"
"SATARA GARNER","08/25/1989","FEMALE","BLACK"
"TYRONE GARNER","09/23/1970","MALE","BLACK"
"JAMES GARRARD","06/10/1974","MALE","WHITE"
"JUSTIN GARRARD","12/19/1985","MALE","WHITE"
"JAMES GARRETSON","12/23/1980","MALE","WHITE"
"BENSON GARRETT","05/06/1994","MALE","WHITE"
"CHRISTOPHER GARRETT","06/13/1990","MALE","WHITE"
"CLYDE GARRETT","12/26/1981","MALE","BLACK"
"ELTON GARRETT","10/28/1990","MALE","BLACK"
"JAMES GARRETT","12/05/1985","MALE","WHITE"
"KEVIN GARRETT","06/20/1985","MALE","WHITE"
"LOUIS GARRETT","06/16/1967","MALE","WHITE"
"MARCUS GARRETT","08/03/1976","MALE","WHITE"
"MICHAEL GARRETT","07/01/1982","MALE","BLACK"
"NICHOLAS GARRETT","11/12/1986","MALE","BLACK"
"REGINA GARRETT","09/02/1958","FEMALE","WHITE"
"REGINALD GARRETT","01/24/1972","MALE","BLACK"
"TIMOTHY GARRETT","02/11/1967","MALE","WHITE"
"WILLIAM GARRETT","11/16/1971","MALE","WHITE"
"ZAKEE GARRETT","10/01/1977","MALE","BLACK"
"EVELYN GARRISON","02/05/1963","FEMALE","WHITE"
"RALPH GARRISON","07/03/1955","MALE","BLACK"
"DEANDRE GARRY","11/29/1996","MALE","BLACK"
"NIJAL GARRY","06/17/1991","MALE","BLACK"
"AKEEM GARTH","02/17/1993","MALE","BLACK"
"ALPHONOZO GARTH","07/23/1973","MALE","BLACK"
"CURTIS GARTH","06/15/1978","MALE","BLACK"
"JAMES GARTH","10/16/1965","MALE","BLACK"
"OCEAN GARTH","01/17/1994","MALE","BLACK"
"SHERITA GARTH","03/31/1976","FEMALE","BLACK"
"ALEXANDRIA GARVIN","01/23/1992","FEMALE","WHITE"
"PAUL GARVIN","12/23/1972","MALE","BLACK"
"CALVIN GARVIS","12/11/1983","MALE","BLACK"
"JONTEZ GARVIS","06/03/1982","MALE","BLACK"
"CHRISTOPHER GARY","10/21/1974","MALE","WHITE"
"CRUZ GARY","01/08/1987","MALE","BLACK"
"LAQUNN GARY","11/09/1993","MALE","BLACK"
"LARRY GARY","07/30/1986","MALE","BLACK"
"TERRENCE GARY","05/27/1986","MALE","BLACK"
"MICHAEL GASPARD","02/04/1981","MALE","WHITE"
"MARCUS GASSION","01/16/1978","MALE","BLACK"
"AUSTRAVIOUS GASTON","11/18/1981","MALE","BLACK"
"JAMES GASTON","07/22/1988","MALE","WHITE"
"JASON GASTON","10/22/1981","MALE","WHITE"
"KENDERRICK GASTON","08/18/1991","MALE","BLACK"
"MARTY GASTON","11/07/1991","MALE","BLACK"
"SANDRA GASTON","07/24/1976","FEMALE","BLACK"
"MANUEL GATER","10/23/1995","MALE","BLACK"
"CALVIN GATES","02/06/1982","MALE","BLACK"
"CHRISTOPHER GATES","07/21/1980","MALE","BLACK"
"DANIEL GATES","03/01/1994","MALE","WHITE"
"ERWIN GATES","01/29/1985","MALE","BLACK"
"JERRORIE GATES","07/11/1990","MALE","BLACK"
"JOHN GATES","12/28/1956","MALE","WHITE"
"JOSH GATES","06/22/1980","MALE","BLACK"
"LEONTA GATES","01/01/1993","MALE","BLACK"
"PHILLIP GATES","07/21/1989","MALE","BLACK"
"TERRANCE GATES","02/15/1983","MALE","BLACK"
"THERON GATES","05/13/1971","MALE","BLACK"
"TYLER GATES","02/27/2000","MALE","BLACK"
"AHMAD GATEWOOD","10/19/1998","MALE","BLACK"
"DEMARIUS GATEWOOD","06/29/1992","MALE","BLACK"
"MARVIN GATHINGS","04/14/1980","MALE","BLACK"
"WILLIAM GATHINGS","06/17/1987","MALE","BLACK"
"HUEY GATHRIGHT","02/24/1962","MALE","WHITE"
"DONDRE GATLIN","10/19/1993","MALE","BLACK"
"STEVEN GATLIN","06/26/1977","MALE","WHITE"
"TERRENCE GATLIN","10/11/1988","MALE","BLACK"
"ANTONIO GATLING","11/01/1975","MALE","BLACK"
"JOHN GAULDEN","05/16/1972","MALE","WHITE"
"ROMAN GAULDEN","09/25/1997","MALE","BLACK"
"DAVID GAUTHIER","08/03/1982","MALE","WHITE"
"JEFF GAUTREAUX","10/25/1979","MALE","WHITE"
"GREGORY GAVIN","12/05/1981","MALE","BLACK"
"RICKY GAVIN","10/06/1985","MALE","BLACK"
"TRAVIS GAVIN","06/02/1992","MALE","BLACK"
"GRADY GAVROCK","04/11/1999","MALE","WHITE"
"DIANNDRA GAY","01/07/1995","FEMALE","BLACK"
"JEFFERY GAY","11/24/1963","MALE","WHITE"
"KEITH GAY","10/24/1979","MALE","BLACK"
"RANDIE GAYDEN","01/11/1989","MALE","BLACK"
"CHARLES GAYLES","08/09/1996","MALE","BLACK"
"KIMBERLY GAYTEN","05/18/1961","MALE","BLACK"
"SAMUEL GAYTEN","12/31/1986","MALE","BLACK"
"WILLIAM GEAUTREAUX","07/29/1983","MALE","WHITE"
"MITZI GEERKEN","07/19/1961","FEMALE","WHITE"
"MICHAEL GENNARO","02/27/1986","MALE","WHITE"
"MICHAEL GENRY","07/18/1976","MALE","WHITE"
"ARTHUR GENTRY","06/24/1958","MALE","BLACK"
"BEN GENTRY","09/26/1976","MALE","BLACK"
"GREGORY GENTRY","02/13/1979","MALE","WHITE"
"JASON GENTRY","02/22/1981","MALE","WHITE"
"JEFFERY GENTRY","06/04/1967","MALE","WHITE"
"JOSHUA GENTRY","04/21/1987","MALE","WHITE"
"KASSIE GENTRY","10/19/1981","FEMALE","WHITE"
"MALCOLM GENTRY","05/25/1992","MALE","BLACK"
"MITCHELL GENTRY","06/21/1983","MALE","WHITE"
"STEVEN GENTRY","04/14/1985","MALE","WHITE"
"TIMOTHY GENTRY","03/20/1969","MALE","WHITE"
"WILLIAM GENTRY","04/05/1979","MALE","WHITE"
"CARMELLO GENUSA","04/22/1998","MALE","WHITE"
"ANTHONY GEORGE","04/25/1975","MALE","BLACK"
"DAVID GEORGE","04/23/1970","MALE","BLACK"
"DWAYNE GEORGE","04/23/1970","MALE","BLACK"
"KYLE GEORGE","04/06/1994","MALE","WHITE"
"CHERELLE GERMAN","10/21/1978","MALE","BLACK"
"THOMAS GERMAN","10/21/1983","MALE","BLACK"
"RICKY GERRARD","07/22/1999","MALE","BLACK"
"RYAN GERRIE","02/11/1986","MALE","WHITE"
"JOSEPH GETER","02/28/1976","MALE","WHITE"
"LEROY GETER","08/26/1985","MALE","BLACK"
"CHARLES GEYER","08/01/1981","MALE","WHITE"
"BRANDON GHILONI","09/25/1986","MALE","WHITE"
"CHRISTOPHER GHOLAR","09/21/1993","MALE","BLACK"
"JACKEY GHOLAR","11/30/1983","MALE","BLACK"
"MARSHA GHOLAR","08/19/1978","FEMALE","BLACK"
"AARON GHOLSON","05/03/1991","MALE","BLACK"
"M GHOLSTON","05/06/1979","MALE","BLACK"
"JESSIE GIBBONS","12/03/1991","MALE","WHITE"
"BOBBY GIBBS","08/10/1985","MALE","BLACK"
"DONNA GIBBS","02/07/1977","FEMALE","WHITE"
"HENRY GIBBS","08/12/1992","MALE","BLACK"
"HENRY GIBBS","01/29/1951","MALE","BLACK"
"LAZAVIAN GIBBS","04/08/2001","MALE","BLACK"
"RENNIE GIBBS","10/11/1990","FEMALE","BLACK"
"TIMOTHY GIBBS","03/08/1963","MALE","WHITE"
"TONYA GIBBS","04/27/1971","FEMALE","WHITE"
"ABRAN GIBSON","11/01/1978","MALE","BLACK"
"BRANDON GIBSON","12/24/1990","MALE","WHITE"
"CHRISTOPHER GIBSON","09/18/1986","MALE","WHITE"
"DALLAS GIBSON","11/18/1966","MALE","BLACK"
"DARRELL GIBSON","11/28/1983","MALE","BLACK"
"DEMARCUS GIBSON","09/24/1990","MALE","BLACK"
"DEMARQUIS GIBSON","03/01/1994","MALE","BLACK"
"DWAILON GIBSON","07/01/1985","MALE","BLACK"
"JERRY GIBSON","10/07/1980","MALE","BLACK"
"JOSEPH GIBSON","03/02/1995","MALE","BLACK"
"KADARIUS GIBSON","03/26/1996","MALE","BLACK"
"LAKISHA GIBSON","11/30/1980","FEMALE","BLACK"
"MARKEE GIBSON","05/25/1997","MALE","BLACK"
"MARTZEL GIBSON","01/16/1999","MALE","BLACK"
"MELVIN GIBSON","08/09/1975","MALE","BLACK"
"MICHAEL GIBSON","04/29/2000","MALE","BLACK"
"MONTRELL GIBSON","01/11/1996","MALE","BLACK"
"ORLANDO GIBSON","07/11/1978","MALE","BLACK"
"ORMORA GIBSON","06/06/1979","MALE","BLACK"
"PEDRO GIBSON","04/23/1984","MALE","BLACK"
"TAYLOR GIBSON","01/09/1977","MALE","WHITE"
"WILLIAM GIBSON","06/21/1965","MALE","WHITE"
"WILLIE GIBSON","03/08/1953","MALE","BLACK"
"YVETTE GIBSON","01/04/1987","FEMALE","BLACK"
"WARREN GIDEON","12/31/1989","MALE","BLACK"
"THADDEUS GIEGER","03/11/1992","MALE","WHITE"
"ANTONIO GILBERT","05/19/1989","MALE","BLACK"
"COREY GILBERT","12/06/1981","MALE","WHITE"
"DOMINIQUE GILBERT","08/07/1998","FEMALE","WHITE"
"EDDIE GILBERT","11/15/1966","MALE","BLACK"
"JAMES GILBERT","04/16/1964","MALE","BLACK"
"JASON GILBERT","04/27/1978","MALE","BLACK"
"JOHN GILBERT","09/08/1964","MALE","BLACK"
"KENYATTA GILBERT","08/12/1992","MALE","BLACK"
"MARCQUAVIUS GILBERT","06/03/1989","MALE","BLACK"
"MARSHUN GILBERT","05/26/1990","MALE","BLACK"
"MARTHA GILBERT","05/28/1968","FEMALE","WHITE"
"MILTON GILBERT","01/23/1991","MALE","BLACK"
"ORKING GILBERT","06/15/1983","MALE","BLACK"
"QUENTIN GILBERT","01/31/1992","MALE","BLACK"
"RENAE GILBERT","11/27/1969","FEMALE","BLACK"
"ROBERT GILBERT","01/12/1978","MALE","WHITE"
"WILLIE GILBERT","04/20/1966","MALE","BLACK"
"DONALD GILBREATH","08/03/1977","MALE","WHITE"
"ANTHONY GILES","08/10/1989","MALE","BLACK"
"CALVIN GILES","12/15/1968","MALE","BLACK"
"CHRISTOPHER GILES","06/11/1985","MALE","WHITE"
"GEORGE GILES","07/24/1997","MALE","BLACK"
"JOSHUA GILES","12/26/1982","MALE","WHITE"
"MARK GILES","02/22/1994","MALE","BLACK"
"PATRICK GILES","10/30/1992","MALE","BLACK"
"RODERICK GILES","08/12/1988","MALE","BLACK"
"WILLIAM GILES","12/30/1955","MALE","BLACK"
"JAMARIO GILKEY","06/19/1987","MALE","BLACK"
"AARON GILL","08/14/1993","MALE","WHITE"
"CHARLES GILL","01/30/1975","MALE","BLACK"
"DENISE GILL","05/20/1966","FEMALE","WHITE"
"EARNEST GILL","06/15/1952","MALE","BLACK"
"GREGORY GILL","03/03/1962","MALE","WHITE"
"JAFARI GILL","06/07/1997","MALE","BLACK"
"JOHNATHAN GILL","12/24/1979","MALE","WHITE"
"JORDAN GILL","08/13/1988","MALE","WHITE"
"TAWANYA GILL","05/13/1979","FEMALE","WHITE"
"TOMMY GILL","05/10/1976","MALE","WHITE"
"TONY GILL","06/17/1983","MALE","BLACK"
"ERBY GILLARD","03/10/1956","MALE","BLACK"
"SHANNON GILLENTINE","05/16/1979","FEMALE","WHITE"
"DAMARCUS GILLESPIE","12/07/1983","MALE","BLACK"
"DREWTIL GILLESPIE","07/18/1993","MALE","BLACK"
"JOE GILLESPIE","10/21/1986","MALE","BLACK"
"JOSHUA GILLESPIE","02/23/1994","MALE","WHITE"
"CURTIS GILLETT","07/28/1986","MALE","BLACK"
"ROGER GILLETT","06/09/1974","MALE","WHITE"
"CHRISTOPHER GILLEY","05/15/1998","MALE","WHITE"
"MITCHELL GILLEY","05/10/1986","MALE","WHITE"
"ALONZO GILLEYLEN","06/05/1976","MALE","BLACK"
"TYRONE GILLEYLEN","03/18/1991","MALE","BLACK"
"ROOSEVELT GILLIAM","05/31/1995","MALE","BLACK"
"CLARENCE GILLIE","05/05/1965","MALE","BLACK"
"EDWARD GILLMAN","08/28/1987","MALE","WHITE"
"GEORGE GILLOM","12/03/1962","MALE","BLACK"
"GEORGE GILLUM","04/03/1993","MALE","BLACK"
"KENITRIC GILLUM","12/22/1990","MALE","BLACK"
"METAIO GILLUM","04/17/2000","MALE","BLACK"
"WILLIAM GILLUM","09/30/1964","MALE","WHITE"
"ANGELA GILMORE","12/30/1970","FEMALE","WHITE"
"BRANDON GILMORE","11/23/1981","MALE","BLACK"
"CHARLES GILMORE","11/18/1984","MALE","BLACK"
"CHRISTIAN GILMORE","06/27/1993","MALE","BLACK"
"COREY GILMORE","04/08/1998","MALE","WHITE"
"DAHERLY GILMORE","09/09/1984","MALE","BLACK"
"DEXTER GILMORE","08/17/1973","MALE","BLACK"
"DWIGHT GILMORE","03/02/1974","MALE","BLACK"
"GARY GILMORE","02/27/1983","MALE","BLACK"
"GEORGE GILMORE","04/20/1974","MALE","BLACK"
"JOSEPH GILMORE","01/11/1980","MALE","BLACK"
"KENTRELL GILMORE","11/03/1994","MALE","BLACK"
"MICHAEL GILMORE","08/24/1979","MALE","BLACK"
"STANLEY GILMORE","01/25/1974","MALE","BLACK"
"THOMAS GILMORE","12/16/1994","MALE","BLACK"
"ZACHARY GILMORE","01/11/1992","MALE","WHITE"
"WAYNE GILPATRICK","12/07/1954","MALE","WHITE"
"ALBERT GINES","03/16/1961","MALE","BLACK"
"AMBER GIORDANO","02/10/1986","FEMALE","WHITE"
"ANTHONY GIPSON","10/15/1975","MALE","BLACK"
"BERNARD GIPSON","03/02/1954","MALE","BLACK"
"JAMES GIPSON","08/16/1965","MALE","WHITE"
"KERRY GIPSON","07/24/1992","MALE","BLACK"
"L GIPSON","10/18/1959","MALE","BLACK"
"LAVON GIPSON","01/15/1958","MALE","WHITE"
"LEE GIPSON","07/22/1993","MALE","BLACK"
"ROBERT GIVAN","07/18/1999","MALE","BLACK"
"BILLY GIVENS","03/24/1978","MALE","BLACK"
"GARY GIVENS","05/06/1993","MALE","BLACK"
"MATTHEW GIVENS","10/23/1981","MALE","WHITE"
"MELVIN GIVENS","02/13/1985","MALE","BLACK"
"RASHARD GIVENS","06/25/1995","MALE","BLACK"
"ANTONIO GLADNEY","02/25/1982","MALE","BLACK"
"CEDRIC GLADNEY","01/14/1974","MALE","BLACK"
"CHRISTOPHER GLADNEY","12/05/1984","MALE","WHITE"
"CHRISTOPHER GLADNEY","06/20/1986","MALE","BLACK"
"JOE GLADNEY","05/12/1960","MALE","BLACK"
"LAMAR GLADNEY","12/12/1985","MALE","BLACK"
"WILLIE GLADWELL","01/11/1971","MALE","WHITE"
"DAVID GLASCO","08/29/1978","MALE","WHITE"
"ROY GLASENAPP","08/16/1955","MALE","WHITE"
"THOMAS GLASGOW","12/20/1971","MALE","WHITE"
"DOMINIQUE GLASPER","06/29/1998","MALE","BLACK"
"EXAVIER GLASPER","01/20/1993","MALE","BLACK"
"RONNIE GLASPER","11/21/1978","MALE","BLACK"
"NICHOLAS GLASPIE","06/13/1983","MALE","BLACK"
"ODARIUS GLASPIE","07/03/1997","MALE","BLACK"
"BRANDON GLASS","06/10/1977","MALE","WHITE"
"CHASNEY GLASS","02/15/1977","FEMALE","WHITE"
"EDWARD GLASS","05/17/1975","MALE","WHITE"
"ROBERT GLASS","07/20/1967","MALE","BLACK"
"ANTHONY GLEASON","03/07/1992","MALE","WHITE"
"BLAKE GLEASON","06/27/1992","MALE","WHITE"
"TERALE GLEATON","06/06/1975","MALE","BLACK"
"CLAUDE GLEETON","01/13/1976","MALE","BLACK"
"CHARLES GLEGHORN","12/12/1980","MALE","BLACK"
"RONALD GLEN","01/11/1974","MALE","WHITE"
"ANTONIO GLENN","10/13/1974","MALE","BLACK"
"CURTIS GLENN","11/26/1986","MALE","BLACK"
"DANIEL GLENN","06/28/1991","MALE","BLACK"
"ELBONI GLENN","11/15/1995","FEMALE","BLACK"
"JAMES GLENN","12/14/1983","MALE","BLACK"
"JAMES GLENN","09/26/1983","MALE","WHITE"
"JOSEPH GLENN","07/23/1985","MALE","BLACK"
"KARRIE GLENN","02/15/1973","FEMALE","WHITE"
"LOUIS GLENN","01/07/1996","MALE","BLACK"
"MAURICE GLENN","11/23/1958","MALE","BLACK"
"ROBERT GLENN","06/21/1980","MALE","WHITE"
"ERIC GLISPY","11/03/1978","MALE","BLACK"
"RICHARD GLISPY","12/12/1979","MALE","BLACK"
"KIMBERLY GLISSON","05/13/1986","FEMALE","WHITE"
"ALEX GLOVER","01/09/1980","MALE","BLACK"
"ANTONIO GLOVER","01/09/1982","MALE","BLACK"
"CHRISTOPHER GLOVER","04/08/1983","MALE","WHITE"
"ERIC GLOVER","04/13/1975","MALE","WHITE"
"JAMARCUS GLOVER","04/05/1990","MALE","BLACK"
"JAMES GLOVER","11/03/1987","MALE","WHITE"
"JUSTIN GLOVER","09/13/1980","MALE","WHITE"
"LAKINDRA GLOVER","08/24/1982","FEMALE","BLACK"
"MANDELL GLOVER","03/02/2000","MALE","BLACK"
"MELISSA GLOVER","02/06/1977","FEMALE","WHITE"
"SHAWN GLOVER","10/16/1973","MALE","WHITE"
"TERRENCE GLOVER","04/12/1987","MALE","BLACK"
"CURTIS GODBOLT","02/02/1991","MALE","BLACK"
"RICKY GODBOLT","10/15/1972","MALE","BLACK"
"WILLIE GODBOLT","05/01/1982","MALE","BLACK"
"ZANE GODDARD","09/05/1975","MALE","WHITE"
"JUSTIN GODWIN","05/09/1986","MALE","WHITE"
"BARRON GOFF","11/09/1967","MALE","WHITE"
"DONALD GOFF","03/24/1974","MALE","WHITE"
"JASON GOFF","06/18/1976","MALE","WHITE"
"JOSEPH GOFF","05/26/1961","MALE","WHITE"
"KEVIN GOFF","11/10/1979","MALE","BLACK"
"SANDRA GOFF","01/04/1995","FEMALE","WHITE"
"VINCENT GOFF","10/22/1972","MALE","WHITE"
"ALEX GOFORTH","10/05/1993","MALE","WHITE"
"BILLY GOFORTH","11/17/1994","MALE","WHITE"
"CHRISTOPHER GOFORTH","08/08/1985","MALE","WHITE"
"MICHAEL GOINGS","11/01/1967","MALE","WHITE"
"JERMAINE GOINS","09/20/1963","MALE","BLACK"
"ADRIAN GOLDEN","10/02/1980","MALE","BLACK"
"ANTONIO GOLDEN","04/10/1996","MALE","BLACK"
"CHRISTOPHER GOLDEN","02/21/1977","MALE","BLACK"
"CHRISTOPHER GOLDEN","02/09/1992","MALE","WHITE"
"DANNY GOLDEN","04/19/1986","MALE","WHITE"
"EDDIE GOLDEN","07/12/1999","MALE","BLACK"
"JOSHUA GOLDEN","11/29/1986","MALE","BLACK"
"WILLIAM GOLDEN","08/13/1972","MALE","WHITE"
"WILLIAM GOLDEN","08/11/1980","MALE","BLACK"
"JOHNATHON GOLDMAN","03/27/1989","MALE","WHITE"
"LAKINTA GOLDMAN","10/15/1978","MALE","BLACK"
"MICHAEL GOLDMAN","10/04/1984","MALE","BLACK"
"ANTONIO GOLDMON","06/17/1982","MALE","BLACK"
"JUSTIN GOLDSMITH","02/25/1995","MALE","WHITE"
"KENNETH GOLDSMITH","02/22/1967","MALE","BLACK"
"MONTECUZ GOLIDAY","08/15/1991","MALE","BLACK"
"MARK GOLLADAY","06/09/1975","MALE","WHITE"
"CORNELL GOLLIDAY","01/27/1988","MALE","BLACK"
"JAVONTAE GOLLIDAY","12/01/1997","MALE","BLACK"
"FRANCIS GOLLOTT","07/08/1962","MALE","WHITE"
"GORDON GOLLOTT","01/14/1992","MALE","WHITE"
"ADELSON GOMEZ","06/14/2000","MALE","SPANISH"
"WILSON GOMEZ","03/19/1976","MALE","ASIAN"
"ANTHONY GONZALES","04/10/1997","MALE","AMERICAN"
"ALBERTO GONZALEZ","10/26/1968","MALE","SPANISH"
"DONNA GONZALEZ","06/25/1984","FEMALE","WHITE"
"JAIME GONZALEZ","03/21/1960","MALE","SPANISH"
"JOHN GONZALEZ","09/16/1973","MALE","WHITE"
"JOSHUA GONZALEZ","12/07/1990","MALE","SPANISH"
"LUIS GONZALEZ","06/11/1965","MALE","SPANISH"
"SERGIO GONZALEZ","12/02/1985","MALE","SPANISH"
"CYNTHIA GOOCH","08/06/1986","FEMALE","WHITE"
"ANDREW GOOD","03/01/1987","MALE","WHITE"
"CORTLAND GOOD","03/31/1998","MALE","WHITE"
"CHARLES GOODE","03/11/1967","MALE","WHITE"
"DERRICK GOODE","08/03/1971","MALE","BLACK"
"KRISTIAN GOODEN","09/13/1990","FEMALE","BLACK"
"BETHANY GOODENOUGH","06/29/1988","FEMALE","WHITE"
"JOHN GOODENOUGH","03/23/1972","MALE","WHITE"
"JACKIE GOODIN","06/06/1982","MALE","WHITE"
"JAMES GOODIN","03/18/1958","MALE","WHITE"
"JASON GOODIN","06/25/1986","MALE","WHITE"
"CORDARELL GOODMAN","08/07/1987","MALE","BLACK"
"DANIEL GOODMAN","09/02/1987","MALE","AMERICAN"
"DENNIS GOODMAN","12/21/1970","MALE","BLACK"
"JAMES GOODMAN","02/05/1990","MALE","BLACK"
"KEITH GOODMAN","11/08/1959","MALE","WHITE"
"KEVIN GOODMAN","09/14/1990","MALE","WHITE"
"PATRICK GOODMAN","11/11/1984","MALE","WHITE"
"RAYMOND GOODMAN","12/25/1990","MALE","WHITE"
"JOHNATHAN GOODNIGHT","07/31/1970","MALE","WHITE"
"JAMES GOODNITE","10/03/1973","MALE","WHITE"
"RASHAD GOODSON","08/21/1992","MALE","BLACK"
"TIMOTHY GOODSON","12/16/1982","MALE","WHITE"
"ANDREW GOODWIN","01/08/1998","MALE","WHITE"
"CHANNING GOODWIN","09/22/1998","MALE","BLACK"
"DESHANNON GOODWIN","04/08/1974","FEMALE","WHITE"
"JESSICA GOODWIN","11/28/1982","FEMALE","WHITE"
"PRESTON GOODWIN","09/04/1977","MALE","WHITE"
"PRESTON GOODWIN","03/02/1996","MALE","WHITE"
"ROSHARD GOODWIN","08/01/1989","MALE","BLACK"
"THEO GOODWIN","03/28/1969","MALE","WHITE"
"CHRISTOPHER GOOLSBY","01/03/1998","MALE","BLACK"
"DARQULA GOOLSBY","07/29/1984","MALE","BLACK"
"ANTHONY GORDON","10/18/1973","MALE","BLACK"
"BENJAMIN GORDON","07/21/1974","MALE","WHITE"
"BRANDON GORDON","04/09/1987","MALE","BLACK"
"CALVIN GORDON","09/06/1967","MALE","BLACK"
"CLEVE GORDON","06/24/1986","MALE","BLACK"
"CLIFTON GORDON","02/18/1979","MALE","BLACK"
"DONALD GORDON","12/07/1984","MALE","WHITE"
"ELTON GORDON","11/21/1991","MALE","WHITE"
"JAKIRIE GORDON","03/12/1995","MALE","BLACK"
"JAMES GORDON","11/14/1997","MALE","BLACK"
"JEOFFREY GORDON","10/22/1993","MALE","BLACK"
"JONATHAN GORDON","02/23/1983","MALE","WHITE"
"KATRINA GORDON","01/22/1979","FEMALE","BLACK"
"KELLY GORDON","03/04/1972","MALE","BLACK"
"LARELL GORDON","09/11/1983","MALE","BLACK"
"LE'ROBERT GORDON","11/03/1997","MALE","BLACK"
"MICHAEL GORDON","06/11/1994","MALE","BLACK"
"MICHAEL GORDON","11/24/1974","MALE","WHITE"
"MICHAEL GORDON","01/15/1994","MALE","BLACK"
"MICHAEL GORDON","05/12/1962","MALE","WHITE"
"MICHAEL GORDON","06/12/1963","MALE","WHITE"
"OKEMUS GORDON","03/26/1985","MALE","BLACK"
"PATRICK GORDON","12/01/1972","MALE","BLACK"
"PRINCE GORDON","02/01/1990","MALE","BLACK"
"QUENTIN GORDON","11/10/1980","MALE","BLACK"
"RAMARION GORDON","10/31/1995","MALE","BLACK"
"TIMOTHY GORDON","11/24/1975","MALE","BLACK"
"TYRONE GORDON","09/19/1986","MALE","BLACK"
"TYSHEKA GORDON","07/05/1990","FEMALE","BLACK"
"WILLIE GORDON","08/08/1989","MALE","BLACK"
"YANCY GORDON","04/18/1996","MALE","BLACK"
"ESTEVANIO GORE","11/13/1981","MALE","BLACK"
"JOHN GORE","02/08/1956","MALE","WHITE"
"CEDRIC GOREE","07/07/1985","MALE","BLACK"
"JEFFERY GOREE","07/11/1958","MALE","BLACK"
"TOMMY GOREE","12/30/1971","MALE","BLACK"
"MATTHEW GOSPODINOVICH","10/01/1982","MALE","WHITE"
"ANTHONY GOSS","08/08/1978","MALE","WHITE"
"CHARLES GOSS","05/17/1978","MALE","WHITE"
"DEAUNDRE GOSS","03/20/1990","MALE","BLACK"
"DECOREY GOSS","06/12/1987","MALE","BLACK"
"LAMARKIS GOSS","03/01/1982","MALE","BLACK"
"TIMOTHY GOSS","08/21/1977","MALE","WHITE"
"EDWIN GOSSETT","12/23/1978","MALE","WHITE"
"SAMUEL GOUDY","05/19/1962","MALE","BLACK"
"KAVOTREIOUS GOULD","06/01/2000","MALE","BLACK"
"LAVOTREIOUS GOULD","06/01/2000","MALE","BLACK"
"KODEY GOULETTE","09/05/1992","MALE","WHITE"
"DAVID GOVERO","02/19/1989","MALE","WHITE"
"GEORGE GOWAN","06/26/1967","MALE","BLACK"
"DEVANTE GOWDY","08/31/1993","MALE","BLACK"
"KENNETH GOWDY","05/13/1975","MALE","BLACK"
"ANNA GRACE","12/27/1988","FEMALE","WHITE"
"BRANDON GRACE","09/23/1986","MALE","WHITE"
"BRANDON GRACE","06/28/1985","MALE","BLACK"
"CHARLES GRACE","09/01/1965","MALE","BLACK"
"CHRISTOPHER GRACE","03/28/1990","MALE","BLACK"
"DERRICK GRACE","02/06/1981","MALE","BLACK"
"JIMMY GRACE","02/22/1968","MALE","BLACK"
"JOSHUA GRACE","06/22/1976","MALE","BLACK"
"LABRANDON GRACE","06/09/1987","MALE","BLACK"
"SHEDERICK GRACE","06/28/1981","MALE","BLACK"
"CHRISTOPHER GRADY","07/22/1978","MALE","BLACK"
"DEDRICK GRADY","10/11/1994","MALE","BLACK"
"ISIAH GRADY","07/27/1975","MALE","BLACK"
"JANIE GRADY","11/01/1980","FEMALE","BLACK"
"MARKUS GRADY","11/22/1998","MALE","BLACK"
"PATRICK GRADY","04/08/1993","MALE","BLACK"
"STANTREZ GRADY","04/25/1996","MALE","BLACK"
"STEVEN GRADY","08/11/1986","MALE","WHITE"
"TERRY GRAFTON","12/19/1988","MALE","BLACK"
"AIRTURO GRAHAM","02/20/1974","MALE","WHITE"
"BACARI GRAHAM","09/17/1996","MALE","BLACK"
"BOBBY GRAHAM","05/21/1975","MALE","WHITE"
"DALLAS GRAHAM","11/12/1993","FEMALE","WHITE"
"DARIEN GRAHAM","08/26/1996","MALE","BLACK"
"DAVID GRAHAM","03/06/1967","MALE","WHITE"
"DECARLOS GRAHAM","11/29/1982","MALE","BLACK"
"DENNIS GRAHAM","05/27/1960","MALE","BLACK"
"DEWAYNE GRAHAM","08/12/1986","MALE","BLACK"
"ELROY GRAHAM","01/25/1995","MALE","BLACK"
"FELIX GRAHAM","12/13/1969","MALE","BLACK"
"GEORGE GRAHAM","09/06/1967","MALE","BLACK"
"HARRY GRAHAM","10/06/1975","MALE","WHITE"
"JAMES GRAHAM","10/05/1992","MALE","WHITE"
"JAMES GRAHAM","01/01/1985","MALE","WHITE"
"JOHN GRAHAM","06/14/1992","MALE","WHITE"
"JOSHUA GRAHAM","02/19/1983","MALE","BLACK"
"NATASHA GRAHAM","03/22/1980","FEMALE","WHITE"
"PAUL GRAHAM","05/29/1987","MALE","BLACK"
"ROBERT GRAHAM","02/10/1967","MALE","BLACK"
"RONALD GRAHAM","12/18/1975","MALE","WHITE"
"RYAN GRAHAM","02/15/1984","MALE","BLACK"
"SHALAN GRAHAM","06/20/1987","MALE","BLACK"
"TERRY GRAHAM","11/08/1982","MALE","WHITE"
"TYLER GRAHAM","08/08/1986","MALE","WHITE"
"NANCY GRAHAM-SMITH","11/05/1961","FEMALE","WHITE"
"JEREMY GRANBERRY","05/13/1979","MALE","WHITE"
"AARON GRANGER","02/18/1994","MALE","WHITE"
"ANASTACIO GRANGER","06/21/1994","MALE","BLACK"
"DAVID GRANGER","09/18/1990","MALE","BLACK"
"RODNEY GRANGER","10/24/1993","MALE","BLACK"
"AMBER GRANT","09/21/1992","FEMALE","WHITE"
"ANTONIO GRANT","12/16/1979","MALE","BLACK"
"CHARLIE GRANT","07/10/1979","MALE","BLACK"
"CHESTER GRANT","01/08/1988","MALE","BLACK"
"JASON GRANT","07/06/1973","MALE","BLACK"
"JERRICO GRANT","10/07/1985","MALE","BLACK"
"JOSHUA GRANT","06/01/1988","MALE","BLACK"
"MILTON GRANT","12/01/1980","MALE","BLACK"
"ROBERT GRANT","06/19/1969","MALE","BLACK"
"SEDRIC GRANT","09/13/1978","MALE","BLACK"
"VERA GRANT","08/04/1974","FEMALE","BLACK"
"WAYNE GRANT","05/07/1971","MALE","BLACK"
"BRANDON GRANTHAM","05/02/1981","MALE","WHITE"
"ERIC GRANTHAM","12/21/1974","MALE","WHITE"
"JAMIE GRANTHAM","09/11/1986","MALE","WHITE"
"MICHAEL GRANTHAM","11/06/1970","MALE","WHITE"
"BORSHA GRANVILLE","09/06/1980","MALE","BLACK"
"THOMAS GRAVELEY","12/04/1982","MALE","BLACK"
"ANTWINE GRAVES","11/30/1976","MALE","BLACK"
"BRADLEY GRAVES","01/26/1976","MALE","WHITE"
"BRYON GRAVES","06/23/1979","MALE","BLACK"
"CLEON GRAVES","08/30/1975","MALE","BLACK"
"DERIK GRAVES","01/09/1984","MALE","WHITE"
"HARRY GRAVES","08/21/1984","MALE","BLACK"
"JAMES GRAVES","05/12/1963","MALE","BLACK"
"JENNIFER GRAVES","07/23/1977","FEMALE","WHITE"
"JERRY GRAVES","12/23/1957","MALE","BLACK"
"JOHNEISA GRAVES","01/13/1996","FEMALE","BLACK"
"LAWRENCE GRAVES","06/06/1972","MALE","WHITE"
"MARSHALL GRAVES","06/22/1965","MALE","WHITE"
"MATTHEW GRAVES","03/26/1984","MALE","BLACK"
"PERRY GRAVES","03/12/1982","MALE","BLACK"
"ROMERO GRAVES","09/15/1986","MALE","BLACK"
"TABITHA GRAVES","05/04/1979","FEMALE","WHITE"
"BRAD GRAVITT","08/18/1979","MALE","WHITE"
"ALEXIS GRAY","10/23/1984","MALE","BLACK"
"ALFREDDIE GRAY","11/05/1982","MALE","BLACK"
"ANTAVIOUS GRAY","08/25/2002","MALE","BLACK"
"ANTHONY GRAY","12/14/1974","MALE","BLACK"
"ASHLEY GRAY","09/05/1990","FEMALE","WHITE"
"BILLY GRAY","08/07/1965","MALE","WHITE"
"BRENTON GRAY","05/07/1995","MALE","BLACK"
"CALVIN GRAY","03/12/1989","MALE","BLACK"
"CARL GRAY","08/13/1960","MALE","BLACK"
"CEDRICK GRAY","06/22/1984","MALE","BLACK"
"CHRISTOPHER GRAY","01/15/1986","MALE","WHITE"
"CHRISTOPHER GRAY","06/15/1985","MALE","BLACK"
"CHRISTOPHER GRAY","03/16/1987","MALE","WHITE"
"CONNELL GRAY","11/27/1995","MALE","BLACK"
"DAISY GRAY","03/22/1981","FEMALE","WHITE"
"DAVID GRAY","05/29/1954","MALE","WHITE"
"DAVID GRAY","10/23/1994","MALE","WHITE"
"DEMETRIC GRAY","04/27/1981","MALE","BLACK"
"DEPRIEST GRAY","03/11/1986","MALE","BLACK"
"JABARI GRAY","04/20/1978","MALE","BLACK"
"JAMES GRAY","06/27/1980","MALE","BLACK"
"JAMES GRAY","01/28/1969","MALE","BLACK"
"JARVIS GRAY","09/17/1985","MALE","BLACK"
"JEFFERY GRAY","11/08/1971","MALE","WHITE"
"JESSIE GRAY","07/31/1987","MALE","WHITE"
"JOHN GRAY","08/13/1980","MALE","WHITE"
"JULIAN GRAY","04/23/1983","MALE","WHITE"
"JUSTIN GRAY","12/22/1992","MALE","WHITE"
"KEION GRAY","12/06/1996","MALE","BLACK"
"LARRY GRAY","12/02/1957","MALE","BLACK"
"LAVERN GRAY","06/22/1952","FEMALE","BLACK"
"LOVELLE GRAY","09/17/1996","MALE","BLACK"
"LUTHER GRAY","08/07/1968","MALE","BLACK"
"MAURICE GRAY","07/07/1980","MALE","BLACK"
"NATYYO GRAY","07/24/1975","MALE","BLACK"
"NICHOLAS GRAY","01/19/1981","MALE","WHITE"
"RICHARD GRAY","01/10/1976","MALE","BLACK"
"ROBERT GRAY","08/02/1970","MALE","BLACK"
"ROBERT GRAY","08/28/1980","MALE","BLACK"
"SHELBY GRAY","09/27/1974","MALE","WHITE"
"STANLEY GRAY","02/02/1971","MALE","BLACK"
"TOMMIE GRAY","03/27/1995","MALE","BLACK"
"TORIE GRAY","11/25/1992","MALE","WHITE"
"TRAVIS GRAY","05/17/1978","MALE","BLACK"
"VERNARD GRAY","08/06/1984","MALE","BLACK"
"VIOLA GRAY","01/15/1960","FEMALE","BLACK"
"XAVIER GRAY","04/28/1995","MALE","BLACK"
"CHARLES GRAYER","05/06/1952","MALE","BLACK"
"DAVID GRAYER","04/04/1959","MALE","BLACK"
"KORY GRAYER","11/23/1990","MALE","BLACK"
"MELVIN GRAYER","06/06/1958","MALE","BLACK"
"TERRANCE GRAYER","01/02/1981","MALE","BLACK"
"BLAYDE GRAYSON","09/25/1975","MALE","WHITE"
"DALE GRAYSON","06/30/1951","MALE","WHITE"
"JEFFERY GRAYSON","09/05/1969","MALE","WHITE"
"ADRIAN GREEN","07/28/1995","MALE","BLACK"
"ALEX GREEN","01/20/1991","MALE","BLACK"
"ALLEN GREEN","10/16/1986","MALE","BLACK"
"ALVIN GREEN","10/17/1987","MALE","BLACK"
"ANTHONY GREEN","05/14/1981","MALE","BLACK"
"AUSTIN GREEN","12/28/1993","MALE","WHITE"
"BILLY GREEN","12/02/1971","MALE","WHITE"
"CAMERON GREEN","04/23/1995","MALE","BLACK"
"CARTIER GREEN","10/24/1993","MALE","BLACK"
"CHARLES GREEN","11/23/1961","MALE","WHITE"
"CHARLES GREEN","01/17/1954","MALE","BLACK"
"CHRISTOPHER GREEN","08/02/1991","MALE","BLACK"
"CHRISTOPHER GREEN","11/25/1983","MALE","BLACK"
"CLIFFORD GREEN","05/14/1978","MALE","BLACK"
"DANIEL GREEN","02/18/1993","MALE","WHITE"
"DARRELL GREEN","09/29/1960","MALE","BLACK"
"DERRELL GREEN","03/19/1974","MALE","BLACK"
"DERRICK GREEN","06/16/1994","MALE","BLACK"
"DONNIE GREEN","07/24/1987","MALE","BLACK"
"DOUGLAS GREEN","01/01/1972","MALE","WHITE"
"EMON GREEN","05/16/1990","MALE","BLACK"
"HAROLD GREEN","04/15/1993","MALE","BLACK"
"HENRY GREEN","03/14/1962","MALE","BLACK"
"JABRANDON GREEN","11/02/1992","MALE","BLACK"
"JACQUELLE GREEN","09/22/1997","MALE","BLACK"
"JADARRELL GREEN","07/19/1985","MALE","BLACK"
"JAMES GREEN","05/04/1968","MALE","BLACK"
"JAMES GREEN","07/06/1987","MALE","BLACK"
"JERICO GREEN","06/02/1984","MALE","WHITE"
"JESS GREEN","06/24/1987","MALE","WHITE"
"JESSE GREEN","10/23/1979","MALE","WHITE"
"JIMMY GREEN","07/10/1968","MALE","WHITE"
"JOHN GREEN","09/19/1961","MALE","WHITE"
"JORDAN GREEN","08/11/1999","MALE","BLACK"
"JOSHUA GREEN","08/01/1988","MALE","BLACK"
"JUNIOR GREEN","08/25/1988","MALE","BLACK"
"KESHAWN GREEN","07/26/1995","MALE","BLACK"
"LACYRUS GREEN","08/07/1998","MALE","BLACK"
"LAJARRIUS GREEN","11/11/1991","MALE","BLACK"
"LEWIS GREEN","02/03/1980","MALE","BLACK"
"MARCUS GREEN","12/31/1971","MALE","BLACK"
"MARKEEY GREEN","11/01/1995","MALE","BLACK"
"MARQUEZ GREEN","03/19/1998","MALE","BLACK"
"MATTHEW GREEN","01/18/1985","MALE","WHITE"
"NAHOR GREEN","08/21/1999","MALE","BLACK"
"NAKIA GREEN","09/08/1990","MALE","BLACK"
"NORRIS GREEN","01/14/1959","MALE","BLACK"
"PRESTON GREEN","08/21/1995","MALE","WHITE"
"QUENTIN GREEN","09/06/1987","MALE","BLACK"
"RHENTHYNE GREEN","10/12/1977","MALE","BLACK"
"RICHARD GREEN","09/21/1977","MALE","WHITE"
"ROGER GREEN","11/25/1953","MALE","WHITE"
"RUNNEL GREEN","11/29/1959","MALE","BLACK"
"SAM GREEN","02/19/1985","MALE","BLACK"
"SCOTTIE GREEN","06/12/1981","MALE","BLACK"
"SHAQUITA GREEN","01/26/1993","FEMALE","BLACK"
"STEPHEN GREEN","08/26/1971","MALE","WHITE"
"TEVIN GREEN","03/10/1991","MALE","BLACK"
"TOMMY GREEN","04/25/1994","MALE","BLACK"
"TRAMAINE GREEN","02/14/1994","MALE","BLACK"
"VERENZO GREEN","02/23/1984","MALE","BLACK"
"WALTER GREEN","07/23/1998","MALE","BLACK"
"WILLIAM GREEN","07/13/1982","MALE","BLACK"
"WILLIE GREEN","12/29/1950","MALE","BLACK"
"WILLIE GREEN","12/21/1985","MALE","BLACK"
"BOBBY GREENE","05/10/1976","MALE","BLACK"
"JAMES GREENE","10/17/1967","MALE","WHITE"
"MICHAEL GREENE","12/03/1992","MALE","BLACK"
"RICHARD GREENE","03/22/1952","MALE","WHITE"
"ROGER GREENE","12/07/1953","MALE","WHITE"
"RASHARD GREENFIELD","08/10/1983","MALE","BLACK"
"AARON GREENLEE","01/26/1981","MALE","WHITE"
"ANSON GREENWOOD","12/03/1986","MALE","BLACK"
"AXAVIER GREENWOOD","08/04/1997","MALE","BLACK"
"BRUCE GREENWOOD","09/07/1969","MALE","BLACK"
"CALVIN GREENWOOD","12/11/1980","MALE","BLACK"
"GREGORY GREENWOOD","11/23/1979","MALE","BLACK"
"KENDARYL GREENWOOD","06/04/1996","MALE","BLACK"
"NICHOLAS GREENWOOD","07/19/1986","MALE","BLACK"
"KENT GREER","05/19/1975","MALE","BLACK"
"RASHARD GREER","01/05/1992","MALE","BLACK"
"RAYMOND GREER","11/12/1964","MALE","WHITE"
"SIRDON GREER","01/14/1986","MALE","BLACK"
"TIMOTHY GREER","06/14/1980","MALE","BLACK"
"TIVIE GREER","12/25/1990","MALE","BLACK"
"JEREMY GREGG","09/24/1971","MALE","WHITE"
"RYAN GREGG","03/31/1988","MALE","WHITE"
"DAVID GREGORY","01/27/1984","MALE","WHITE"
"DEVIN GREGORY","07/10/1997","MALE","BLACK"
"JAMES GREGORY","03/25/1982","MALE","WHITE"
"LERONN GREGORY","06/03/1991","MALE","BLACK"
"MITCHELL GREGORY","12/26/1980","MALE","WHITE"
"RHADA GRENHAM","11/15/1986","FEMALE","WHITE"
"BENNIE GRESHAM","11/23/1956","MALE","WHITE"
"TERRY GRESHAM","07/24/1978","MALE","WHITE"
"STEPHEN GRESSETT","01/26/1989","MALE","WHITE"
"DERRICK GREY","09/05/1970","MALE","BLACK"
"STEVEN GREY","08/22/1977","MALE","WHITE"
"JOSHUA GRICE","12/14/1987","MALE","BLACK"
"ANTONIO GRIFFIN","09/04/1981","MALE","BLACK"
"BRANDON GRIFFIN","02/03/1983","MALE","WHITE"
"CELESTE GRIFFIN","12/12/1988","FEMALE","WHITE"
"CHRISTOPHER GRIFFIN","03/24/1987","MALE","WHITE"
"COREY GRIFFIN","08/17/1975","MALE","BLACK"
"DEVONTA GRIFFIN","02/16/1988","MALE","BLACK"
"DEWAUN GRIFFIN","10/17/1983","MALE","BLACK"
"DOLPHUS GRIFFIN","01/08/1980","MALE","BLACK"
"DYLAN GRIFFIN","01/03/1997","MALE","WHITE"
"JAMIE GRIFFIN","09/17/1981","MALE","WHITE"
"JEREMIAH GRIFFIN","09/05/1991","MALE","BLACK"
"JEREMY GRIFFIN","02/06/1981","MALE","WHITE"
"JOHN GRIFFIN","08/05/1985","MALE","WHITE"
"JOSEPH GRIFFIN","07/12/1990","MALE","BLACK"
"JOSHUA GRIFFIN","07/09/1985","MALE","WHITE"
"JUAN GRIFFIN","11/21/1977","MALE","BLACK"
"KEITH GRIFFIN","10/10/2001","MALE","BLACK"
"KEITHAN GRIFFIN","04/24/2001","MALE","BLACK"
"KENNETH GRIFFIN","12/22/1963","MALE","BLACK"
"KIM GRIFFIN","02/07/1972","MALE","BLACK"
"LOGEN GRIFFIN","03/04/1959","MALE","BLACK"
"LORI GRIFFIN","02/06/1973","FEMALE","WHITE"
"MARKEITH GRIFFIN","11/11/1991","MALE","BLACK"
"MATTHEW GRIFFIN","07/26/1984","MALE","WHITE"
"MICHAEL GRIFFIN","01/01/1979","MALE","WHITE"
"MICHEAL GRIFFIN","04/24/2000","MALE","BLACK"
"NOLANA GRIFFIN","12/25/1973","FEMALE","WHITE"
"PATRICK GRIFFIN","05/01/1981","MALE","WHITE"
"RAMARIUS GRIFFIN","01/31/2000","MALE","BLACK"
"RANDY GRIFFIN","10/13/1963","MALE","WHITE"
"RICHARD GRIFFIN","02/10/1974","MALE","WHITE"
"RICK GRIFFIN","07/08/1977","MALE","BLACK"
"RODRICK GRIFFIN","06/08/1989","MALE","BLACK"
"ROOSEVELT GRIFFIN","02/23/1967","MALE","BLACK"
"ROY GRIFFIN","01/18/1977","MALE","BLACK"
"SPENCER GRIFFIN","08/21/1989","MALE","BLACK"
"TERENCE GRIFFIN","07/13/1988","MALE","BLACK"
"TORENO GRIFFIN","12/27/1998","MALE","BLACK"
"TRESHON GRIFFIN","04/22/1993","MALE","BLACK"
"WILLIE GRIFFIN","06/20/1966","MALE","BLACK"
"JOHNNY GRIFFIS","01/09/1977","MALE","BLACK"
"DARNELL GRIFFITH","06/30/1992","MALE","BLACK"
"HENRY GRIFFITH","01/20/1989","MALE","WHITE"
"JAMES GRIFFITH","11/09/1957","MALE","WHITE"
"JOEL GRIFFITH","10/17/1986","MALE","BLACK"
"WILLIAM GRIFFITH","06/12/1991","MALE","WHITE"
"ANDRAUS GRIGGS","06/26/1998","MALE","BLACK"
"CHRISTOPHER GRIGGS","04/30/1983","MALE","WHITE"
"JARRETT GRIGGS","07/13/1992","MALE","BLACK"
"JAY GRIGGS","11/21/1978","MALE","WHITE"
"TROY GRIGGS","01/11/1964","MALE","WHITE"
"WILLIAM GRIGGS","09/20/1990","MALE","BLACK"
"JAMES GRIMES","01/28/1955","MALE","WHITE"
"MICHAEL GRIMES","08/04/1988","MALE","WHITE"
"MICHAEL GRIMME","03/03/1982","MALE","WHITE"
"DRAKE GRIMSLEY","12/01/1993","MALE","WHITE"
"BRANDON GRINDLE","08/23/1986","MALE","BLACK"
"TERRELL GRINSTEAD","09/05/1993","MALE","BLACK"
"CHRISTOPHER GRISHAM","02/14/1994","MALE","WHITE"
"CINDY GRISHAM","09/09/1966","FEMALE","WHITE"
"STEPHEN GRISHAM","12/02/1970","MALE","WHITE"
"KENNETH GRISSETT","01/16/1988","MALE","WHITE"
"CHRISTOPHER GRISSOM","03/03/1982","MALE","WHITE"
"DESHAUN GRISSOM","08/30/1990","MALE","BLACK"
"JUSTIN GRISSOM","10/01/1996","MALE","BLACK"
"JUSTIN GRISSOM","04/10/1987","MALE","WHITE"
"NICHOLAS GRISSOM","04/15/1980","MALE","WHITE"
"JOHNNY GROGAN","08/04/1987","MALE","WHITE"
"JONATHAN GROGAN","08/10/1992","MALE","BLACK"
"PAUL GROGAN","06/25/1955","MALE","WHITE"
"ORBIE GROOM","10/02/1960","FEMALE","WHITE"
"JOHN GROOMS","05/16/1974","MALE","WHITE"
"MICHAEL GROS","06/26/1985","MALE","WHITE"
"REBEKAH GROS","01/22/1985","FEMALE","WHITE"
"GLEN GROSE","09/09/1969","MALE","WHITE"
"JOHNNY GROSE","08/08/1960","MALE","WHITE"
"JONATHAN GROSE","01/03/1983","MALE","WHITE"
"TYLER GROSE","10/27/1993","MALE","WHITE"
"KATLYN GROSS","08/03/2001","FEMALE","WHITE"
"LAROD GROSS","07/21/1983","MALE","BLACK"
"SAMMY GROSS","05/16/1979","MALE","BLACK"
"SAMMY GROSS","01/08/1944","MALE","WHITE"
"STEPHEN GROSS","05/03/1988","MALE","WHITE"
"TERRANCE GROSS","03/30/1983","MALE","BLACK"
"PETER GROSSLEY","10/19/1971","MALE","BLACK"
"FREDERICK GROVES","10/22/1965","MALE","BLACK"
"SAMMIE GROVES","04/24/1971","MALE","BLACK"
"ROBERT GROZIER","04/17/1983","MALE","WHITE"
"ANTONIO GRUBBS","11/04/1974","MALE","BLACK"
"DARVIK GRUBBS","12/08/1971","MALE","BLACK"
"ALFONSO GUADIANA","10/02/1974","MALE","SPANISH"
"JESSICA GUBRUD","03/24/1988","FEMALE","WHITE"
"AMANDA GUERRA","06/10/1981","FEMALE","WHITE"
"KAYLA GUERRERO","02/25/1988","FEMALE","WHITE"
"FREDERICK GUESS","11/29/1970","MALE","BLACK"
"JOSHUA GUEST","08/15/1975","MALE","WHITE"
"NICHOLAS GUICE","06/21/1981","MALE","WHITE"
"PHELAN GUICE","03/04/1981","MALE","BLACK"
"TROY GUIDROZ","12/20/1944","MALE","WHITE"
"KENNETH GUILBEAUX","10/15/1952","MALE","WHITE"
"JOSE GUILLEN-VASQUE","04/15/1991","MALE","SPANISH"
"CHRISTOPHER GUILLORY","02/03/1978","MALE","WHITE"
"RAYMOND GUILLORY","09/28/1970","MALE","WHITE"
"VICTOR GUILLORY","11/09/1978","MALE","WHITE"
"TINA GUILLOTTE","07/28/1968","FEMALE","WHITE"
"RAYMOND GUIN","09/20/1973","MALE","WHITE"
"JONATHAN GUINES","03/31/1988","MALE","BLACK"
"JUDAH GUITERREZ","06/01/1999","MALE","WHITE"
"FROILAN GUITIERREZ","07/03/1998","MALE","SPANISH"
"BRANDON GULLEDGE","05/28/1983","MALE","WHITE"
"KELLEN GULLEY","04/06/1994","MALE","BLACK"
"LENISHA GULLY","09/19/1992","FEMALE","BLACK"
"BENNIE GUNN","05/03/1987","MALE","BLACK"
"ELIAS GUNN","07/14/1980","MALE","BLACK"
"JOHN GUNN","09/18/1993","MALE","WHITE"
"JOHNNY GUNN","12/28/1987","MALE","BLACK"
"LABORIS GUNN","06/21/1981","MALE","BLACK"
"MATTHEW GUNN","01/26/1989","MALE","BLACK"
"DARRYL GUNTER","01/16/1965","MALE","WHITE"
"JOSEPH GUNTER","01/13/1978","MALE","WHITE"
"MAURICE GUSS","01/02/1990","MALE","BLACK"
"MICHAEL GUSS","01/02/1990","MALE","BLACK"
"DANA GUSTAVIS","12/05/1985","MALE","BLACK"
"ANDRECO GUSTON","02/02/1990","MALE","BLACK"
"CURTIS GUTHRIE","05/29/1960","MALE","WHITE"
"DANIEL GUTHRIE","04/19/1981","MALE","WHITE"
"JASON GUTHRIE","10/02/1972","MALE","WHITE"
"JEANELL GUTHRIE","08/08/1986","FEMALE","WHITE"
"JOHNNIE GUTHRIE","08/08/1986","FEMALE","WHITE"
"LESLIE GUTHRIE","03/01/1985","FEMALE","WHITE"
"ELOY GUTIERREZ-REYE","08/30/1967","MALE","WHITE"
"ANTHONY GUY","07/14/1968","MALE","BLACK"
"CHARLES GUY","03/27/1989","MALE","BLACK"
"GREGORY GUY","03/29/1988","MALE","BLACK"
"JONATHAN GUY","02/11/1983","MALE","BLACK"
"MATTHEW GUY","07/17/1995","MALE","WHITE"
"PATRICIA GUY","07/19/1953","FEMALE","BLACK"
"RONNIE GUY","08/25/1956","MALE","WHITE"
"VERNON GUY","10/31/1980","MALE","BLACK"
"JAMES GUYER","05/18/1981","MALE","WHITE"
"CARDELL GUYNES","01/25/1991","MALE","BLACK"
"ROGER GUYSE","06/23/1985","MALE","WHITE"
"BRYAN GUYTON","02/21/1981","MALE","BLACK"
"CLIFFORD GUYTON","12/26/1962","MALE","BLACK"
"D'ANTONIO GUYTON","06/26/1998","MALE","BLACK"
"DALTON GUYTON","07/20/1971","MALE","WHITE"
"DERRICK GUYTON","08/12/1971","MALE","BLACK"
"EARNEST GUYTON","12/18/1977","MALE","BLACK"
"JAMES GUYTON","08/02/1981","MALE","BLACK"
"MARVIN GUYTON","06/02/1972","MALE","BLACK"
"MONTERIAL GUYTON","06/18/1977","MALE","BLACK"
"TEVON GUYTON","09/14/1991","MALE","BLACK"
"DANNY GUZMAN","08/01/1990","MALE","WHITE"
"JUAN GUZMAN","10/31/1955","MALE","SPANISH"
"BREONNA GWIN","10/02/1995","FEMALE","BLACK"
