"CHESTER HAASE","11/04/1983","MALE","WHITE"
"ADAM HABENSCHUSS","01/09/1981","MALE","WHITE"
"DESTINI HACKER","02/24/1990","FEMALE","WHITE"
"JAMES HACKETT","10/29/1973","MALE","BLACK"
"QUINSHAWN HACKETT","06/21/1981","FEMALE","BLACK"
"FLOYD HACKMAN","08/03/1974","MALE","BLACK"
"JOSHUA HACKMAN","09/13/1995","MALE","BLACK"
"MICHAEL HACKWORTH","11/04/1990","MALE","BLACK"
"CHARLES HADAWAY","09/11/1984","MALE","WHITE"
"GEORGE HADDAD","12/16/1961","MALE","WHITE"
"JOSHUA HADDEN","02/19/1991","MALE","WHITE"
"HAROLD HADLEY","10/28/1964","MALE","BLACK"
"HAROLD HADLEY","03/12/1969","MALE","WHITE"
"IRA HADLEY","11/26/1991","MALE","BLACK"
"WILLIE HADLEY","06/25/1961","MALE","BLACK"
"SEAN HAGEN","07/30/1992","MALE","WHITE"
"JOSHUA HAGERTY","08/18/1991","MALE","WHITE"
"KYLE HAGERTY","04/29/1994","MALE","WHITE"
"VINCENT HAGGARD","02/28/1990","MALE","BLACK"
"STEPHEN HAGIN","02/04/1988","MALE","WHITE"
"RICHARD HAGUEWOOD","03/07/1987","MALE","WHITE"
"JASON HAGWOOD","10/31/1989","MALE","WHITE"
"STEPHEN HAIG","09/01/1987","MALE","WHITE"
"JAMIE HAIL","08/03/1984","FEMALE","WHITE"
"CARLOS HAILEY","01/08/1988","MALE","BLACK"
"JIMMIE HAILEY","06/29/1935","MALE","BLACK"
"TASIA HAILEY","03/04/1997","FEMALE","BLACK"
"JEREMIAH HAIR","04/02/1987","MALE","BLACK"
"SKYZIC HAIRE","06/26/1985","MALE","WHITE"
"BRYAN HAIRSTON","07/25/1958","MALE","BLACK"
"DANTAVIOUS HAIRSTON","12/17/1996","MALE","BLACK"
"DUANTE HAIRSTON","02/24/1989","MALE","BLACK"
"GROVER HAIRSTON","09/12/1963","MALE","BLACK"
"JUSTIN HAIRSTON","05/30/1990","MALE","BLACK"
"KEYANTE HAIRSTON","10/21/1992","MALE","BLACK"
"THOMAS HAIRSTON","01/20/1961","MALE","BLACK"
"TYMECHIE HAIRSTON","12/04/1989","MALE","BLACK"
"TYSON HAIRSTON","11/10/1989","MALE","BLACK"
"LIJAME HALBERT","05/23/1992","MALE","BLACK"
"TOMMY HALBERT","10/17/1987","MALE","BLACK"
"BENJAMIN HALDERMAN","12/30/1973","MALE","WHITE"
"DUSTIN HALE","05/31/1993","MALE","WHITE"
"GAGE HALE","07/09/1990","MALE","WHITE"
"JOHN HALE","11/16/1961","MALE","WHITE"
"RICHARD HALE","06/10/1994","MALE","WHITE"
"ALLEN HALE III","05/28/1981","MALE","WHITE"
"DAVIE HALES","12/18/1987","MALE","BLACK"
"ISIAH HALES","10/24/1991","MALE","BLACK"
"MARCUS HALES","12/04/1984","MALE","BLACK"
"SAM HALES","04/05/1959","MALE","BLACK"
"ANTWONE HALEY","12/15/1983","MALE","BLACK"
"ARBARKARRA HALEY","07/06/1974","MALE","BLACK"
"DARREN HALEY","02/16/1982","MALE","BLACK"
"JOHANN HALEY","06/09/1988","MALE","BLACK"
"RUSSELL HALEY","05/29/1950","MALE","WHITE"
"DALTON HALFORD","10/03/1996","MALE","WHITE"
"AHMAD HALL","10/16/1980","MALE","BLACK"
"ANTHONY HALL","05/11/1985","MALE","WHITE"
"ANTHONY HALL","11/20/1976","MALE","BLACK"
"ANTONIO HALL","05/28/1985","MALE","BLACK"
"AUNDRAY HALL","05/18/1976","MALE","BLACK"
"BENJAMIN HALL","12/02/1960","MALE","BLACK"
"BILLY HALL","11/05/1982","MALE","WHITE"
"CASEY HALL","06/10/1982","FEMALE","WHITE"
"CHARLES HALL","09/03/1992","MALE","WHITE"
"CHARLES HALL","12/20/1993","MALE","BLACK"
"CHRISTOPHER HALL","06/25/1994","MALE","BLACK"
"COREY HALL","07/07/1992","MALE","WHITE"
"DALE HALL","06/28/1966","MALE","BLACK"
"DAMIAN HALL","10/23/1995","MALE","BLACK"
"DANIEL HALL","04/23/1955","MALE","WHITE"
"DANIEL HALL","09/29/1970","MALE","BLACK"
"DAVID HALL","05/02/1962","MALE","WHITE"
"DAVION HALL","07/15/2000","MALE","BLACK"
"DERRICK HALL","05/06/1981","MALE","BLACK"
"DUSTIN HALL","08/20/1979","MALE","WHITE"
"EDDIE HALL","12/01/1977","MALE","BLACK"
"ELIJAH HALL","11/11/1978","MALE","BLACK"
"ELIJAH HALL","05/07/1996","MALE","BLACK"
"FRANK HALL","05/29/1983","MALE","WHITE"
"FREDDIE HALL","05/28/1987","MALE","BLACK"
"ISIAH HALL","02/19/1996","MALE","BLACK"
"JEFFERY HALL","06/18/1959","MALE","WHITE"
"JERRY HALL","02/16/1974","MALE","BLACK"
"JERRY HALL","03/29/1977","MALE","WHITE"
"JIMMY HALL","03/06/1978","MALE","BLACK"
"JOHNNY HALL","11/20/1986","MALE","BLACK"
"JOSEPH HALL","12/04/1981","MALE","WHITE"
"JUSTIN HALL","09/15/1997","MALE","WHITE"
"JUSTIN HALL","08/17/1999","MALE","BLACK"
"KRISTIN HALL","01/13/1992","FEMALE","WHITE"
"KYLE HALL","04/10/1995","MALE","WHITE"
"LAMARCUS HALL","09/01/1982","MALE","BLACK"
"LARZIAH HALL","05/24/1993","MALE","BLACK"
"LATASHA HALL","10/02/1986","FEMALE","BLACK"
"LEIGH HALL","06/23/1985","FEMALE","WHITE"
"LYNN HALL","04/08/1962","MALE","BLACK"
"MARIO HALL","03/09/1971","MALE","BLACK"
"MELISSA HALL","05/14/1969","FEMALE","WHITE"
"MELVIN HALL","01/20/1963","MALE","BLACK"
"NAKIA HALL","02/08/1981","MALE","BLACK"
"NOAH HALL","05/23/1975","MALE","WHITE"
"PATRICIA HALL","10/17/1970","FEMALE","BLACK"
"QUINCY HALL","02/25/1986","MALE","BLACK"
"QUINTON HALL","08/07/1987","MALE","BLACK"
"STEVEN HALL","10/19/1973","MALE","BLACK"
"TARWIN HALL","10/10/1976","MALE","BLACK"
"TIMOTHY HALL","09/16/1968","MALE","WHITE"
"VERNAL HALL","11/14/1971","MALE","WHITE"
"WELLINGTON HALL","02/23/1987","MALE","BLACK"
"WESLEY HALL","09/11/1986","MALE","BLACK"
"WILLIE HALL","11/20/1967","MALE","BLACK"
"WILLIE HALL","06/12/1971","MALE","BLACK"
"WILTON HALL","06/24/1950","MALE","WHITE"
"SHONE HALLMAN","08/04/1978","MALE","WHITE"
"THERADORE HALLMAN","12/15/1979","MALE","WHITE"
"ERIC HALLMON","01/02/1973","MALE","BLACK"
"ODELL HALLMON","11/13/1975","MALE","BLACK"
"JONATHAN HAM","03/19/1985","MALE","BLACK"
"CHRISTOPHER HAMBRICK","01/29/1984","MALE","BLACK"
"WILLIAM HAMBRIGHT","06/11/1981","MALE","WHITE"
"JOHN HAMBY","12/08/1966","MALE","WHITE"
"JEREMY HAMER","04/12/1987","MALE","BLACK"
"KENDARIUS HAMER","06/24/1997","MALE","BLACK"
"NAKERO HAMER","07/29/1999","MALE","BLACK"
"THOMAS HAMER","08/07/1999","MALE","BLACK"
"BARRETT HAMILTON","10/02/1975","MALE","BLACK"
"BILLY HAMILTON","12/05/1989","MALE","BLACK"
"CHRISTOPHER HAMILTON","06/23/1975","MALE","WHITE"
"CYNTHIA HAMILTON","11/10/1955","FEMALE","BLACK"
"DARRYL HAMILTON","11/07/1995","MALE","BLACK"
"EDDIE HAMILTON","12/09/1987","MALE","BLACK"
"ENOS HAMILTON","09/05/1982","MALE","BLACK"
"JAMES HAMILTON","10/03/1991","MALE","WHITE"
"JAMES HAMILTON","10/13/1965","MALE","WHITE"
"JAYLON HAMILTON","10/15/2001","MALE","BLACK"
"KENYATTAH HAMILTON","10/05/1979","MALE","BLACK"
"KEVIN HAMILTON","01/30/1991","MALE","BLACK"
"LATONIO HAMILTON","08/07/1991","MALE","BLACK"
"LAVANTE HAMILTON","11/16/1993","MALE","BLACK"
"MARY HAMILTON","09/09/1972","FEMALE","BLACK"
"MICHAEL HAMILTON","04/17/1979","MALE","WHITE"
"RAFEAL HAMILTON","04/06/1972","MALE","BLACK"
"ROBERT HAMILTON","09/16/1959","MALE","WHITE"
"ROBERT HAMILTON","11/28/1995","MALE","WHITE"
"JARVIS HAMLIN","06/14/1987","MALE","BLACK"
"OTHA HAMLIN","04/04/1964","MALE","BLACK"
"DOYLE HAMM","02/14/1957","MALE","WHITE"
"AUSTIN HAMMERS","12/04/1999","MALE","WHITE"
"ANDREW HAMMOND","10/12/1988","MALE","WHITE"
"ANTHONY HAMMOND","02/02/1986","MALE","BLACK"
"ANTOINETTE HAMMOND","06/04/1987","FEMALE","BLACK"
"DALE HAMMOND","12/21/1963","MALE","WHITE"
"ERIK HAMMOND","12/06/1981","MALE","WHITE"
"RICKY HAMMOND","06/19/1968","MALE","BLACK"
"ROY HAMMOND","09/11/1982","MALE","BLACK"
"TYRAN HAMMOND","07/30/1988","MALE","BLACK"
"JEFFREY HAMMONS","06/22/1975","MALE","WHITE"
"JUSTIN HAMMONS","01/21/1983","MALE","WHITE"
"KELLY HAMMONS","01/28/1968","MALE","WHITE"
"KELVIN HAMMONS","12/03/1991","MALE","WHITE"
"BRYMON HAMP","03/29/1985","MALE","BLACK"
"ALGENE HAMPTON","08/10/1974","MALE","BLACK"
"ANNETTE HAMPTON","05/13/1966","FEMALE","BLACK"
"CEDRICK HAMPTON","06/28/1979","MALE","BLACK"
"CHANTAY HAMPTON","06/12/1961","MALE","BLACK"
"DAMEON HAMPTON","11/11/1974","MALE","BLACK"
"DAMIEN HAMPTON","08/17/1980","MALE","BLACK"
"DARIEN HAMPTON","03/03/1989","MALE","BLACK"
"DARVIN HAMPTON","03/08/1967","MALE","BLACK"
"DAVID HAMPTON","11/05/1991","MALE","BLACK"
"JAMES HAMPTON","06/18/1960","MALE","BLACK"
"JEROME HAMPTON","03/18/1992","MALE","BLACK"
"JOSHUA HAMPTON","06/01/1997","MALE","BLACK"
"KADEDRIA HAMPTON","12/02/1988","FEMALE","BLACK"
"LAVAILDRIC HAMPTON","09/29/1992","MALE","BLACK"
"MCKINLEY HAMPTON","11/09/1992","MALE","BLACK"
"MELVIN HAMPTON","05/12/1963","MALE","BLACK"
"NATHANIEL HAMPTON","06/29/1990","MALE","BLACK"
"ROBERT HAMPTON","09/15/1985","MALE","BLACK"
"ROY HAMPTON","05/18/1991","MALE","BLACK"
"TOMMY HAMPTON","10/02/1948","MALE","BLACK"
"JOEL HAMRICK","12/30/1978","MALE","WHITE"
"CANDIDA HANCOCK","09/28/1987","FEMALE","WHITE"
"DON HANCOCK","12/21/1958","MALE","WHITE"
"GREG HANCOCK","12/27/1970","MALE","WHITE"
"JOEL HANCOCK","08/21/1981","MALE","WHITE"
"KEVIN HANCOCK","11/02/1973","MALE","WHITE"
"MATTHEW HANCOCK","01/06/1983","MALE","WHITE"
"MICKEY HANCOCK","02/11/1959","MALE","WHITE"
"RICHARD HANCOCK","11/04/1993","MALE","WHITE"
"STEPHEN HANCOCK","07/21/1983","MALE","WHITE"
"JAMES HAND","03/19/1984","MALE","WHITE"
"CEDRIC HANDS","10/15/1984","MALE","BLACK"
"SHONE HANDSHAW","04/26/1976","MALE","BLACK"
"CHARLES HANDY","03/17/1982","MALE","BLACK"
"CHRISTOPHER HANEY","03/02/1977","MALE","WHITE"
"JODI HANEY","10/15/1979","FEMALE","WHITE"
"LARRY HANEY","07/22/1977","MALE","WHITE"
"MARK HANEY","08/18/1992","MALE","BLACK"
"TOMMY HANEY","12/11/1979","MALE","WHITE"
"LEON HANGER","01/20/1979","MALE","BLACK"
"DAMARIUS HANKINS","04/25/1999","MALE","BLACK"
"DAVID HANKINS","07/29/1967","MALE","WHITE"
"CALEB HANKS","12/10/1982","MALE","WHITE"
"MICHAEL HANKS","06/03/1952","MALE","WHITE"
"SCOTT HANN","03/26/1974","MALE","WHITE"
"CHRISTOPHER HANNAH","09/08/1981","MALE","BLACK"
"MARQUETTE HANNAH","04/29/1977","MALE","WHITE"
"SAMUEL HANNAH","08/31/1957","MALE","BLACK"
"KEVIN HANSFORD","05/20/1986","MALE","WHITE"
"BRIAN HANSKI","09/21/1974","MALE","WHITE"
"KELTON HARALSON","07/05/1990","MALE","BLACK"
"BREON HARBIN","07/25/1980","MALE","BLACK"
"DAVID HARBIN","04/07/1962","MALE","BLACK"
"JASON HARBIN","02/25/1981","MALE","WHITE"
"JOSEPH HARBIN","08/21/1974","MALE","WHITE"
"KUNTA HARBIN","06/16/1977","MALE","BLACK"
"ARHMOND HARDAWAY","12/11/1979","MALE","BLACK"
"LEMUEL HARDAWAY","09/01/1993","MALE","BLACK"
"SAMUEL HARDEE","08/24/1967","MALE","WHITE"
"GREGORY HARDEN","08/29/1957","MALE","BLACK"
"JAMES HARDEN","01/21/1971","MALE","BLACK"
"JOSHUA HARDEN","10/25/1994","MALE","WHITE"
"KEVIN HARDEN","12/14/2000","MALE","BLACK"
"TIMMY HARDEN","06/10/1972","MALE","BLACK"
"ZIMARIOUS HARDEN","06/03/2000","MALE","BLACK"
"ANTONIO HARDGE","04/10/1983","MALE","BLACK"
"PHILLIP HARDGES","03/22/1992","MALE","BLACK"
"ANTONIO HARDIMAN","02/16/1978","MALE","BLACK"
"KENDALL HARDIMAN","09/25/1988","MALE","BLACK"
"CORDARIUS HARDIN","02/01/1997","MALE","BLACK"
"CURTIS HARDIN","01/01/1982","MALE","WHITE"
"EZELL HARDIN","07/15/1977","MALE","BLACK"
"FREDDY HARDIN","11/24/1976","MALE","WHITE"
"JOHNATHAN HARDIN","04/16/1971","MALE","BLACK"
"KENDALL HARDIN","09/29/1994","MALE","WHITE"
"RICKY HARDIN","05/19/1962","MALE","BLACK"
"ROBERT HARDIN","01/21/1983","MALE","WHITE"
"RYAN HARDIN","01/08/1994","MALE","WHITE"
"WILLIE HARDIN","07/15/1973","MALE","BLACK"
"MERLIN HARDISON","09/25/1967","MALE","BLACK"
"JEREMY HARDRICK","09/25/1989","MALE","BLACK"
"KEYLA HARDRICK","06/27/1985","FEMALE","BLACK"
"CHRISTOPHER HARDWELL","12/19/1983","MALE","BLACK"
"JIM HARDWICK","11/06/1956","MALE","WHITE"
"AUSTIN HARDY","09/08/1997","MALE","WHITE"
"BRAD HARDY","01/29/1980","MALE","WHITE"
"DESMOND HARDY","07/23/1988","MALE","BLACK"
"JOHNNY HARDY","12/18/1995","MALE","BLACK"
"JOSEPH HARDY","01/21/1982","MALE","WHITE"
"MARY HARDY","03/20/1956","FEMALE","BLACK"
"RASHAD HARDY","05/11/1995","MALE","BLACK"
"TERRY HARDY","10/27/1959","MALE","WHITE"
"BOBBY HARE","07/08/1971","MALE","WHITE"
"DARNELL HARE","09/22/1993","MALE","BLACK"
"EDWARD HARE","03/15/1993","MALE","BLACK"
"MELVIN HARE","04/21/1966","MALE","BLACK"
"TOMMY HARGETT","04/19/1957","MALE","WHITE"
"ANTONIO HARGRO","10/29/1981","MALE","BLACK"
"MARCUS HARKINS","11/12/1984","MALE","BLACK"
"CHARITY HARKINS-FERGUS","08/21/1989","FEMALE","BLACK"
"DEMETRIUS HARLEY","12/17/1976","MALE","BLACK"
"JARMAN HARLSON","06/25/1994","MALE","BLACK"
"ABRECO HARMON","12/11/1974","MALE","BLACK"
"AMBER HARMON","12/03/1989","FEMALE","WHITE"
"ARIS HARMON","06/09/1993","MALE","BLACK"
"DEMARCUS HARMON","01/24/1984","MALE","BLACK"
"DOMINIQUE HARMON","02/20/1988","MALE","BLACK"
"JONAS HARMON","02/02/1990","MALE","WHITE"
"LARRY HARMON","08/29/1994","MALE","BLACK"
"MICHAEL HARMON","10/28/1976","MALE","BLACK"
"TERRY HARMON","06/17/1971","MALE","BLACK"
"DERRICK HAROLD","05/21/1993","MALE","BLACK"
"ADAM HARPER","01/24/1984","MALE","BLACK"
"BRANDON HARPER","12/18/1986","MALE","BLACK"
"CHRISTIAN HARPER","06/28/1996","MALE","WHITE"
"CHRISTOPHER HARPER","07/12/1983","MALE","WHITE"
"CHRISTOPHER HARPER","11/26/1986","MALE","WHITE"
"CODY HARPER","10/14/1992","MALE","WHITE"
"DEANDRE HARPER","05/21/1991","MALE","BLACK"
"DELDRICK HARPER","01/11/1998","MALE","BLACK"
"EDWARD HARPER","03/01/1946","MALE","WHITE"
"ELTON HARPER","08/24/1994","MALE","BLACK"
"EMMIT HARPER","02/14/1983","MALE","BLACK"
"JODECI HARPER","05/24/1992","MALE","BLACK"
"KENDARIUS HARPER","02/26/1991","MALE","BLACK"
"KENNETH HARPER","04/10/1975","MALE","BLACK"
"KEYON HARPER","06/11/1993","MALE","BLACK"
"KORDELL HARPER","10/31/1997","MALE","BLACK"
"KRYSTLE HARPER","01/17/1982","FEMALE","BLACK"
"LAMARIEN HARPER","08/24/2000","MALE","BLACK"
"LANGDON HARPER","04/23/1993","MALE","WHITE"
"LARRY HARPER","06/02/1959","MALE","BLACK"
"LEE HARPER","10/25/1957","MALE","BLACK"
"LINDSEY HARPER","09/15/1948","MALE","BLACK"
"MARQUIDREZ HARPER","12/03/1994","MALE","BLACK"
"MILTON HARPER","12/19/1984","MALE","BLACK"
"REGINALD HARPER","02/22/1999","MALE","BLACK"
"RICHARD HARPER","03/02/1971","MALE","WHITE"
"ROBERT HARPER","06/11/1977","MALE","BLACK"
"RONNIE HARPER","10/21/1955","MALE","WHITE"
"ROY HARPER","12/02/1962","MALE","BLACK"
"ROY HARPER","03/14/1958","MALE","WHITE"
"TERRANCE HARPER","09/15/1978","MALE","BLACK"
"JAMES HARPOLE","08/23/1970","MALE","WHITE"
"BRUCE HARRELL","04/18/1968","MALE","WHITE"
"CHRISTOPHER HARRELL","07/26/1987","MALE","WHITE"
"CORD HARRELL","07/19/1991","MALE","WHITE"
"JACOB HARRELL","09/02/1997","MALE","WHITE"
"JEFFERY HARRELL","06/26/1970","MALE","WHITE"
"JEREMY HARRELL","07/02/1994","MALE","WHITE"
"JOHN HARRELL","03/24/1986","MALE","WHITE"
"KELVIN HARRELL","05/13/1997","MALE","BLACK"
"MICKEY HARRELL","02/28/1983","MALE","WHITE"
"OLEY HARRELL","01/10/1970","MALE","WHITE"
"REBECCA HARRELL","01/11/1983","FEMALE","WHITE"
"ROBERT HARRELL","02/13/1972","MALE","WHITE"
"RONALD HARRELL","03/05/1980","MALE","WHITE"
"JAMES HARRIED","05/10/1988","MALE","BLACK"
"DEMARIO HARRIEN","06/23/1990","MALE","BLACK"
"JERRY HARRIEN","03/15/1970","MALE","BLACK"
"DAVID HARRINGTON","04/06/1971","MALE","WHITE"
"JONATHAN HARRINGTON","04/04/1984","MALE","WHITE"
"MCCEDRICK HARRINGTON","04/03/1985","MALE","BLACK"
"TAVORIUS HARRINGTON","06/28/1993","MALE","BLACK"
"TERRY HARRINGTON","09/17/1989","MALE","BLACK"
"ZACKARY HARRINGTON","04/13/1979","MALE","BLACK"
"ANDRE HARRIS","02/03/1988","MALE","BLACK"
"ANDREW HARRIS","06/05/1950","MALE","BLACK"
"ANTHONY HARRIS","09/21/1994","MALE","BLACK"
"ANTONIO HARRIS","09/23/1984","MALE","BLACK"
"BILLY HARRIS","09/09/1963","MALE","BLACK"
"BOBBY HARRIS","11/25/1972","MALE","BLACK"
"BRANDON HARRIS","04/15/1993","MALE","WHITE"
"BRANDON HARRIS","01/17/1993","MALE","BLACK"
"BRANDON HARRIS","09/30/1986","MALE","BLACK"
"BRENDA HARRIS","08/23/1976","FEMALE","WHITE"
"CARLOS HARRIS","07/18/1987","MALE","BLACK"
"CHARLES HARRIS","12/24/1989","MALE","WHITE"
"CHARLES HARRIS","05/28/1973","MALE","BLACK"
"CHARLIE HARRIS","10/05/1959","MALE","BLACK"
"CHAYLEN HARRIS","06/18/1984","MALE","BLACK"
"CHRIS HARRIS","03/08/1975","MALE","BLACK"
"CHRISTOPHER HARRIS","12/21/1973","MALE","BLACK"
"CHRISTOPHER HARRIS","06/19/1982","MALE","BLACK"
"CLAYTON HARRIS","05/15/2000","MALE","WHITE"
"CORDERRO HARRIS","03/03/1987","MALE","BLACK"
"COREY HARRIS","10/12/1989","MALE","BLACK"
"CORTEZ HARRIS","08/24/1991","MALE","BLACK"
"CORTORRIUS HARRIS","03/09/1991","MALE","BLACK"
"CRAIG HARRIS","01/01/1964","MALE","BLACK"
"CURTIS HARRIS","05/26/1999","MALE","BLACK"
"CURTIS HARRIS","11/23/1982","MALE","BLACK"
"DANNY HARRIS","10/26/1971","MALE","BLACK"
"DAVID HARRIS","01/15/1971","MALE","BLACK"
"DAVID HARRIS","12/25/1939","MALE","WHITE"
"DELRICO HARRIS","09/21/1975","MALE","BLACK"
"DELYON HARRIS","09/12/1996","MALE","BLACK"
"DEMONTE HARRIS","10/03/1992","MALE","BLACK"
"DERRICK HARRIS","10/23/1978","MALE","BLACK"
"DETRICK HARRIS","04/28/1976","MALE","BLACK"
"DONAVAN HARRIS","12/17/1989","MALE","BLACK"
"DONNIE HARRIS","03/13/1990","MALE","BLACK"
"DONYELL HARRIS","07/31/1999","MALE","BLACK"
"DWAYNE HARRIS","08/27/1963","MALE","BLACK"
"DWIGHT HARRIS","07/11/1951","MALE","BLACK"
"EDDIE HARRIS","12/04/1969","MALE","BLACK"
"EDDIE HARRIS","06/01/1983","MALE","BLACK"
"ELBERT HARRIS","06/12/1958","MALE","BLACK"
"FARENO HARRIS","09/26/1994","MALE","BLACK"
"GARRICK HARRIS","06/01/1978","MALE","BLACK"
"GENERIO HARRIS","12/14/1991","MALE","BLACK"
"GRERORY HARRIS","07/16/1987","MALE","BLACK"
"HAROLD HARRIS","05/26/1977","MALE","WHITE"
"HENRY HARRIS","03/19/1986","MALE","BLACK"
"ISHAMEL HARRIS","02/18/1962","MALE","BLACK"
"JABARI HARRIS","09/08/1983","MALE","BLACK"
"JACK HARRIS","04/20/1968","MALE","WHITE"
"JAKYRON HARRIS","06/12/2000","MALE","BLACK"
"JALIN HARRIS","06/29/1994","MALE","BLACK"
"JAMES HARRIS","09/03/1955","MALE","WHITE"
"JAMES HARRIS","04/03/1973","MALE","WHITE"
"JASON HARRIS","09/15/1971","MALE","BLACK"
"JASON HARRIS","02/24/1988","MALE","BLACK"
"JEFFERY HARRIS","05/20/1969","MALE","BLACK"
"JEFFREY HARRIS","06/15/1986","MALE","BLACK"
"JEFFREY HARRIS","07/21/1982","MALE","BLACK"
"JEREMY HARRIS","04/27/1980","MALE","BLACK"
"JEREMY HARRIS","11/17/1991","MALE","BLACK"
"JEROME HARRIS","07/16/1985","MALE","BLACK"
"JEROME HARRIS","04/30/1993","MALE","BLACK"
"JESSIE HARRIS","02/14/1960","MALE","BLACK"
"JIMMY HARRIS","07/04/1959","MALE","BLACK"
"JOE HARRIS","03/01/1972","MALE","BLACK"
"JOE HARRIS","10/19/1975","MALE","BLACK"
"JOHN HARRIS","03/03/1965","MALE","BLACK"
"JOHN HARRIS","02/05/1995","MALE","WHITE"
"JOHNNY HARRIS","09/22/1987","MALE","BLACK"
"JONATHAN HARRIS","04/28/1991","MALE","BLACK"
"JONATHAN HARRIS","12/28/1981","MALE","WHITE"
"JOSEPH HARRIS","08/22/1994","MALE","BLACK"
"JOSEPH HARRIS","12/05/1980","MALE","BLACK"
"JOSEPH HARRIS","07/23/1981","MALE","BLACK"
"JUSTIN HARRIS","09/18/1988","MALE","WHITE"
"JUSTIN HARRIS","02/04/1991","MALE","WHITE"
"KAMERON HARRIS","07/26/1995","MALE","BLACK"
"KEVIN HARRIS","11/18/1977","MALE","BLACK"
"KOTY HARRIS","10/28/1981","MALE","BLACK"
"LABOTCHY HARRIS","01/17/1980","MALE","BLACK"
"LACORY HARRIS","05/26/1977","MALE","BLACK"
"LAMONTE HARRIS","02/03/1986","MALE","BLACK"
"LARRY HARRIS","05/14/1989","MALE","BLACK"
"LE'ARICA HARRIS","12/17/1994","FEMALE","BLACK"
"LEKERRICK HARRIS","02/15/1982","MALE","BLACK"
"LEO HARRIS","05/15/1978","MALE","BLACK"
"LEROY HARRIS","06/29/1971","MALE","BLACK"
"LESAMUEL HARRIS","09/02/1992","MALE","BLACK"
"LESHUN HARRIS","02/22/1991","MALE","BLACK"
"LONNIE HARRIS","02/07/1970","MALE","WHITE"
"LONTRELL HARRIS","09/29/1998","MALE","BLACK"
"LULA HARRIS","02/28/1971","FEMALE","WHITE"
"MAIKO HARRIS","09/22/1993","FEMALE","WHITE"
"MALACHI HARRIS","07/19/1994","MALE","BLACK"
"MARANDA HARRIS","03/31/1982","FEMALE","WHITE"
"MARCUS HARRIS","04/11/1953","MALE","BLACK"
"MARCUS HARRIS","07/22/1983","MALE","BLACK"
"MARIO HARRIS","09/10/1979","MALE","BLACK"
"MARKKEITH HARRIS","06/01/1988","MALE","BLACK"
"MARQUAL HARRIS","04/07/1989","MALE","BLACK"
"MARQUIS HARRIS","05/12/1997","MALE","BLACK"
"MARQUIS HARRIS","08/10/1997","MALE","BLACK"
"MARTEZ HARRIS","05/16/1992","MALE","BLACK"
"MARVIN HARRIS","09/30/1972","MALE","BLACK"
"MAURICE HARRIS","07/17/1968","MALE","BLACK"
"MAURICE HARRIS","02/03/1972","MALE","BLACK"
"MELANIE HARRIS","12/10/1963","FEMALE","WHITE"
"MELVIN HARRIS","10/17/1993","MALE","BLACK"
"MICHAEL HARRIS","11/24/1984","MALE","BLACK"
"MICHAEL HARRIS","08/18/1981","MALE","BLACK"
"MITCHELL HARRIS","03/09/1979","MALE","BLACK"
"MONTEZ HARRIS","12/04/1980","MALE","BLACK"
"NATHANIEL HARRIS","10/18/1969","MALE","BLACK"
"NORMAN HARRIS","02/25/1987","MALE","BLACK"
"ORIS HARRIS","07/16/1996","MALE","BLACK"
"ORVIN HARRIS","11/11/1953","MALE","WHITE"
"OSCAR HARRIS","04/11/1967","MALE","BLACK"
"PETER HARRIS","05/24/1977","MALE","BLACK"
"PRESTON HARRIS","01/31/1989","MALE","BLACK"
"PRISCILLA HARRIS","08/08/1969","FEMALE","WHITE"
"QUINTON HARRIS","11/20/1991","MALE","BLACK"
"RANDY HARRIS","07/23/1979","MALE","WHITE"
"RANZINO HARRIS","01/09/1988","MALE","BLACK"
"REGINALD HARRIS","11/16/1980","MALE","BLACK"
"ROBERT HARRIS","10/20/1999","MALE","BLACK"
"RODNEY HARRIS","10/18/1975","MALE","BLACK"
"ROLAND HARRIS","01/14/1972","MALE","BLACK"
"ROOSEVELT HARRIS","07/05/1991","MALE","BLACK"
"ROOSEVELT HARRIS","07/03/1963","MALE","BLACK"
"SHATOUN HARRIS","09/26/1998","MALE","BLACK"
"SHCOBEY HARRIS","06/15/1980","MALE","BLACK"
"TARVIS HARRIS","07/13/1982","MALE","BLACK"
"TEKONTIKI HARRIS","08/11/1981","MALE","BLACK"
"TERRANCE HARRIS","08/24/1983","MALE","BLACK"
"TERRANCE HARRIS","12/10/1981","MALE","BLACK"
"TOMMIE HARRIS","03/16/1980","MALE","BLACK"
"TRACY HARRIS","01/24/1974","MALE","BLACK"
"TRAVIS HARRIS","02/14/1995","MALE","BLACK"
"TRISTAN HARRIS","07/02/1990","MALE","BLACK"
"TROYLANDEN HARRIS","11/03/1994","MALE","BLACK"
"TYLER HARRIS","12/16/1987","MALE","WHITE"
"VALAREIO HARRIS","08/21/1982","MALE","BLACK"
"VICTOR HARRIS","06/30/1977","MALE","BLACK"
"WANDRE HARRIS","10/15/1996","MALE","BLACK"
"WILLIAM HARRIS","02/13/1987","MALE","BLACK"
"WILLIE HARRIS","07/06/1985","MALE","BLACK"
"WILLIE HARRIS","01/08/1964","MALE","BLACK"
"WILLIE HARRIS","09/04/1992","MALE","BLACK"
"WILLIE HARRIS","04/16/1972","MALE","BLACK"
"WILLIE HARRIS","08/23/1959","MALE","BLACK"
"WILLIE HARRIS","03/11/1963","MALE","BLACK"
"AARON HARRISON","10/02/1983","MALE","WHITE"
"APRIL HARRISON","01/27/1982","FEMALE","BLACK"
"BOBBY HARRISON","03/06/1986","MALE","WHITE"
"ELZIE HARRISON","12/17/1981","MALE","BLACK"
"ERIC HARRISON","09/14/1997","MALE","WHITE"
"FRANK HARRISON","09/26/1997","MALE","BLACK"
"HALSTON HARRISON","11/15/1994","MALE","WHITE"
"HENRY HARRISON","07/12/1956","MALE","BLACK"
"JESSIE HARRISON","07/05/1987","MALE","WHITE"
"KELLY HARRISON","12/03/1990","FEMALE","WHITE"
"KENNY HARRISON","12/10/1993","MALE","WHITE"
"KEVIN HARRISON","06/17/1969","MALE","BLACK"
"MARIO HARRISON","12/12/1995","MALE","BLACK"
"MIKE HARRISON","02/11/1965","MALE","BLACK"
"NATHAN HARRISON","08/18/1991","MALE","BLACK"
"RICKEY HARRISON","04/29/1957","MALE","WHITE"
"ROBERT HARRISON","03/19/1988","MALE","BLACK"
"ROBIN HARRISON","07/25/1971","FEMALE","WHITE"
"SHERMAN HARRISON","03/28/1983","MALE","BLACK"
"LONNIE HARRY","01/08/1994","MALE","BLACK"
"JIMMY HARSSON","12/07/1989","MALE","WHITE"
"AUSTIN HART","10/19/1993","MALE","WHITE"
"BRITT HART","04/06/1966","MALE","BLACK"
"CHAZZ HART","02/25/1994","MALE","BLACK"
"DAMIEN HART","07/06/1992","MALE","BLACK"
"DARRYL HART","12/22/1992","MALE","BLACK"
"DESMUND HART","09/22/1991","MALE","BLACK"
"DYLAN HART","03/18/1997","MALE","WHITE"
"EUGENE HART","08/14/1982","MALE","BLACK"
"FREDRICK HART","02/21/1990","MALE","BLACK"
"JAMES HART","02/15/1963","MALE","BLACK"
"PRESTON HART","08/27/1993","MALE","BLACK"
"ROBERT HART","02/26/1993","MALE","BLACK"
"RONALD HART","11/28/1990","MALE","WHITE"
"STANLEY HART","02/19/1990","MALE","BLACK"
"CHARLES HARTFIELD","03/01/1966","MALE","BLACK"
"JAMES HARTFIELD","05/12/1981","MALE","BLACK"
"RONALD HARTFIELD","05/25/1977","MALE","WHITE"
"THOMAS HARTFIELD","11/22/1982","MALE","BLACK"
"VON HARTFIELD","03/29/1984","MALE","WHITE"
"DARRYL HARTFORD","12/28/1990","MALE","BLACK"
"KENNETH HARTH","11/18/1970","MALE","BLACK"
"JAMES HARTHCOCK","07/17/1991","MALE","WHITE"
"JAMES HARTLEY","05/15/1973","MALE","WHITE"
"JEFFERY HARTLEY","09/18/1996","MALE","WHITE"
"ANTHONY HARTON","05/20/1981","MALE","BLACK"
"EDDIE HARTS","05/22/1978","MALE","BLACK"
"ERROLL HARTWELL","07/13/1971","MALE","BLACK"
"ISAAC HARTWELL","10/27/1992","MALE","BLACK"
"JOSHUA HARTWIG","06/07/1981","MALE","WHITE"
"JORDAN HARTZELL","12/28/1989","MALE","WHITE"
"CLEVELAND HARTZOG","07/01/1973","MALE","BLACK"
"NIKIAL HARTZOG","07/13/1994","MALE","BLACK"
"ROMAN HARVELL","03/26/1982","MALE","BLACK"
"DYLAN HARVESTON","06/09/1996","MALE","BLACK"
"LUKE HARVESTON","02/19/1965","MALE","WHITE"
"ADRIAN HARVEY","03/08/1978","MALE","BLACK"
"ANTONIO HARVEY","04/09/1989","MALE","BLACK"
"DEDRICK HARVEY","11/08/1985","MALE","BLACK"
"ERIC HARVEY","04/03/1985","MALE","WHITE"
"HENRY HARVEY","06/02/1993","MALE","BLACK"
"HOMER HARVEY","05/08/1971","MALE","WHITE"
"JASON HARVEY","06/26/1987","MALE","WHITE"
"KRISHANNA HARVEY","08/30/1989","FEMALE","WHITE"
"LEAH HARVEY","01/17/1990","FEMALE","WHITE"
"MARTIN HARVEY","09/25/1970","MALE","BLACK"
"PAMELA HARVEY","11/04/1960","FEMALE","WHITE"
"QUOVADIS HARVEY","12/25/1992","MALE","BLACK"
"REMY HARVEY","11/30/2000","MALE","BLACK"
"ROBERT HARVEY","06/24/1974","MALE","BLACK"
"ROBERT HARVEY","09/18/1968","MALE","BLACK"
"SHANIKA HARVEY","11/23/1992","FEMALE","BLACK"
"TERRY HARVEY","01/17/1967","MALE","WHITE"
"TYKELL HARVEY","09/08/1997","MALE","BLACK"
"JOHN HARVILLE","08/05/1986","MALE","WHITE"
"DAVID HARVISON","09/25/1972","MALE","WHITE"
"JEFFREY HARWELL","01/20/1964","MALE","WHITE"
"GERALD HARWOOD","10/10/1939","MALE","WHITE"
"MARQUEZ HASBERRY","06/17/1989","MALE","BLACK"
"TYLER HASBERRY","01/22/2002","MALE","BLACK"
"BRICESON HASKINS","03/28/1986","MALE","BLACK"
"DEIAIRE HASKINS","07/30/1992","MALE","BLACK"
"ROBERT HASKINS","10/28/1965","MALE","WHITE"
"EDDIE HASSELL","07/06/1988","MALE","BLACK"
"MATTHEW HASSON","01/22/1965","MALE","WHITE"
"CHRISTOPHER HASTINGS","07/19/1982","MALE","WHITE"
"TORY HASTINGS","05/22/1989","MALE","WHITE"
"MICHAEL HATCHER","04/15/1989","MALE","WHITE"
"SABRINA HATCHER","02/01/1986","FEMALE","BLACK"
"USTIROU HATCHER","04/15/1975","MALE","BLACK"
"MICHAEL HATCHETT","12/14/1970","MALE","BLACK"
"DONALD HATFIELD","12/09/1970","MALE","WHITE"
"SAMMIE HATFIELD","11/12/1983","FEMALE","WHITE"
"TEKO HATFIELD","12/26/1991","MALE","BLACK"
"JOSHUA HATHAWAY","11/14/1984","MALE","WHITE"
"KELTON HATHORNE","02/03/1986","MALE","BLACK"
"JEFFREY HATLEY","09/25/1985","MALE","WHITE"
"DANIEL HATTEN","11/07/1981","MALE","BLACK"
"DEON HATTEN","10/30/1991","MALE","BLACK"
"JOSEPH HATTEN","11/10/1985","MALE","BLACK"
"ANDREA HAUGHTON","09/11/1974","MALE","BLACK"
"CARL HAUGHTON","09/03/1965","MALE","WHITE"
"JOHN HAUMANN","07/03/1955","MALE","WHITE"
"DERRICK HAVARD","09/21/1990","MALE","WHITE"
"JEFFREY HAVARD","11/11/1978","MALE","WHITE"
"JONATHAN HAVARD","06/18/1974","MALE","WHITE"
"RICKY HAVARD","01/05/1982","MALE","WHITE"
"JASON HAVEN","12/20/1996","MALE","WHITE"
"LORINE HAVENS","07/18/1985","FEMALE","WHITE"
"ROGER HAVENS","09/27/1979","MALE","WHITE"
"SHEPARD HAVENS","12/18/1941","MALE","WHITE"
"TYRONE HAVERCOME","06/24/1978","MALE","BLACK"
"ARON HAWKINS","10/19/1971","MALE","BLACK"
"BRAD HAWKINS","09/16/1975","MALE","BLACK"
"CHIQUITA HAWKINS","12/28/1984","FEMALE","BLACK"
"CHRISTOPHER HAWKINS","12/05/1977","MALE","BLACK"
"DAMARCUS HAWKINS","11/30/1995","MALE","BLACK"
"DARYL HAWKINS","10/17/1971","MALE","BLACK"
"DAVID HAWKINS","10/18/1962","MALE","BLACK"
"DEVIN HAWKINS","10/06/1987","MALE","BLACK"
"DUSTIN HAWKINS","10/22/1994","MALE","WHITE"
"FRANCIS HAWKINS","03/26/1987","MALE","WHITE"
"GLENN HAWKINS","06/16/1958","MALE","WHITE"
"JAMES HAWKINS","02/26/1999","MALE","BLACK"
"JARVIS HAWKINS","12/20/1984","MALE","BLACK"
"JHAKEEL HAWKINS","11/06/1993","MALE","BLACK"
"LEWIS HAWKINS","12/25/1965","MALE","BLACK"
"LINELL HAWKINS","11/15/1976","MALE","BLACK"
"MICHAEL HAWKINS","03/29/1979","MALE","WHITE"
"PATRICK HAWKINS","09/09/1977","MALE","BLACK"
"RICO HAWKINS","04/27/1995","MALE","BLACK"
"YOLANDA HAWKINS","01/22/1984","FEMALE","BLACK"
"RICHARD HAWKS","12/10/1960","MALE","WHITE"
"BOBBY HAWTHORNE","07/20/1986","MALE","BLACK"
"DANIEL HAWTHORNE","10/10/1982","MALE","BLACK"
"JAMES HAWTHORNE","01/13/1967","MALE","BLACK"
"JERRICUS HAWTHORNE","01/04/1993","MALE","BLACK"
"LUCCAS HAWTHORNE","05/11/1982","MALE","BLACK"
"PERCY HAWTHORNE","12/01/1968","MALE","BLACK"
"SYLVESTER HAWTHORNE","10/31/1974","MALE","BLACK"
"TONY HAWTHORNE","04/30/1978","MALE","BLACK"
"WILLIE HAWTHORNE","10/27/1989","MALE","BLACK"
"ANTONIO HAY","04/09/1966","MALE","BLACK"
"RICO HAY","06/15/1986","MALE","BLACK"
"MARTICE HAYDEN","01/12/1974","MALE","BLACK"
"ANTHONY HAYES","05/05/1962","MALE","BLACK"
"BERNARD HAYES","06/07/1980","MALE","BLACK"
"BRANDON HAYES","01/04/1991","MALE","BLACK"
"CHARLES HAYES","06/11/1986","MALE","WHITE"
"CRAIGORY HAYES","03/08/1981","MALE","WHITE"
"DAVID HAYES","01/08/1966","MALE","BLACK"
"DERRICK HAYES","05/21/1985","MALE","BLACK"
"DERRICK HAYES","09/19/1984","MALE","BLACK"
"ERNEST HAYES","12/04/1985","MALE","BLACK"
"EUGENE HAYES","12/31/1955","MALE","BLACK"
"GREGORY HAYES","04/11/1991","MALE","BLACK"
"HAROLD HAYES","07/15/1973","MALE","WHITE"
"HOPE HAYES","05/24/1987","FEMALE","WHITE"
"HOWARD HAYES","10/14/1971","MALE","BLACK"
"JABAR HAYES","04/02/1989","MALE","BLACK"
"JAMARKUS HAYES","01/19/1992","MALE","BLACK"
"JAMESON HAYES","09/20/1985","MALE","BLACK"
"JEREMY HAYES","06/05/1981","MALE","BLACK"
"JOE HAYES","08/01/1980","MALE","BLACK"
"JOHN HAYES","12/03/1962","MALE","BLACK"
"JOHN HAYES","03/21/1991","MALE","BLACK"
"JOHNNY HAYES","08/17/1983","MALE","BLACK"
"JONATHAN HAYES","06/07/1984","MALE","BLACK"
"JOSHUA HAYES","09/26/1990","MALE","BLACK"
"LEON HAYES","06/15/1975","MALE","BLACK"
"LEWIS HAYES","01/08/1983","MALE","BLACK"
"LONNIE HAYES","01/30/1949","MALE","BLACK"
"MARQUEL HAYES","12/13/1990","MALE","BLACK"
"MARVIN HAYES","04/02/1982","MALE","BLACK"
"MICHAEL HAYES","09/20/1977","MALE","BLACK"
"MICHELE HAYES","09/09/1970","FEMALE","WHITE"
"NICOLE HAYES","01/13/1972","FEMALE","BLACK"
"RONEY HAYES","01/21/1972","MALE","BLACK"
"WENDELL HAYES","11/26/1946","MALE","WHITE"
"JIMMY HAYGOOD","02/21/1984","MALE","WHITE"
"OTARIUS HAYMON","09/28/2000","MALE","BLACK"
"TAJARVIS HAYMON","08/05/2000","MALE","BLACK"
"AARON HAYNES","09/13/1994","MALE","BLACK"
"ALONZO HAYNES","08/06/1990","MALE","BLACK"
"DARIN HAYNES","12/22/1987","MALE","WHITE"
"DARIUS HAYNES","02/14/1992","MALE","BLACK"
"DOUGLAS HAYNES","01/17/1987","MALE","BLACK"
"JUSTIN HAYNES","01/11/1987","MALE","BLACK"
"JUSTIN HAYNES","11/28/1987","MALE","WHITE"
"LARRY HAYNES","01/26/1989","MALE","BLACK"
"MICHAEL HAYNES","11/06/1969","MALE","BLACK"
"PIERRE HAYNES","02/11/1986","MALE","BLACK"
"STEVEN HAYNES","01/02/1984","MALE","BLACK"
"TARRELL HAYNES","08/25/1987","MALE","BLACK"
"WILLIAM HAYNES","12/18/1965","MALE","BLACK"
"ZACHARY HAYNES","03/21/1992","MALE","BLACK"
"TIMOTHY HAYSLETT","10/27/1975","MALE","BLACK"
"JOHN HAZELRIGG","10/29/1990","MALE","WHITE"
"YAKEBU HEAD","08/24/1991","MALE","BLACK"
"DENVER HEAGY","05/16/1977","MALE","WHITE"
"CHARLES HEARD","03/31/1969","MALE","BLACK"
"CHRISTOPHER HEARD","02/27/1974","MALE","WHITE"
"JEROME HEARD","08/15/1979","MALE","BLACK"
"ANTRON HEARN","12/30/1983","MALE","BLACK"
"CALEB HEARN","11/26/1983","MALE","BLACK"
"JOSHUA HEARN","06/03/1988","MALE","WHITE"
"MICHAEL HEARN","02/05/1958","MALE","BLACK"
"KENDRICK HEARNS","07/10/1983","MALE","BLACK"
"WILLIE HEARNS","05/25/1998","MALE","BLACK"
"STANLEY HEARON","10/21/1955","MALE","WHITE"
"TAIWAN HEARVEY","06/14/1975","MALE","BLACK"
"ROBERT HEATH","02/24/1977","MALE","WHITE"
"JOHN HEATHCOATE","06/24/1987","MALE","WHITE"
"MEGHAN HEATHERLY","02/13/1992","FEMALE","WHITE"
"JASON HEAVENER","12/06/1984","MALE","WHITE"
"FRANK HEBERT","09/15/1956","MALE","WHITE"
"JAMES HEBERT","09/28/1995","MALE","WHITE"
"MARY HEBERT","05/10/1967","FEMALE","WHITE"
"PATRICK HEBERT","08/06/1969","MALE","WHITE"
"JULIUS HEBRON","01/26/1949","MALE","BLACK"
"DERRICK HEDRICK","02/11/1991","MALE","BLACK"
"MALCOLM HEDRICK","02/18/1991","MALE","BLACK"
"ROBERT HEDRICK","01/12/1979","MALE","BLACK"
"BRAD HEFLIN","10/04/1977","MALE","WHITE"
"JOHN HEFLIN","05/28/1999","MALE","WHITE"
"PAUL HEFLIN","11/27/1974","MALE","AMERICAN"
"JUSTIN HEGER","10/23/1991","MALE","BLACK"
"PEYTON HEGGINS","06/18/1977","MALE","WHITE"
"KELLY HEIDELBERG","11/22/1989","MALE","WHITE"
"ROBERT HEIDELBERG","08/19/1987","MALE","BLACK"
"ROGER HEIDELBERG","10/23/1969","MALE","BLACK"
"SANTONIO HEIDELBERG","12/20/1992","MALE","BLACK"
"CECILIA HEIDEN","08/01/1978","FEMALE","WHITE"
"RYAN HEIGHT","09/09/1998","MALE","WHITE"
"RANDAL HEIL","12/07/1990","MALE","WHITE"
"BRANDI HEINZ","10/16/1982","FEMALE","WHITE"
"BRIAN HEINZ","07/15/1981","MALE","WHITE"
"DANIEL HEINZ","06/05/1979","MALE","WHITE"
"BRYCE HEISSER","05/30/1981","MALE","BLACK"
"DONALD HELLUMS","11/10/1951","MALE","WHITE"
"MICHAEL HELMS","03/03/1977","MALE","WHITE"
"GARY HELTON","03/11/1956","MALE","WHITE"
"SHELBY HELTON","11/13/1994","FEMALE","WHITE"
"DANIEL HEMBREE","03/30/1992","MALE","WHITE"
"JERRY HEMBREE","08/26/1948","MALE","WHITE"
"MARCUS HEMMINGWAY","09/27/1983","MALE","BLACK"
"ANTONIO HEMPHILL","09/06/1986","MALE","BLACK"
"CHARLE HEMPHILL","04/27/1989","MALE","WHITE"
"JOHNNY HEMPHILL","04/20/1958","MALE","BLACK"
"LORENZO HEMPHILL","06/06/1993","MALE","BLACK"
"ADRIAN HENDERSON","04/10/1993","MALE","BLACK"
"ALFRED HENDERSON","05/18/1990","MALE","BLACK"
"ANTONIO HENDERSON","01/01/1994","MALE","BLACK"
"BARRY HENDERSON","01/15/1951","MALE","BLACK"
"BOB HENDERSON","12/22/1986","MALE","BLACK"
"BOBBY HENDERSON","08/21/1984","MALE","BLACK"
"BOBBY HENDERSON","05/17/1974","MALE","BLACK"
"CARLOS HENDERSON","11/23/1982","MALE","BLACK"
"CHARLES HENDERSON","08/18/1984","MALE","BLACK"
"COREY HENDERSON","08/27/1980","MALE","BLACK"
"D'UNDRUYGUS HENDERSON","12/06/1995","MALE","BLACK"
"DANNY HENDERSON","06/09/1963","MALE","WHITE"
"DARIUS HENDERSON","05/08/1992","MALE","BLACK"
"DEMARIO HENDERSON","08/31/1983","MALE","BLACK"
"DEVELLE HENDERSON","11/02/1977","MALE","BLACK"
"DUANE HENDERSON","03/24/1970","MALE","WHITE"
"ELBERT HENDERSON","12/01/1968","MALE","BLACK"
"GEORGE HENDERSON","07/28/1989","MALE","BLACK"
"GREGORY HENDERSON","07/04/1982","MALE","BLACK"
"HARLEY HENDERSON","05/01/1993","MALE","WHITE"
"JAMES HENDERSON","01/04/1994","MALE","BLACK"
"JOE HENDERSON","11/01/1961","MALE","BLACK"
"JOHN HENDERSON","11/04/1994","MALE","WHITE"
"JUSTIN HENDERSON","12/14/1988","MALE","BLACK"
"KELDRICK HENDERSON","07/05/1989","MALE","BLACK"
"KENDRICK HENDERSON","09/25/1984","MALE","BLACK"
"LAWRENCE HENDERSON","08/09/1960","MALE","BLACK"
"LESTER HENDERSON","09/14/1983","MALE","BLACK"
"MAKIYA HENDERSON","04/26/1993","FEMALE","BLACK"
"MICHAEL HENDERSON","10/31/1971","MALE","BLACK"
"MICHAEL HENDERSON","05/03/1980","MALE","BLACK"
"NICKOLAS HENDERSON","07/13/1979","MALE","BLACK"
"PETER HENDERSON","01/14/1986","MALE","BLACK"
"RAMOND HENDERSON","06/19/1986","MALE","BLACK"
"RAY HENDERSON","10/30/1971","MALE","BLACK"
"RICKY HENDERSON","02/09/1993","MALE","BLACK"
"ROBERT HENDERSON","03/01/1973","MALE","BLACK"
"ROBREKO HENDERSON","06/22/1983","MALE","BLACK"
"SANDORIA HENDERSON","09/01/1989","FEMALE","BLACK"
"SHAWN HENDERSON","12/03/1973","MALE","BLACK"
"SHUMARCUS HENDERSON","09/18/1980","MALE","BLACK"
"STANLEY HENDERSON","01/20/1967","MALE","BLACK"
"WILLIAM HENDERSON","08/24/1960","MALE","BLACK"
"WILLIAM HENDERSON","05/06/1983","MALE","BLACK"
"WILLIAM HENDERSON","11/14/1985","MALE","BLACK"
"WILLIE HENDERSON","06/22/1965","MALE","BLACK"
"JOSH HENDON","09/14/1985","MALE","WHITE"
"DARREN HENDRICKS","01/16/1981","MALE","BLACK"
"MICHAEL HENDRICKS","02/02/1998","MALE","WHITE"
"MOODY HENDRICKS","09/19/1972","MALE","WHITE"
"DEMARCUS HENDRIX","01/03/1991","MALE","BLACK"
"DONALD HENDRIX","08/31/1982","MALE","WHITE"
"BRIAN HENDRY","06/18/1981","MALE","WHITE"
"CORNELIUS HENLEY","11/14/1982","MALE","BLACK"
"JOANNA HENLEY","05/06/1994","FEMALE","WHITE"
"JOE HENLEY","02/06/1988","MALE","BLACK"
"JOSHUA HENLEY","01/20/1990","MALE","WHITE"
"RICHARD HENLEY","01/09/1951","MALE","WHITE"
"TAVARIS HENLEY","06/25/1978","MALE","BLACK"
"TERRY HENLEY","02/07/1986","MALE","WHITE"
"JUSTIN HENNESSY","01/06/1998","MALE","BLACK"
"JUON HENNEY","10/21/1947","MALE","WHITE"
"MATTHEW HENNINGTON","09/25/1969","MALE","WHITE"
"ALEX HENNIS","01/11/1974","MALE","WHITE"
"DEVON HENNIS","01/11/1991","MALE","WHITE"
"ANGELA HENRY","09/30/1990","FEMALE","BLACK"
"CHRIS HENRY","11/03/1987","MALE","WHITE"
"DANIEL HENRY","04/30/1985","MALE","BLACK"
"DAVID HENRY","10/24/1999","MALE","WHITE"
"DEMARKUS HENRY","09/09/1995","MALE","BLACK"
"DEVONTE HENRY","07/17/1992","MALE","BLACK"
"HERMAN HENRY","02/04/1964","MALE","BLACK"
"JAMES HENRY","01/18/1970","MALE","BLACK"
"JAMIE HENRY","10/10/1961","MALE","BLACK"
"JERRY HENRY","02/08/1961","MALE","BLACK"
"JOEY HENRY","12/04/1958","MALE","BLACK"
"JONATHAN HENRY","09/16/1998","MALE","WHITE"
"JUSTIN HENRY","05/27/1984","MALE","WHITE"
"KENYON HENRY","03/24/1984","MALE","BLACK"
"LEROY HENRY","09/09/1989","MALE","BLACK"
"MICHAEL HENRY","09/29/1967","MALE","WHITE"
"MICHEAL HENRY","02/07/1969","MALE","BLACK"
"ROBERT HENRY","03/20/1967","MALE","BLACK"
"TOBY HENRY","07/17/1981","MALE","WHITE"
"TYMOTHENS HENRY","04/28/1987","MALE","BLACK"
"TYRONE HENRY","07/13/1984","MALE","BLACK"
"CLIFF HENSLEY","10/05/1972","MALE","WHITE"
"JOHNNY HENSLEY","10/31/1956","MALE","WHITE"
"MARC HENSLEY","12/17/1974","MALE","WHITE"
"MARC HENSLEY","05/05/2000","MALE","WHITE"
"ANTHONY HENSON","08/29/1978","MALE","BLACK"
"KENNETH HENSON","11/04/1979","MALE","BLACK"
"REGINALD HENSON","10/19/1964","MALE","BLACK"
"LARRY HENTZ","02/23/1949","MALE","WHITE"
"DAVID HERBERT","06/16/1991","MALE","WHITE"
"MICHAEL HERMAN","11/09/1999","MALE","WHITE"
"MICHAEL HERMAN","04/11/1976","MALE","WHITE"
"BENITO HERNANDEZ","02/09/1979","MALE","SPANISH"
"BRANDON HERNANDEZ","12/12/1997","MALE","WHITE"
"DAVID HERNANDEZ","10/21/1985","MALE","SPANISH"
"JOSE HERNANDEZ","08/14/1977","MALE","SPANISH"
"MARCUS HERNANDEZ","04/24/1972","MALE","SPANISH"
"PAUL HERNANDEZ","12/06/1967","MALE","WHITE"
"JOSE HERNANDEZ-MAUR","02/20/1988","MALE","SPANISH"
"JERRY HERNDON","05/18/1976","MALE","WHITE"
"KELSEY HERRIN","07/26/1970","MALE","WHITE"
"MICHAEL HERRIN","07/27/1971","MALE","WHITE"
"RUSSELL HERRIN","07/22/1982","MALE","WHITE"
"ERNEST HERRING","09/07/1962","MALE","BLACK"
"JASON HERRING","07/29/1988","MALE","WHITE"
"JAY HERRING","06/07/1962","MALE","WHITE"
"KALIAB HERRING","04/21/1998","MALE","WHITE"
"ERIC HERRINGTON","10/05/1977","MALE","BLACK"
"JADARRIUS HERRINGTON","03/11/1996","MALE","BLACK"
"JOHN HERRINGTON","06/27/1991","MALE","WHITE"
"JONATHAN HERRINGTON","08/11/1981","MALE","WHITE"
"KENNY HERRINGTON","10/29/1955","MALE","WHITE"
"MORRIS HERRINGTON","12/22/1945","MALE","WHITE"
"SCOTTIE HERRINGTON","03/02/1970","MALE","WHITE"
"RODNEY HERRMANN","08/16/1985","MALE","WHITE"
"SIMEON HERROD","10/21/1991","MALE","BLACK"
"BOBBY HERRON","02/17/1972","MALE","BLACK"
"JOSEPH HERRON","09/05/1967","MALE","BLACK"
"PHILLIP HERRON","12/20/1975","MALE","WHITE"
"QUINTON HERRON","10/07/1994","MALE","BLACK"
"DEMONTERIOUS HERVEY","11/29/1998","MALE","BLACK"
"GREGORY HERVEY","03/19/1993","MALE","BLACK"
"THERON HERVEY","03/28/1993","MALE","BLACK"
"WILSON HERVEY","09/17/1978","MALE","BLACK"
"LARRY HESLER","11/15/1969","MALE","WHITE"
"JESSICA HESTER","03/30/1986","FEMALE","WHITE"
"JOEY HESTER","05/25/1980","MALE","WHITE"
"JOHN HESTER","12/11/1971","MALE","WHITE"
"MASON HESTER","03/28/1985","MALE","WHITE"
"SHANNA HESTER","08/03/1991","FEMALE","WHITE"
"STEVEN HESTER","10/21/1992","MALE","WHITE"
"JONATHAN HEWGLEY","03/07/1979","MALE","WHITE"
"HOWARD HEWLETT","01/27/1946","MALE","BLACK"
"RAISHUN HEWTTLE","06/18/1997","MALE","BLACK"
"NORRIS HIBBLER","12/04/1966","MALE","BLACK"
"LUCAS HICKAM","06/07/1980","MALE","WHITE"
"MARQUEZ HICKENBOTTOM","01/05/1994","MALE","BLACK"
"DWANYA HICKERSON","02/11/1996","MALE","BLACK"
"WESLEY HICKINGBOTTOM","07/08/1999","MALE","BLACK"
"BENNIE HICKMAN","12/17/1986","MALE","BLACK"
"CHRISTOPHER HICKMAN","10/12/1989","MALE","WHITE"
"JAMES HICKMAN","11/27/1975","MALE","WHITE"
"STEPHAN HICKMAN","06/12/1979","MALE","BLACK"
"STACY HICKMAN-ESTES","07/27/1992","MALE","BLACK"
"ADAM HICKS","09/17/1980","MALE","WHITE"
"AMOS HICKS","07/12/1952","MALE","BLACK"
"BENJAMIN HICKS","04/21/1986","MALE","WHITE"
"BRYANT HICKS","05/30/1994","MALE","BLACK"
"BYRON HICKS","06/14/1989","MALE","BLACK"
"CAMERON HICKS","05/12/1975","MALE","WHITE"
"CHRISTOPHER HICKS","03/31/1984","MALE","BLACK"
"DARYL HICKS","07/26/1957","MALE","BLACK"
"DEION HICKS","01/08/1995","MALE","BLACK"
"DEMASICO HICKS","10/23/1987","MALE","BLACK"
"DENNIS HICKS","02/06/1987","MALE","BLACK"
"DOUGLAS HICKS","04/26/1962","MALE","WHITE"
"GREGORY HICKS","09/30/1970","MALE","BLACK"
"JACE HICKS","04/20/1990","MALE","BLACK"
"JASON HICKS","08/06/1979","MALE","BLACK"
"JOHN HICKS","05/06/1972","MALE","WHITE"
"KENDRIN HICKS","11/14/1982","MALE","BLACK"
"KEVIN HICKS","02/02/1994","MALE","BLACK"
"LASHUN HICKS","03/07/1988","MALE","BLACK"
"MANUEL HICKS","06/28/1972","MALE","WHITE"
"MARK HICKS","11/02/1962","MALE","BLACK"
"MICHAEL HICKS","09/18/1990","MALE","WHITE"
"PATRICK HICKS","06/20/1974","MALE","BLACK"
"PAUL HICKS","02/21/1962","MALE","WHITE"
"STACY HICKS","02/13/1970","MALE","BLACK"
"TOMMY HICKS","01/07/1979","MALE","BLACK"
"TRAVEIL HICKS","09/08/1996","MALE","BLACK"
"WILLIAM HICKS","07/25/1984","MALE","WHITE"
"TERRIL HIGDON","07/25/1992","MALE","WHITE"
"J.C. HIGGINBOTHAM","12/20/1979","MALE","WHITE"
"JAMES HIGGINBOTHAM","08/20/1972","MALE","WHITE"
"JERRY HIGGINBOTHAM","07/08/1983","MALE","WHITE"
"CHARLES HIGGINS","12/27/1981","MALE","WHITE"
"CHARLES HIGGINS","09/05/1952","MALE","WHITE"
"EMMANUEL HIGGINS","03/15/1989","MALE","BLACK"
"BILLY HIGH","12/31/1989","MALE","WHITE"
"CHRISTOPHER HIGH","07/12/1990","MALE","WHITE"
"DONALD HIGH","11/27/1994","MALE","BLACK"
"JONATHAN HIGHT","09/27/1973","MALE","WHITE"
"STACY HILARIO","12/29/1987","MALE","BLACK"
"KELLIE HILBUN","11/12/1965","FEMALE","WHITE"
"ALAN HILL","11/26/1960","MALE","WHITE"
"ALBERT HILL","07/29/1949","MALE","BLACK"
"ALVIN HILL","05/29/1954","MALE","BLACK"
"ANTHONY HILL","03/13/1992","MALE","BLACK"
"AVERY HILL","10/09/1992","MALE","BLACK"
"BILLY HILL","08/23/1956","MALE","BLACK"
"CHARLES HILL","03/10/1971","MALE","BLACK"
"CODY HILL","05/18/1997","MALE","WHITE"
"DARIUS HILL","12/19/1993","MALE","BLACK"
"DARRIN HILL","12/24/1979","MALE","BLACK"
"DARYL HILL","09/13/1984","MALE","WHITE"
"DAVID HILL","11/18/1984","MALE","BLACK"
"DEAGIO HILL","11/22/1980","MALE","BLACK"
"DERRICK HILL","04/25/1972","MALE","BLACK"
"DERRICK HILL","09/11/1995","MALE","BLACK"
"DONALD HILL","08/25/1966","MALE","BLACK"
"DUSTIN HILL","09/28/1988","MALE","WHITE"
"EARNEST HILL","12/27/1974","MALE","BLACK"
"FAJION HILL","12/19/1997","MALE","BLACK"
"FRED HILL","08/10/1990","MALE","BLACK"
"JAMAR HILL","05/10/1983","MALE","BLACK"
"JAMARIOUS HILL","09/29/1993","MALE","BLACK"
"JAMES HILL","06/22/1963","MALE","BLACK"
"JANARIAN HILL","09/15/1993","MALE","BLACK"
"JASPER HILL","03/20/1990","MALE","BLACK"
"JERMAINE HILL","06/11/1980","MALE","BLACK"
"JERRICK HILL","09/27/1981","MALE","BLACK"
"JOHN HILL","07/07/1982","MALE","WHITE"
"JOHNNY HILL","07/10/1951","MALE","BLACK"
"JUSTIN HILL","05/31/1980","MALE","WHITE"
"JUSTIN HILL","10/28/1999","MALE","BLACK"
"KAI HILL","12/23/1970","MALE","BLACK"
"LATISH HILL","06/10/1971","FEMALE","BLACK"
"LEE HILL","07/23/1980","MALE","WHITE"
"LEKEDRIC HILL","04/02/1998","MALE","BLACK"
"LENNIS HILL","09/28/1971","MALE","BLACK"
"LIONEL HILL","04/30/1982","MALE","BLACK"
"MARCUS HILL","04/07/1965","MALE","WHITE"
"MERLIN HILL","07/11/1961","MALE","WHITE"
"MICHAEL HILL","08/27/1985","MALE","BLACK"
"MICHAEL HILL","10/15/1990","MALE","WHITE"
"NICOLE HILL","09/20/1983","FEMALE","BLACK"
"OCTAVIOUS HILL","05/07/1981","MALE","BLACK"
"RAPHAEL HILL","10/09/1995","MALE","BLACK"
"RASHARD HILL","09/18/1998","MALE","BLACK"
"REGINALD HILL","11/29/1997","MALE","BLACK"
"RINARDO HILL","09/01/1990","MALE","BLACK"
"ROBERT HILL","01/13/1963","MALE","BLACK"
"ROBERT HILL","09/15/1966","MALE","WHITE"
"RODREGGUS HILL","10/25/1986","MALE","BLACK"
"RUSSELL HILL","08/15/1963","MALE","BLACK"
"SHAUN HILL","02/13/1978","MALE","WHITE"
"TERRENCE HILL","05/28/1991","MALE","BLACK"
"TERRY HILL","07/30/1973","MALE","BLACK"
"THURMOND HILL","03/19/1972","MALE","BLACK"
"TIERRE HILL","12/12/1990","MALE","BLACK"
"TOMMIE HILL","03/27/1987","MALE","BLACK"
"TOMMY HILL","11/19/1982","MALE","BLACK"
"TOMMY HILL","01/21/1999","MALE","WHITE"
"VIRGINIA HILL","09/30/1974","FEMALE","WHITE"
"WILLIAM HILL","12/29/1984","MALE","BLACK"
"WILLIAM HILL","07/11/1962","MALE","WHITE"
"DANSHERYL HILLARD","06/07/1984","FEMALE","BLACK"
"LAMARCUS HILLARD","04/19/1980","MALE","BLACK"
"TERRANCE HILLARD","04/18/1986","MALE","BLACK"
"CHRISTOPHER HILLHOUSE","01/07/1990","MALE","WHITE"
"ANTONIO HILLIARD","06/03/1981","MALE","BLACK"
"JAMES HILLIARD","10/24/1971","MALE","BLACK"
"JUSTIN HILLIARD","06/30/1989","MALE","BLACK"
"MARCUS HILLIARD","10/23/1981","MALE","BLACK"
"MARKUS HILLIARD","07/24/1996","MALE","BLACK"
"RASHAWN HILLIARD","01/05/1998","MALE","BLACK"
"RODRICK HILLIARD","07/05/1973","MALE","BLACK"
"BYLAND HILLIE","03/24/1982","MALE","BLACK"
"DEVONTA HILLIE","02/02/1997","MALE","BLACK"
"GREG HILLIE","07/11/1973","MALE","BLACK"
"MAURTEZ HILLIE","01/11/1982","MALE","BLACK"
"DEBBIE HILLIS","01/19/1966","FEMALE","WHITE"
"ALYSIA HILLMAN","02/03/1992","FEMALE","WHITE"
"BURT HILLMAN","09/09/1976","MALE","WHITE"
"JEFFREY HILLMAN","07/02/1972","MALE","WHITE"
"TIFFANY HILLMAN","11/20/1988","FEMALE","WHITE"
"TINA HILLMAN","09/25/1976","FEMALE","WHITE"
"RODNEY HILLS","11/02/1978","MALE","BLACK"
"BRADLEY HILSABECK","03/05/1987","MALE","WHITE"
"DEREK HILTON","01/09/1981","MALE","BLACK"
"GREGORY HILTON","11/08/1989","MALE","WHITE"
"ROBERT HIMES","06/07/1989","MALE","BLACK"
"CECIL HINES","04/20/1961","MALE","WHITE"
"CHRISTINE HINES","12/06/1974","FEMALE","BLACK"
"DANIEL HINES","03/30/1990","MALE","BLACK"
"GERALD HINES","06/17/1989","MALE","WHITE"
"JAMES HINES","03/16/1993","MALE","WHITE"
"JEFFERY HINES","04/10/1975","MALE","WHITE"
"JOSHUA HINES","06/04/1999","MALE","WHITE"
"KENNETH HINES","03/04/1969","MALE","WHITE"
"KEVIN HINES","12/05/1975","MALE","BLACK"
"ROBERT HINGER","10/08/1966","MALE","WHITE"
"ANDRES HINOJOSA","07/01/1972","MALE","SPANISH"
"JERMEY HINSON","05/05/1983","MALE","WHITE"
"ANTONIO HINTON","04/14/1979","MALE","BLACK"
"BILLY HINTON","08/20/1997","MALE","WHITE"
"DEMARRIO HINTON","09/21/1982","MALE","BLACK"
"FULSTON HINTON","11/17/1962","MALE","BLACK"
"JONATHAN HINTON","12/01/1999","MALE","BLACK"
"LUTHER HINTON","10/20/1950","MALE","BLACK"
"RONALD HINTON","12/09/1958","MALE","BLACK"
"SHANNON HINTON","11/29/1978","FEMALE","BLACK"
"SHAUN HINTON","01/18/1979","MALE","WHITE"
"JENNY HIPP","01/27/1979","FEMALE","WHITE"
"DAMON HIPPS","11/05/1970","MALE","WHITE"
"PATRICK HITE","07/16/1978","MALE","WHITE"
"JAMIE HITT","05/12/1981","FEMALE","WHITE"
"SHERRY HITT","07/23/1970","FEMALE","WHITE"
"CHRISTOPHER HOBBS","03/03/1989","MALE","BLACK"
"DONALD HOBBS","10/04/1980","MALE","WHITE"
"KENNETH HOBBS","04/25/1972","MALE","WHITE"
"MILTON HOBBS","05/29/1981","MALE","BLACK"
"WILLIAM HOBBS","03/03/1944","MALE","WHITE"
"ANDREW HOBBY","12/03/1985","MALE","WHITE"
"RUSTY HOBBY","08/05/1987","MALE","WHITE"
"RICHARD HOBGOOD","10/27/1972","MALE","WHITE"
"ABRAHAM HOBSON","12/20/1963","MALE","BLACK"
"AMANDA HOBSON","09/10/1990","FEMALE","WHITE"
"CHANDLE HOBSON","12/30/1966","MALE","BLACK"
"CHRISTOPHER HOBSON","11/27/1974","MALE","WHITE"
"CHRISTOPHER HOBSON","10/10/1978","MALE","BLACK"
"DAVID HOBSON","08/22/1995","MALE","BLACK"
"JACARIS HOBSON","07/03/1997","MALE","BLACK"
"LADARIUS HOBSON","07/11/1994","MALE","BLACK"
"LUCIOUS HOBSON","05/12/1995","MALE","BLACK"
"MITCHELL HOBSON","01/12/1980","MALE","BLACK"
"SALLY HOBSON","09/02/1976","FEMALE","WHITE"
"JUSTIN HODA","11/07/1989","MALE","WHITE"
"ROBERT HODA","09/29/1985","MALE","WHITE"
"STEVEN HODA","10/30/1990","MALE","SPANISH"
"JIM HODDER","06/13/1971","MALE","WHITE"
"EMMETT HODGE","02/07/1974","MALE","WHITE"
"JOE HODGE","11/20/1980","MALE","WHITE"
"JOSEPH HODGE","11/11/1982","MALE","BLACK"
"ALFRED HODGES","10/05/1989","MALE","BLACK"
"ANTHONY HODGES","03/09/1969","MALE","BLACK"
"CORDARUS HODGES","05/06/1996","MALE","BLACK"
"JUANTAE HODGES","02/08/1993","MALE","BLACK"
"MICHAEL HODGES","08/05/1982","MALE","WHITE"
"QUINTEZ HODGES","10/14/1980","MALE","BLACK"
"TRACY HODGES","11/12/1976","MALE","BLACK"
"VICTOR HODGES","05/07/1993","MALE","BLACK"
"WILLIE HODGES","10/23/1978","MALE","WHITE"
"LENZY HODGIN","07/21/1970","MALE","WHITE"
"ANTON HOENIGES","04/10/1976","MALE","WHITE"
"JEFFERY HOFFMAN","10/20/1973","MALE","WHITE"
"BOBBY HOGAN","06/14/1993","MALE","BLACK"
"BRIAN HOGAN","08/27/1965","MALE","BLACK"
"CLIFTON HOGAN","03/10/1984","MALE","BLACK"
"DESMOND HOGAN","08/02/1979","MALE","BLACK"
"E L HOGAN","03/15/1995","MALE","BLACK"
"FREDRICK HOGAN","08/10/1988","MALE","BLACK"
"GARY HOGAN","01/08/1984","MALE","BLACK"
"NATHAN HOGAN","01/12/1983","MALE","AMERICAN"
"OTEY HOGAN","10/06/1976","MALE","BLACK"
"ROD HOGAN","06/30/1994","MALE","BLACK"
"TIMOTHY HOGAN","02/13/1980","MALE","BLACK"
"WALTER HOGAN","01/31/1975","MALE","BLACK"
"WILLIAM HOGAN","06/30/1981","MALE","WHITE"
"JAMES HOGANCAMP","11/26/1966","MALE","WHITE"
"JAMES HOGG","10/12/1983","MALE","WHITE"
"WAYNE HOGG","02/20/1961","MALE","WHITE"
"RODERICK HOGGATT","03/17/1969","MALE","BLACK"
"DEMARIO HOGSETT","05/27/1992","MALE","BLACK"
"JOE HOGUE","09/18/1984","MALE","WHITE"
"JOSEPH HOKE","07/03/1970","MALE","WHITE"
"ANTRELL HOLBROOK","10/07/1983","MALE","BLACK"
"EDWARD HOLBROOK","12/28/1963","MALE","WHITE"
"KEVIN HOLBROOK","04/28/1995","MALE","WHITE"
"ERICA HOLCOMB","11/04/1994","FEMALE","WHITE"
"JOSHUA HOLCOMB","05/28/1987","MALE","WHITE"
"VON HATIN HOLCOMB","02/12/1999","MALE","WHITE"
"DAVID HOLCOMBE","04/30/1992","MALE","WHITE"
"TYLER HOLDEN","03/29/1990","MALE","BLACK"
"CARL HOLDER","04/11/1986","MALE","BLACK"
"JAMES HOLDER","11/14/1985","MALE","WHITE"
"JARVIS HOLDER","04/17/1987","MALE","BLACK"
"PHILLIP HOLDER","04/27/1992","MALE","WHITE"
"ROGER HOLDER","12/17/1975","MALE","BLACK"
"THOMAS HOLDER","04/30/1956","MALE","WHITE"
"VERNON HOLDER","07/04/1969","MALE","BLACK"
"JAMES HOLIDAY","11/15/1984","MALE","BLACK"
"JOSEPH HOLIDAY","08/08/1976","MALE","BLACK"
"RODNEY HOLIDAY","05/27/1978","MALE","BLACK"
"ANTHONY HOLIFIELD","12/08/1962","MALE","WHITE"
"BRITTANY HOLIFIELD","02/08/1993","FEMALE","BLACK"
"JAMES HOLIFIELD","03/23/1993","MALE","WHITE"
"LAMAR HOLIFIELD","03/16/1981","MALE","WHITE"
"MICHAEL HOLIFIELD","07/29/1972","MALE","WHITE"
"RICKEY HOLIFIELD","03/05/1962","MALE","BLACK"
"DEDDERICK HOLLAND","02/24/1996","MALE","BLACK"
"MARQUIS HOLLAND","01/10/1992","MALE","BLACK"
"MCALLEN HOLLAND","09/07/1984","MALE","WHITE"
"MICHAEL HOLLAND","05/08/1993","MALE","BLACK"
"RYAN HOLLAND","06/29/1984","MALE","WHITE"
"STEPHEN HOLLAND","05/22/1971","MALE","WHITE"
"TODD HOLLAND","10/01/1986","MALE","WHITE"
"WILLIAM HOLLANDS","06/17/1975","MALE","WHITE"
"BROOKLYNN HOLLAWAY","08/29/1992","FEMALE","WHITE"
"LARRY HOLLEMAN","08/22/1950","MALE","BLACK"
"DAVID HOLLEY","06/12/1963","MALE","WHITE"
"ELVIN HOLLEY","09/26/1964","MALE","WHITE"
"HENRY HOLLEY","04/15/1975","MALE","WHITE"
"TERRY HOLLEY","11/13/1974","MALE","WHITE"
"DILLION HOLLIDAY","09/03/1997","MALE","WHITE"
"JAMES HOLLIDAY","12/20/1987","MALE","BLACK"
"RALPH HOLLIDAY","05/12/1959","MALE","BLACK"
"ROBERT HOLLIDAY","07/17/1985","MALE","WHITE"
"SAMUEL HOLLIDAY","06/22/1938","MALE","WHITE"
"SHAVON HOLLIDAY","12/25/1992","MALE","BLACK"
"ASHLEY HOLLIE","10/14/1992","FEMALE","WHITE"
"ERIK HOLLIE","10/01/1984","MALE","WHITE"
"BARNEY HOLLIMAN","06/27/1991","MALE","WHITE"
"BRIAN HOLLIMAN","08/05/1981","MALE","WHITE"
"BRIDGET HOLLIMAN","12/12/1979","FEMALE","WHITE"
"CHRISTOPHER HOLLIMAN","06/14/1972","MALE","BLACK"
"MICHEAL HOLLIMAN","02/09/1985","MALE","WHITE"
"ROGER HOLLIMAN","08/12/1956","MALE","WHITE"
"MARK HOLLIMON","08/30/1970","MALE","WHITE"
"ROBERT HOLLINGER","02/27/1972","MALE","WHITE"
"ANTONIO HOLLINGSWORTH","12/17/1979","MALE","BLACK"
"EDDIE HOLLINGSWORTH","08/30/1968","MALE","WHITE"
"KENDRICK HOLLINGSWORTH","10/25/1979","MALE","BLACK"
"MALIK HOLLINGSWORTH","07/13/1984","MALE","BLACK"
"CARL HOLLINS","03/03/1978","MALE","BLACK"
"GREGORY HOLLINS","10/05/1975","MALE","BLACK"
"JOSHUA HOLLINS","05/29/1996","MALE","BLACK"
"MICHAEL HOLLINS","06/30/1972","MALE","BLACK"
"SYLVESTER HOLLINS","09/02/1978","MALE","BLACK"
"TY HOLLINS","02/28/1976","MALE","WHITE"
"ROBIN HOLLINS JR","01/04/1990","MALE","WHITE"
"REGGIEANTE HOLLINSHED","10/29/1992","MALE","BLACK"
"CHRISTOPHER HOLLIS","01/05/1990","MALE","BLACK"
"ENRICKO HOLLIS","09/30/1975","MALE","BLACK"
"JAKELLSEY HOLLIS","02/03/1996","MALE","BLACK"
"JAKOB HOLLIS","12/21/1984","MALE","WHITE"
"JEREMY HOLLIS","03/16/1977","MALE","WHITE"
"MIKEAL HOLLIS","05/31/1980","MALE","WHITE"
"SHANNON HOLLIS","02/18/1973","MALE","WHITE"
"SYBIL HOLLIS","05/19/1981","FEMALE","WHITE"
"TIMOTHY HOLLIS","08/05/1970","MALE","BLACK"
"LEVONTE HOLLMAN","08/23/1988","MALE","BLACK"
"JOEY HOLLOMAN","10/10/1957","MALE","WHITE"
"JUSTIN HOLLOMAN","01/07/1989","MALE","WHITE"
"LOUIS HOLLOMON","05/16/1967","MALE","BLACK"
"BARRET HOLLOWAY","12/19/1993","MALE","WHITE"
"BRADLEY HOLLOWAY","11/30/1985","MALE","WHITE"
"CHARLES HOLLOWAY","08/18/1969","MALE","BLACK"
"CURTIS HOLLOWAY","05/27/1961","MALE","BLACK"
"DAVID HOLLOWAY","07/10/1983","MALE","WHITE"
"DECARLOS HOLLOWAY","01/22/1987","MALE","BLACK"
"DJUAN HOLLOWAY","12/22/1991","MALE","BLACK"
"JAMES HOLLOWAY","01/07/1958","MALE","WHITE"
"JAMES HOLLOWAY","12/17/1960","MALE","BLACK"
"JASON HOLLOWAY","05/28/1978","MALE","WHITE"
"JEREMY HOLLOWAY","06/14/1989","MALE","WHITE"
"JERMAINE HOLLOWAY","10/18/1985","MALE","BLACK"
"JUDARYL HOLLOWAY","03/31/1996","MALE","BLACK"
"LADALE HOLLOWAY","08/23/1978","MALE","BLACK"
"LARRY HOLLOWAY","09/19/1963","MALE","WHITE"
"MITCHELL HOLLOWAY","08/05/1968","MALE","BLACK"
"STEVEN HOLLOWAY","08/17/1977","MALE","WHITE"
"STEVEN HOLLOWAY","11/27/1962","MALE","WHITE"
"THEO HOLLOWAY","12/29/1999","MALE","BLACK"
"WILLIAM HOLLY","08/06/1974","MALE","WHITE"
"RYAN HOLM","10/06/1987","MALE","WHITE"
"DUSTIN HOLMAN","01/18/1994","MALE","WHITE"
"EUGENE HOLMAN","11/20/1980","MALE","BLACK"
"JEFFREY HOLMAN","11/24/1987","MALE","BLACK"
"JESSIE HOLMAN","05/28/1966","MALE","WHITE"
"LONNIE HOLMAN","09/01/1988","MALE","BLACK"
"STEPHANIE HOLMAN","09/28/1990","FEMALE","WHITE"
"ANDREW HOLMES","02/08/1992","MALE","BLACK"
"BILLY HOLMES","08/22/1963","MALE","BLACK"
"BRANDI HOLMES","12/12/1985","FEMALE","WHITE"
"DEKENDRICK HOLMES","10/23/1996","MALE","BLACK"
"DEREK HOLMES","06/16/1998","MALE","WHITE"
"DEXTER HOLMES","12/07/1968","MALE","BLACK"
"EARNEST HOLMES","01/23/1992","MALE","BLACK"
"EDWARD HOLMES","08/08/1985","MALE","WHITE"
"EMMA HOLMES","04/03/1956","FEMALE","BLACK"
"ERIC HOLMES","01/31/1986","MALE","BLACK"
"JAIVON HOLMES","06/15/1995","MALE","BLACK"
"JAMES HOLMES","09/12/1957","MALE","BLACK"
"JUSTIN HOLMES","09/25/1989","MALE","BLACK"
"KEVIN HOLMES","08/23/1981","MALE","BLACK"
"KEVIN HOLMES","04/30/1997","MALE","BLACK"
"MAJOR HOLMES","02/23/1995","MALE","WHITE"
"NICHOLAS HOLMES","12/30/1991","MALE","BLACK"
"QUINCY HOLMES","01/06/1994","MALE","BLACK"
"RICKY HOLMES","11/10/1990","MALE","WHITE"
"RUBIN HOLMES","12/26/1992","MALE","BLACK"
"SONNY HOLMES","05/31/1987","MALE","WHITE"
"STACEE HOLMES","12/31/1995","FEMALE","WHITE"
"STEVE HOLMES","07/22/1954","MALE","BLACK"
"TORIANO HOLMES","08/16/1974","MALE","BLACK"
"TYRONE HOLMES","09/01/1952","MALE","BLACK"
"TYRONE HOLMES","09/08/1992","MALE","BLACK"
"VINCENT HOLMES","11/05/1997","MALE","WHITE"
"ZACKERY HOLMES","08/15/1996","MALE","WHITE"
"LESLIE HOLPE","09/18/1990","MALE","BLACK"
"MARCUS HOLPE","06/17/1985","MALE","BLACK"
"ANTONIO HOLT","07/09/1985","MALE","BLACK"
"CEDRIC HOLT","02/11/1971","MALE","BLACK"
"DAVID HOLT","03/25/1993","MALE","WHITE"
"JESSE HOLT","08/04/1976","MALE","WHITE"
"LINDA HOLT","07/20/1958","FEMALE","WHITE"
"MELISSA HOLT","09/25/1971","FEMALE","WHITE"
"RICKY HOLT","09/03/1991","MALE","BLACK"
"SHELLI HOLT","10/05/1986","FEMALE","WHITE"
"TOMMY HOLT","07/05/1993","MALE","BLACK"
"JOHNNY HOLTON","01/30/1968","MALE","WHITE"
"JAMES HOMAN","10/24/1981","MALE","WHITE"
"BEVERLY HONEYCUTT","02/19/1992","FEMALE","WHITE"
"LEROY HONEYCUTT","07/02/1964","MALE","WHITE"
"CHRISTINA HOOD","12/26/1978","FEMALE","WHITE"
"ERIC HOOD","06/02/1979","MALE","WHITE"
"JEFFREY HOOD","09/14/1989","MALE","WHITE"
"MARVIEL HOOD","11/23/1992","MALE","BLACK"
"MICHAEL HOOD","10/18/1973","MALE","WHITE"
"RAMON HOOD","09/09/1977","MALE","BLACK"
"RAY HOOD","11/27/1960","MALE","BLACK"
"ROBERT HOOD","01/27/1983","MALE","WHITE"
"RONALD HOOD","12/02/1957","MALE","WHITE"
"WILLIE HOOD JR.","11/09/1983","MALE","BLACK"
"THOMAS HOOGHE","07/19/1957","MALE","WHITE"
"DANIEL HOOKER","07/27/1988","MALE","WHITE"
"KAYLA HOOKER","07/03/1995","FEMALE","WHITE"
"QUANEILUS HOOKER","10/08/1994","MALE","BLACK"
"JOHN HOOLEY","06/15/1954","MALE","WHITE"
"TERESA HOOLEY","10/03/1981","FEMALE","WHITE"
"MARCUS HOOP","03/11/1988","MALE","WHITE"
"JAWAN HOOPER","09/11/1991","MALE","BLACK"
"LALANJUS HOOPER","07/29/1986","MALE","BLACK"
"ANTONIO HOOVER","11/19/1987","MALE","BLACK"
"BRIAN HOOVER","12/01/1984","MALE","WHITE"
"MARVIN HOOVER","07/27/1963","MALE","WHITE"
"DANNY HOPE","07/21/1977","MALE","BLACK"
"KENDARIUS HOPE","05/16/1988","MALE","BLACK"
"ALLEN HOPKINS","09/17/1978","MALE","WHITE"
"CASEY HOPKINS","11/21/1990","FEMALE","WHITE"
"DERRICK HOPKINS","12/06/1986","MALE","BLACK"
"GREGORY HOPKINS","10/17/1958","MALE","BLACK"
"JAMES HOPKINS","08/21/1995","MALE","WHITE"
"JIMMY HOPKINS","01/15/1975","MALE","WHITE"
"KELLEN HOPKINS","12/29/1987","MALE","BLACK"
"KENNY HOPKINS","02/27/1972","MALE","WHITE"
"KEVIN HOPKINS","09/08/1966","MALE","WHITE"
"KIRSTEN HOPKINS","04/14/1991","FEMALE","WHITE"
"RICKY HOPKINS","01/20/1969","MALE","WHITE"
"OTIS HOPPER","04/01/1988","MALE","BLACK"
"TERRELL HOPPER","06/17/1983","MALE","BLACK"
"ALLERY HOPSON","10/23/1970","MALE","BLACK"
"MARK HOPSON","09/15/1969","MALE","BLACK"
"MICHAEL HOPSON","11/07/1953","MALE","WHITE"
"TYLER HOPSON","08/21/1984","MALE","WHITE"
"ELIJAH HORN","10/04/1966","MALE","WHITE"
"JEFFREY HORN","06/23/1966","MALE","WHITE"
"MARVIN HORN","02/02/1991","MALE","BLACK"
"COREY HORNE","09/26/1985","MALE","WHITE"
"DAVIPLAZJSHA HORNE","02/12/1998","MALE","BLACK"
"DEWEY HORNE","05/22/1955","MALE","WHITE"
"DONTAY HORNE","07/25/1996","MALE","BLACK"
"ORLANDO HORNE","05/20/1993","MALE","BLACK"
"WILLIAM HORNER","01/05/1987","MALE","WHITE"
"TOMMY HORNEY","11/01/1970","MALE","BLACK"
"EUGENE HORNKE","04/09/1980","MALE","WHITE"
"BANNON HORNSBY","10/01/1991","MALE","BLACK"
"DEMERIO HORNSBY","07/13/1980","MALE","BLACK"
"DAVID HORTON","08/19/1967","MALE","BLACK"
"JOSHUA HORTON","05/03/1989","MALE","WHITE"
"JUSTIN HORTON","04/29/1994","MALE","BLACK"
"MALCOLM HORTON","10/14/1993","MALE","BLACK"
"QUENTIN HORTON","08/01/1982","MALE","BLACK"
"RUFUS HORTON","11/08/1955","MALE","BLACK"
"SHAWNDERIC HORTON","07/19/1971","MALE","BLACK"
"TREY HORTON","04/28/1993","MALE","BLACK"
"TYRONE HORTON","07/15/1974","MALE","BLACK"
"WILLIAM HORTON","09/30/1978","MALE","BLACK"
"JOSEPH HOSELTON","02/26/1980","MALE","WHITE"
"DANSTEN HOSEY","09/20/1990","MALE","BLACK"
"FRANKIE HOSEY","09/23/1978","MALE","BLACK"
"JHERASHIO HOSEY","02/23/1976","MALE","BLACK"
"KENDRICK HOSEY","06/26/1981","MALE","BLACK"
"KEWAN HOSEY","06/29/1990","MALE","BLACK"
"MARCOS HOSEY","12/01/1972","MALE","BLACK"
"DAMIYUNE HOSKINS","02/02/2001","MALE","BLACK"
"DOMINIC HOSKINS","12/21/1994","MALE","BLACK"
"LATRAIN HOSKINS","06/21/2000","MALE","BLACK"
"OCIE HOSKINS","05/21/1971","MALE","BLACK"
"PAUL HOSKINS","06/20/1975","MALE","BLACK"
"RAS HOSKINS","01/04/1998","MALE","WHITE"
"TREVOR HOSKINS","07/25/1980","MALE","BLACK"
"CLIFFORD HOUGH","02/20/1964","MALE","WHITE"
"ACHELLO HOUSE","02/15/1981","MALE","BLACK"
"ERIC HOUSE","11/14/1991","MALE","BLACK"
"JULISH HOUSE","04/07/1991","MALE","BLACK"
"MARQUZE HOUSE","10/16/1996","MALE","BLACK"
"MICHAEL HOUSE","09/18/1983","MALE","BLACK"
"TERRANCE HOUSE","04/23/1989","MALE","BLACK"
"MATTHEW HOUSEHOLDER","02/14/1984","MALE","WHITE"
"CHRISTOPHER HOUSER","11/21/1973","MALE","WHITE"
"JOSEPH HOUSER","05/19/1978","MALE","WHITE"
"PAUL HOUSER","10/03/1963","MALE","WHITE"
"SCOTT HOUSKA","11/26/1966","MALE","WHITE"
"CLIFTON HOUSTON","09/17/1963","MALE","BLACK"
"DARREN HOUSTON","10/12/1982","MALE","BLACK"
"DERRICK HOUSTON","07/18/1979","MALE","BLACK"
"JAMES HOUSTON","05/02/1974","MALE","BLACK"
"JASON HOUSTON","01/01/1980","MALE","WHITE"
"JEROME HOUSTON","01/01/1970","MALE","BLACK"
"JUDY HOUSTON","03/26/1948","FEMALE","WHITE"
"MARVELOUS HOUSTON","03/22/1977","MALE","BLACK"
"MICHAEL HOUSTON","04/14/1967","MALE","BLACK"
"QUINISIA HOUSTON","10/08/1986","FEMALE","BLACK"
"REGINALD HOUSTON","11/11/1980","MALE","BLACK"
"ROBERT HOUSTON","02/19/1992","MALE","BLACK"
"DANIEL HOVEN","02/20/1965","MALE","WHITE"
"CHEVELLE HOVER","06/13/1992","FEMALE","WHITE"
"ERIC HOVER","02/21/1991","MALE","WHITE"
"ALFRED HOWARD","06/16/1980","MALE","BLACK"
"CHARLES HOWARD","05/04/1992","MALE","BLACK"
"CHARLES HOWARD","09/24/1953","MALE","WHITE"
"CHRISTOPHER HOWARD","01/31/1977","MALE","WHITE"
"COLBY HOWARD","07/07/1986","MALE","BLACK"
"CORRI HOWARD","07/01/1985","MALE","BLACK"
"DARREN HOWARD","07/16/1973","MALE","BLACK"
"DEMETRIUS HOWARD","06/28/1987","MALE","BLACK"
"DENNIS HOWARD","12/27/1982","MALE","BLACK"
"DERRICK HOWARD","02/14/1983","MALE","WHITE"
"EDDIE HOWARD","06/27/1953","MALE","BLACK"
"ERICK HOWARD","04/08/1968","MALE","BLACK"
"FRANK HOWARD","02/15/1978","MALE","BLACK"
"JAMES HOWARD","03/13/1976","MALE","BLACK"
"JAMES HOWARD","11/19/1986","MALE","BLACK"
"JAMES HOWARD","12/10/1983","MALE","BLACK"
"KEWESE HOWARD","02/09/1975","MALE","BLACK"
"KINTARIUS HOWARD","10/15/2001","MALE","BLACK"
"KRISTOPHER HOWARD","10/02/1984","MALE","WHITE"
"LATAURIS HOWARD","08/03/1991","MALE","BLACK"
"LAZERICK HOWARD","11/27/1994","MALE","BLACK"
"LUCAS HOWARD","07/15/1979","MALE","BLACK"
"MARCUS HOWARD","11/02/1974","MALE","BLACK"
"PATRICK HOWARD","06/02/1992","MALE","BLACK"
"RICKY HOWARD","04/13/1993","MALE","BLACK"
"TONY HOWARD","12/28/1985","MALE","BLACK"
"TROY HOWARD","12/05/1971","MALE","BLACK"
"VINCENT HOWARD","03/21/1986","MALE","BLACK"
"WILLIAM HOWARD","09/14/1993","MALE","BLACK"
"WILLIE HOWARD","05/03/1981","MALE","BLACK"
"WILLIE HOWARD","06/17/1964","MALE","BLACK"
"ALTON HOWELL","05/06/1980","MALE","WHITE"
"EMILY HOWELL","07/01/1999","FEMALE","WHITE"
"ERIC HOWELL","04/05/1980","MALE","BLACK"
"FREDERICK HOWELL","10/16/1997","MALE","BLACK"
"HENRY HOWELL","03/05/1951","MALE","WHITE"
"JOSHUA HOWELL","05/18/1981","MALE","WHITE"
"MARLON HOWELL","04/01/1980","MALE","BLACK"
"MITCHELL HOWELL","08/09/1990","MALE","WHITE"
"TAREK HOWELL","01/29/1973","MALE","BLACK"
"WILLIAM HOWELL","11/11/1992","MALE","WHITE"
"DOUGLAS HOWELLL","02/28/1980","MALE","WHITE"
"ALONZO HOYE","12/24/1975","MALE","BLACK"
"JEROME HOYLE","08/09/1967","MALE","BLACK"
"ADRIENNE HUBBARD","07/09/1990","FEMALE","BLACK"
"ANTWON HUBBARD","07/09/1988","MALE","BLACK"
"ANZIO HUBBARD","11/06/1971","MALE","BLACK"
"AUSTIN HUBBARD","10/17/1985","MALE","BLACK"
"BERNARD HUBBARD","07/29/1962","MALE","BLACK"
"CAMERON HUBBARD","08/02/1990","MALE","BLACK"
"DANNY HUBBARD","02/07/1996","MALE","BLACK"
"DANNY HUBBARD","03/16/1972","MALE","BLACK"
"GEORGE HUBBARD","10/03/1987","MALE","WHITE"
"JAMAL HUBBARD","01/12/1997","MALE","BLACK"
"JANIE HUBBARD","01/31/1965","FEMALE","BLACK"
"JEFFERY HUBBARD","07/02/1969","MALE","BLACK"
"JOSHUA HUBBARD","06/20/1982","MALE","BLACK"
"MARENO HUBBARD","07/12/1987","MALE","BLACK"
"RUFUS HUBBARD","04/11/1980","MALE","BLACK"
"TIMOTHY HUBBARD","11/07/1989","MALE","BLACK"
"TOREY HUBBARD","06/22/1989","MALE","BLACK"
"TRAVIS HUBBARD","04/02/1983","MALE","BLACK"
"WESLEY HUBBARD","08/16/1973","MALE","BLACK"
"TIMOTHY HUBBERT","08/08/1978","MALE","BLACK"
"KENNETH HUBER","06/03/1994","MALE","WHITE"
"ROBERT HUBER","05/06/1974","MALE","WHITE"
"MERLIN HUBNER","04/16/1982","MALE","WHITE"
"STEPHON HUDDERSON","05/03/1962","MALE","BLACK"
"CHARLES HUDDLESTON","04/23/1984","MALE","WHITE"
"GREGORY HUDDLESTON","11/22/1982","MALE","WHITE"
"NATHANIEL HUDDLESTON","03/21/1988","MALE","BLACK"
"PARKER HUDDLESTON","01/11/1991","MALE","WHITE"
"KENNETH HUDGENS","05/05/1966","MALE","WHITE"
"ALEX HUDNALL","02/07/1988","MALE","BLACK"
"ALEXAS HUDSON","10/14/1990","FEMALE","WHITE"
"ALTAVENO HUDSON","11/22/1984","MALE","BLACK"
"ALVIN HUDSON","02/06/1972","MALE","BLACK"
"ANTONIO HUDSON","07/13/1987","MALE","BLACK"
"BILLY HUDSON","05/20/1968","MALE","WHITE"
"CHARLESTON HUDSON","11/27/1981","MALE","BLACK"
"DEVAIL HUDSON","05/21/1975","MALE","BLACK"
"FRANCOIS HUDSON","12/12/1996","MALE","BLACK"
"FREDERICK HUDSON","11/12/1979","MALE","BLACK"
"GEORGE HUDSON","08/31/1955","MALE","BLACK"
"GEORGE HUDSON","04/25/1980","MALE","BLACK"
"JASON HUDSON","02/01/1978","MALE","BLACK"
"JOSHUA HUDSON","12/14/1978","MALE","WHITE"
"JUSTIN HUDSON","02/14/1981","MALE","WHITE"
"KENYON HUDSON","11/23/1977","MALE","BLACK"
"LASHAUN HUDSON","02/15/1995","MALE","BLACK"
"LAVELL HUDSON","03/21/1986","MALE","BLACK"
"MICHAEL HUDSON","05/08/1976","MALE","WHITE"
"NOMATTER HUDSON","09/28/1989","FEMALE","BLACK"
"OSSIE HUDSON","01/07/1957","MALE","BLACK"
"PATRICK HUDSON","02/23/1990","MALE","WHITE"
"ROBERT HUDSON","10/01/1954","MALE","WHITE"
"TAH HUDSON","08/21/2001","MALE","BLACK"
"TERRENCE HUDSON","07/01/1991","MALE","BLACK"
"TIAIRA HUDSON","06/29/1987","FEMALE","BLACK"
"TIMOTHY HUDSON","07/01/1991","MALE","BLACK"
"CHARLES HUDSPETH","06/12/1978","MALE","WHITE"
"FREDDIE HUDSPETH","02/19/1981","MALE","WHITE"
"LOUIS HUDSPETH","12/02/1986","MALE","WHITE"
"DAVID HUFF","07/29/1977","MALE","WHITE"
"MARCUS HUFF","01/09/1982","MALE","BLACK"
"TERRY HUFF","02/29/1968","MALE","WHITE"
"CHASE HUFFMAN","11/13/1992","MALE","WHITE"
"CHRISTOPHER HUFFMAN","11/09/1971","MALE","WHITE"
"COURTNEY HUFFMAN","12/23/1982","FEMALE","WHITE"
"JONATHAN HUFFMAN","05/14/1991","MALE","WHITE"
"LEANDREW HUFFMAN","03/09/1986","MALE","BLACK"
"SHUNEKNDRICK HUFFMAN","09/09/2001","MALE","BLACK"
"WILLIAM HUFFMAN","11/20/1990","MALE","WHITE"
"ORLANDUS HUGGER","09/05/1993","MALE","BLACK"
"SIDNEY HUGGINS","07/15/1983","MALE","BLACK"
"WILLIAM HUGGINS","12/02/1984","MALE","BLACK"
"ALBERTA HUGHES","11/05/1970","FEMALE","BLACK"
"ALEX HUGHES","07/21/1964","MALE","BLACK"
"ALONZO HUGHES","07/22/1978","MALE","BLACK"
"AMANDA HUGHES","02/01/1981","FEMALE","WHITE"
"AUGUSTA HUGHES","03/15/1978","MALE","BLACK"
"BRAXTON HUGHES","10/07/1992","MALE","BLACK"
"CARDARIUS HUGHES","11/20/1987","MALE","BLACK"
"CARL HUGHES","04/20/1989","MALE","WHITE"
"CARLA HUGHES","06/12/1981","FEMALE","BLACK"
"CHRISTOPHER HUGHES","03/05/1985","MALE","BLACK"
"CHRISTOPHER HUGHES","11/02/1984","MALE","BLACK"
"CHRISTOPHER HUGHES","09/19/1991","MALE","BLACK"
"CORNELIUS HUGHES","09/09/1982","MALE","BLACK"
"DANNY HUGHES","08/04/1946","MALE","WHITE"
"DEVONTE HUGHES","05/06/1992","MALE","BLACK"
"DONNA HUGHES","09/24/1973","FEMALE","BLACK"
"ELIJAH HUGHES","01/20/1990","MALE","BLACK"
"ERIC HUGHES","09/11/1987","MALE","BLACK"
"GARNETT HUGHES","03/06/1988","MALE","BLACK"
"ISRAEL HUGHES","03/30/1950","MALE","WHITE"
"JASON HUGHES","02/04/1974","MALE","WHITE"
"JOTODRICK HUGHES","05/13/1997","MALE","BLACK"
"KUNTA HUGHES","05/09/1977","MALE","BLACK"
"MARCUS HUGHES","05/01/1986","MALE","BLACK"
"MICHAEL HUGHES","08/13/1976","MALE","BLACK"
"MYLES HUGHES","06/13/1978","MALE","WHITE"
"NATHANIEL HUGHES","06/25/1973","MALE","BLACK"
"PERRY HUGHES","09/04/1984","MALE","BLACK"
"RICHARD HUGHES","08/07/1971","MALE","WHITE"
"RICKY HUGHES","12/04/1980","MALE","BLACK"
"ROBERT HUGHES","04/02/1981","MALE","BLACK"
"RUSTY HUGHES","05/29/1972","MALE","WHITE"
"SAMUEL HUGHES","11/12/1976","MALE","WHITE"
"SHAE HUGHES","05/28/1980","MALE","BLACK"
"SIMEON HUGHES","11/28/1963","MALE","BLACK"
"STEVEN HUGHES","11/03/1993","MALE","WHITE"
"TERRY HUGHES","01/10/1986","MALE","WHITE"
"TONEY HUGHES","06/28/2000","MALE","BLACK"
"WILFORD HUGHES","07/02/1942","MALE","WHITE"
"WILLIAM HUGHES","10/22/1991","MALE","WHITE"
"WILLIAM HUGHES","08/04/1960","MALE","WHITE"
"WILLIAM HUGHES","04/17/1969","MALE","BLACK"
"WILLIAM HUGHES","05/10/1984","MALE","WHITE"
"YASMIN HUGHES","04/09/1989","MALE","BLACK"
"YERBY HUGHES","10/15/1976","MALE","WHITE"
"DAVID HUGHEY","11/21/1981","MALE","WHITE"
"JEREMY HUGULEY","08/09/1989","MALE","WHITE"
"JUSTIN HUHN","08/16/1998","MALE","WHITE"
"RONALD HUITT","05/31/1974","MALE","BLACK"
"LAWRENCE HULL","12/12/1973","MALE","WHITE"
"LORENZO HULL","12/11/1969","MALE","BLACK"
"TATIKA HULL","11/05/1971","FEMALE","BLACK"
"JARVIS HULLUM","07/26/1994","MALE","BLACK"
"EARL HUMBERS","10/16/1968","MALE","WHITE"
"CHADRICK HUMBLE","03/20/1972","MALE","WHITE"
"NOLAN HUMBLE","12/11/1992","MALE","BLACK"
"DEANDRE HUMBLES","03/16/1999","MALE","BLACK"
"SIDNEY HUMBLES","01/14/1972","MALE","BLACK"
"MAURICE HUMPHERY","06/14/1981","MALE","BLACK"
"AUSTIN HUMPHREY","09/24/1988","MALE","WHITE"
"DAVID HUMPHREY","11/03/1986","MALE","BLACK"
"DWIGHT HUMPHREY","06/11/1960","MALE","BLACK"
"GREGORY HUMPHREY","06/05/1993","MALE","BLACK"
"OMAR HUMPHREY","12/16/1975","MALE","BLACK"
"RONALD HUMPHREY","07/13/1969","MALE","WHITE"
"TIMOTHY HUMPHREY","08/03/1978","MALE","BLACK"
"TINA HUMPHREY","03/07/1968","FEMALE","WHITE"
"TONY HUMPHREY","02/17/1980","MALE","BLACK"
"TRACY HUMPHREY","04/24/1995","FEMALE","WHITE"
"WAYNE HUMPHREY","12/30/1970","MALE","BLACK"
"BYRON HUMPHREYS","10/05/1990","MALE","BLACK"
"JERIMAL HUMPHRIES","04/21/1985","MALE","BLACK"
"JOHNATHON HUMPHRIES","07/18/1996","MALE","WHITE"
"KELLY HUMPHRIES","09/22/1988","MALE","WHITE"
"DESHANE HUNDLEY","09/06/1996","MALE","BLACK"
"TEMMIE HUNDLEY","05/21/1961","MALE","BLACK"
"LAMARCUS HUNE","06/11/1984","MALE","BLACK"
"NICHOLAS HUNSUCKER","09/13/1979","MALE","WHITE"
"BILL HUNT","05/18/1956","MALE","WHITE"
"CAMERON HUNT","04/20/1995","MALE","BLACK"
"CODY HUNT","09/08/1992","MALE","WHITE"
"COURTNEY HUNT","07/14/1977","MALE","BLACK"
"DEMARIO HUNT","11/20/1990","MALE","BLACK"
"DONOVAN HUNT","04/02/2000","MALE","BLACK"
"FREDDIE HUNT","05/07/1992","MALE","BLACK"
"GARY HUNT","12/06/1984","MALE","BLACK"
"GEORGE HUNT","08/23/1969","MALE","WHITE"
"JERMAINE HUNT","07/31/1991","MALE","BLACK"
"JOHN HUNT","04/26/1986","MALE","BLACK"
"JUAN HUNT","01/06/1993","MALE","BLACK"
"KENDRICK HUNT","08/10/1988","MALE","BLACK"
"KENNETH HUNT","03/09/1955","MALE","WHITE"
"LAMETRIC HUNT","05/04/1986","MALE","BLACK"
"PAULA HUNT","04/06/1970","FEMALE","WHITE"
"RANDY HUNT","07/14/1968","MALE","BLACK"
"RASHAD HUNT","10/05/1994","MALE","BLACK"
"ALEX HUNTER","03/16/1970","MALE","BLACK"
"ALEX HUNTER","08/05/1989","MALE","BLACK"
"CALVIN HUNTER","08/20/1958","MALE","BLACK"
"CARLOS HUNTER","07/19/1990","MALE","BLACK"
"CHARLES HUNTER","09/22/1957","MALE","BLACK"
"CURLEY HUNTER","02/02/1958","MALE","BLACK"
"DEMARCUS HUNTER","06/21/1993","MALE","BLACK"
"DERRICK HUNTER","07/09/1975","MALE","BLACK"
"HAROLD HUNTER","10/22/1970","MALE","WHITE"
"JAMES HUNTER","11/07/1988","MALE","WHITE"
"JEFFREY HUNTER","05/19/1962","MALE","WHITE"
"KERRUS HUNTER","07/06/1991","MALE","BLACK"
"LARRY HUNTER","05/26/1998","MALE","BLACK"
"LINDSEY HUNTER","12/25/1993","MALE","BLACK"
"QUADELL HUNTER","04/27/1998","MALE","BLACK"
"RALPH HUNTER","04/30/1968","MALE","WHITE"
"TYRECUS HUNTER","08/21/1989","MALE","BLACK"
"WALTDRAKUS HUNTER","05/16/1979","MALE","BLACK"
"WILLIE HUNTER","12/08/1965","MALE","BLACK"
"KENNETH HUPP","01/09/1961","MALE","WHITE"
"CLARA HURD","02/03/1997","FEMALE","BLACK"
"MARCHAILLO HURD","09/16/1980","MALE","BLACK"
"TERRY HURD","07/02/1979","MALE","BLACK"
"ZEREK HURD","02/23/1998","MALE","BLACK"
"BRIAN HURLBURT","07/31/1982","MALE","WHITE"
"LINDSEY HURLBUT","03/20/1985","FEMALE","WHITE"
"DENNIS HURLEY","02/06/1955","MALE","WHITE"
"JASON HURLEY","11/03/1970","MALE","WHITE"
"KEITH HURLEY","07/08/1976","MALE","BLACK"
"VICTOR HURNS","06/12/1962","MALE","BLACK"
"DAVID HURST","06/30/1968","MALE","WHITE"
"DERRICK HURST","04/20/1980","MALE","BLACK"
"ERIC HURST","03/30/1987","MALE","UNKNOWN"
"JAMES HURST","01/22/1996","MALE","BLACK"
"JAMES HURST","12/21/1971","MALE","WHITE"
"JAMES HURST","01/28/1986","MALE","WHITE"
"JOSHUA HURST","06/03/1987","MALE","BLACK"
"JUSTIN HURST","05/26/1989","MALE","BLACK"
"ROBERT HURST","12/12/1950","MALE","BLACK"
"ROGER HURST","11/26/1980","MALE","BLACK"
"RUBIN HURST","09/05/1960","MALE","BLACK"
"SABRINA HURST","03/14/1978","FEMALE","WHITE"
"DANNY HURT","01/03/1958","MALE","WHITE"
"ETHAN HURT","05/11/1994","MALE","WHITE"
"GARRICK HURT","06/22/1996","MALE","BLACK"
"LARRY HURT","04/11/1952","MALE","WHITE"
"SANDRA HURT","09/25/1961","FEMALE","BLACK"
"DARRYL HURTS","02/19/1998","MALE","BLACK"
"DANIEL HUSAIN","04/28/1976","MALE","WHITE"
"DEVIN HUSBAND","03/03/1993","MALE","BLACK"
"DEXTA HUSBAND","08/22/1986","MALE","BLACK"
"MALCOLM HUSBAND","06/10/1988","MALE","BLACK"
"QUANTAS HUSBAND","10/23/1980","MALE","BLACK"
"RONALD HUSBAND","07/18/1959","MALE","BLACK"
"MATTHEW HUSKEY","11/03/1970","MALE","WHITE"
"CHRISTOPHER HUTCHERSON","12/29/1969","MALE","WHITE"
"JULIE HUTCHERSON","07/03/1976","FEMALE","WHITE"
"MATTHEW HUTCHERSON","11/24/1998","MALE","WHITE"
"CHRISTOPHER HUTCHESON","03/05/1978","MALE","WHITE"
"JUSTIN HUTCHESON","08/12/1995","MALE","WHITE"
"ALEX HUTCHINS","09/21/1982","MALE","WHITE"
"DENNIS HUTCHINS","08/29/1971","MALE","BLACK"
"JERRY HUTCHINS","07/25/1973","MALE","WHITE"
"MARSHALL HUTCHINS","01/29/1990","MALE","WHITE"
"RUSSELL HUTCHINS","02/16/1963","MALE","WHITE"
"ASHLEY HUTCHINSON","03/28/1981","FEMALE","WHITE"
"DIRK HUTCHINSON","01/14/1988","MALE","WHITE"
"JAMES HUTCHINSON","09/09/1961","MALE","WHITE"
"JEFFREY HUTCHINSON","06/29/1972","MALE","WHITE"
"KARY HUTCHINSON","03/07/1996","MALE","WHITE"
"STEPHEN HUTCHINSON","03/27/1977","MALE","WHITE"
"DONTAVAIS HUTSON","05/13/1996","MALE","BLACK"
"TIMOTHY HUTSON","06/01/1971","MALE","WHITE"
"JAMES HUTTO","06/07/1971","MALE","WHITE"
"TERRY HUTTO","12/23/1991","MALE","WHITE"
"HANH HUYNH","03/01/1992","MALE","ASIAN"
"KEVON HYATT","03/13/1980","MALE","BLACK"
"TYRONE HYCH","01/07/1980","MALE","BLACK"
"JASON HYDE","06/23/1974","MALE","WHITE"
"KENNETH HYDE","07/18/1991","MALE","WHITE"
"THOMAS HYDE","03/16/1987","MALE","WHITE"
"SHOMARI HYDER","07/09/1981","MALE","BLACK"
"TERRY HYE","11/12/1991","MALE","BLACK"
"HENRY HYLAND","06/22/1983","MALE","BLACK"
"ALEXANDER HYMES","03/13/1989","MALE","BLACK"
"SAM HYNES","02/15/1954","MALE","WHITE"
"KAREN HYNOUS","09/11/1963","FEMALE","WHITE"
"DALTON HYNUM","11/08/1968","MALE","WHITE"
"DEVON HYPES","02/08/1989","MALE","WHITE"
