"RODRIGO IBANEZ-ESCALAN","12/23/1992","MALE","WHITE"
"JORDAN ICKOM","10/22/1987","MALE","BLACK"
"MARTIN ICKOM","02/11/1979","MALE","BLACK"
"RODERICK ICKOM","12/04/1991","MALE","BLACK"
"MELENA IDDINGS","11/02/1980","FEMALE","WHITE"
"SHAQUILLE IJAMES","05/13/1994","MALE","BLACK"
"SAMUEL IKNER","08/18/1979","MALE","WHITE"
"JAMIOUS INGE","12/08/1992","MALE","BLACK"
"ANTONIO INGRAM","05/13/1996","MALE","BLACK"
"COREY INGRAM","09/11/1988","MALE","BLACK"
"DONTE INGRAM","09/06/1993","MALE","BLACK"
"EARL INGRAM","04/12/1968","MALE","BLACK"
"FREDERICK INGRAM","08/28/1987","MALE","BLACK"
"JAMES INGRAM","12/24/1984","MALE","WHITE"
"MANDY INGRAM","08/31/1983","FEMALE","WHITE"
"ROBERT INGRAM","05/07/1972","MALE","BLACK"
"TONY INGRAM","08/08/1999","MALE","BLACK"
"JOHN INMAN","01/30/1960","MALE","WHITE"
"JONATHON INMAN","02/23/1986","MALE","WHITE"
"JORDAN INMON","08/19/1991","MALE","WHITE"
"ANTHONY IRBY","01/07/1988","MALE","BLACK"
"ERIC IRBY","06/26/1984","MALE","BLACK"
"GARDAYUS IRBY","07/14/1978","MALE","BLACK"
"THOMAS IRBY","01/19/1956","MALE","WHITE"
"DAVID IRVIN","09/26/1984","MALE","WHITE"
"PATRICK IRVIN","08/08/1989","MALE","BLACK"
"EDWARD IRVINE","03/14/2000","MALE","BLACK"
"ROBERT IRVING","11/27/1980","MALE","BLACK"
"JASPER IRWIN","03/25/1983","MALE","WHITE"
"CALVESHIR ISAAC","04/04/1992","MALE","BLACK"
"DELRON ISAAC","02/08/1974","MALE","BLACK"
"ANTONIO ISABELL","11/19/1987","MALE","BLACK"
"ANTHONY ISBY","01/26/1978","MALE","BLACK"
"JAMES ISBY","06/09/1970","MALE","BLACK"
"KENTORIE ISBY","02/04/1993","MALE","BLACK"
"LATOSHA ISBY","03/21/1986","FEMALE","BLACK"
"FLOYD ISHEE","07/14/1945","MALE","WHITE"
"MICHAEL ISHEE","07/03/1966","MALE","WHITE"
"ROBERT ISHEE","08/13/1966","MALE","WHITE"
"WHITNEY ISHEE","01/10/1971","MALE","WHITE"
"LAMACUS ISHMAN","06/26/1993","MALE","BLACK"
"CORDETT ISOM","06/24/1988","MALE","BLACK"
"EDDIE ISOM","08/10/1979","MALE","BLACK"
"KADARIUS ISOM","07/27/1994","MALE","BLACK"
"ORLANDO ISOM","10/29/1984","MALE","BLACK"
"LARRY ISON","02/01/1981","MALE","WHITE"
"AMANDA ISSAC","07/30/1977","FEMALE","AMERICAN"
"GAIGE IVERSON","03/14/1996","MALE","WHITE"
"MILFORD IVEY","04/18/1943","MALE","WHITE"
"ANDREW IVORY","07/10/1993","MALE","BLACK"
"DEDRICK IVORY","02/19/1976","MALE","BLACK"
"DEIONTA IVORY","12/14/1993","MALE","BLACK"
"ROBERT IVORY","09/03/1999","MALE","BLACK"
"AARON IVY","08/02/1984","MALE","WHITE"
"ANTWON IVY","07/11/1993","MALE","BLACK"
"DEVONTA IVY","03/26/1996","MALE","BLACK"
"GLENN IVY","08/16/1964","MALE","BLACK"
"JAKE IVY","11/20/1989","MALE","WHITE"
"JONATHAN IVY","03/10/1976","MALE","WHITE"
"JOSEPH IVY","02/21/1985","MALE","WHITE"
"JOSEPH IVY","08/21/1964","MALE","WHITE"
"MARCUS IVY","07/08/1980","MALE","BLACK"
"MARICUS IVY","01/09/1979","MALE","BLACK"
"MICHAEL IVY","12/16/1967","MALE","BLACK"
"ROY IVY","11/18/1953","MALE","WHITE"
"SHAROSKI IVY","10/09/1997","MALE","BLACK"
"STEVEN IVY","02/02/1975","MALE","WHITE"
