"JASON JACHUMSEN","09/28/1976","MALE","WHITE"
"DERRICK JACK","07/08/1987","MALE","BLACK"
"KEYONTE JACK","06/15/1992","MALE","BLACK"
"PATRICKSON JACK","06/19/1988","MALE","ASIAN"
"AARON JACKSON","02/03/1994","MALE","WHITE"
"ADRIAN JACKSON","01/10/1994","MALE","BLACK"
"ANDRE JACKSON","09/03/1984","MALE","BLACK"
"ANDRE JACKSON","01/19/1999","MALE","BLACK"
"AR'ZAVIS JACKSON","07/21/1994","MALE","BLACK"
"BERNARD JACKSON","04/08/1971","MALE","BLACK"
"BILDRICK JACKSON","07/23/1980","MALE","BLACK"
"BONNIE JACKSON","08/17/1981","FEMALE","WHITE"
"BRADLEY JACKSON","08/07/1980","MALE","WHITE"
"CARLOS JACKSON","04/28/1975","MALE","BLACK"
"CARLOS JACKSON","08/15/1979","MALE","BLACK"
"CARNELL JACKSON","07/27/1974","MALE","BLACK"
"CHARLES JACKSON","08/20/1970","MALE","BLACK"
"CHARLES JACKSON","07/25/1986","MALE","WHITE"
"CHARLES JACKSON","11/25/1990","MALE","BLACK"
"CHARLES JACKSON","07/24/1994","MALE","WHITE"
"CHRISTOPHER JACKSON","05/13/1979","MALE","BLACK"
"CHRISTOPHER JACKSON","11/12/1990","MALE","BLACK"
"CHRISTOPHER JACKSON","03/23/1985","MALE","BLACK"
"COLUMBUS JACKSON","06/20/1977","MALE","BLACK"
"CORDERRO JACKSON","09/29/1987","MALE","BLACK"
"COREY JACKSON","05/20/1974","MALE","BLACK"
"D'ANZOR JACKSON","01/07/1988","MALE","BLACK"
"DAMARCUS JACKSON","08/23/1981","MALE","BLACK"
"DANIEL JACKSON","02/17/1988","MALE","BLACK"
"DANNY JACKSON","11/30/1973","MALE","BLACK"
"DARIUS JACKSON","03/17/1993","MALE","BLACK"
"DARRIUS JACKSON","09/03/1991","MALE","BLACK"
"DAVELL JACKSON","07/22/1987","MALE","BLACK"
"DAVID JACKSON","06/17/1990","MALE","BLACK"
"DAVID JACKSON","10/23/1960","MALE","BLACK"
"DAVID JACKSON","01/30/1968","MALE","BLACK"
"DEANDRE JACKSON","04/15/1998","MALE","BLACK"
"DEANGELO JACKSON","02/09/1998","MALE","BLACK"
"DEJORIA JACKSON","08/01/1992","MALE","BLACK"
"DEJUAN JACKSON","01/15/1987","MALE","BLACK"
"DEVONTAE JACKSON","09/15/1996","MALE","BLACK"
"DEXTER JACKSON","03/20/1958","MALE","BLACK"
"EARNEST JACKSON","10/18/1979","MALE","BLACK"
"EARNQUARIUS JACKSON","08/08/1993","MALE","BLACK"
"EDDIE JACKSON","01/26/1968","MALE","BLACK"
"EMILY JACKSON","04/05/1953","FEMALE","WHITE"
"ERIC JACKSON","02/14/1982","MALE","BLACK"
"ERNEST JACKSON","12/19/1982","MALE","BLACK"
"FRANK JACKSON","07/10/1948","MALE","BLACK"
"FRANK JACKSON","07/07/1968","MALE","WHITE"
"GEORGE JACKSON","03/20/1963","MALE","BLACK"
"HENRY JACKSON","01/10/1957","MALE","BLACK"
"HERMAN JACKSON","04/22/1979","MALE","BLACK"
"IMMANUEL JACKSON","10/11/1972","MALE","BLACK"
"JACKIE JACKSON","11/21/1991","MALE","BLACK"
"JACOB JACKSON","02/09/1988","MALE","BLACK"
"JACQUELINE JACKSON","01/20/1965","FEMALE","BLACK"
"JAMES JACKSON","03/01/1976","MALE","BLACK"
"JAVARIOUS JACKSON","08/19/1997","MALE","BLACK"
"JEFFERY JACKSON","08/27/1972","MALE","BLACK"
"JEFFERY JACKSON","02/17/1982","MALE","BLACK"
"JEREMY JACKSON","12/15/1975","MALE","BLACK"
"JERRY JACKSON","02/20/1963","MALE","WHITE"
"JERRY JACKSON","09/23/1961","MALE","BLACK"
"JESSIE JACKSON","11/08/1956","MALE","BLACK"
"JOEL JACKSON","10/07/1964","MALE","WHITE"
"JOHN JACKSON","03/04/1969","MALE","WHITE"
"JOHN JACKSON","10/10/1968","MALE","BLACK"
"JOHNNY JACKSON","09/03/1980","MALE","BLACK"
"JONAH JACKSON","12/18/1994","MALE","BLACK"
"JONQUIL JACKSON","10/07/1995","MALE","BLACK"
"JOSEPH JACKSON","07/29/1988","MALE","WHITE"
"JOSEPH JACKSON","11/07/1963","MALE","WHITE"
"JOSEPH JACKSON","08/29/1979","MALE","BLACK"
"JOSHUA JACKSON","02/19/1990","MALE","BLACK"
"JUAREZ JACKSON","08/05/1987","MALE","BLACK"
"JUSTIN JACKSON","02/20/1985","MALE","WHITE"
"JUSTIN JACKSON","01/19/1995","MALE","BLACK"
"JUSTIN JACKSON","05/25/1976","MALE","WHITE"
"JUTERRIO JACKSON","10/04/1991","MALE","BLACK"
"KADARIUS JACKSON","06/11/1992","MALE","BLACK"
"KALEN JACKSON","03/10/1999","MALE","BLACK"
"KENDRICK JACKSON","03/07/1991","MALE","BLACK"
"KENDRICK JACKSON","10/20/1973","MALE","BLACK"
"KENNETH JACKSON","07/07/1998","MALE","BLACK"
"KENNETH JACKSON","08/29/1973","MALE","BLACK"
"KENTRIAL JACKSON","04/01/1982","MALE","BLACK"
"KEVIN JACKSON","08/01/1978","MALE","BLACK"
"LAMARCUS JACKSON","12/12/1979","MALE","BLACK"
"LAMARCUS JACKSON","11/08/1991","MALE","BLACK"
"LATASHA JACKSON","08/17/1973","FEMALE","BLACK"
"LAWRENCE JACKSON","10/15/1984","MALE","BLACK"
"LEIGH JACKSON","11/14/1991","FEMALE","WHITE"
"LEON JACKSON","01/24/1964","MALE","BLACK"
"LEVELLE JACKSON","09/11/1971","MALE","BLACK"
"LISA JACKSON","05/24/1977","FEMALE","BLACK"
"MACARTHUR JACKSON","11/14/1999","MALE","BLACK"
"MARCUS JACKSON","01/19/1981","MALE","BLACK"
"MARIO JACKSON","12/08/1985","MALE","BLACK"
"MARK JACKSON","01/11/1963","MALE","WHITE"
"MARK JACKSON","01/09/1970","MALE","BLACK"
"MARKIL JACKSON","05/18/1995","MALE","BLACK"
"MARLON JACKSON","02/14/1975","MALE","WHITE"
"MARTIN JACKSON","08/12/1980","MALE","BLACK"
"MARVEL JACKSON","02/15/1994","MALE","BLACK"
"MARVIN JACKSON","03/12/1989","MALE","BLACK"
"MATTHEW JACKSON","07/27/1994","MALE","BLACK"
"MAURICE JACKSON","12/13/1974","MALE","BLACK"
"MICHAEL JACKSON","11/10/1981","MALE","BLACK"
"MICHAEL JACKSON","12/10/1977","MALE","BLACK"
"MICHAEL JACKSON","11/19/1972","MALE","BLACK"
"MICHAEL JACKSON","04/26/1978","MALE","WHITE"
"MICHAEL JACKSON","05/09/1983","MALE","BLACK"
"MILTON JACKSON","11/11/1979","MALE","BLACK"
"MONTONIO JACKSON","01/28/1995","MALE","BLACK"
"MYJELIOUS JACKSON","09/05/1978","MALE","BLACK"
"NATHAN JACKSON","10/22/1992","MALE","BLACK"
"NATHANIEL JACKSON","12/12/1984","MALE","BLACK"
"NEIL JACKSON","01/13/1985","MALE","BLACK"
"NICKHOLAS JACKSON","01/14/1982","MALE","BLACK"
"OMAR JACKSON","06/06/1970","MALE","BLACK"
"PATRICK JACKSON","12/09/1993","MALE","BLACK"
"PAULA JACKSON","01/09/1968","FEMALE","WHITE"
"PERRY JACKSON","08/15/1969","MALE","BLACK"
"RANDY JACKSON","07/09/1973","MALE","BLACK"
"REGINALD JACKSON","06/01/1991","MALE","BLACK"
"RICKY JACKSON","11/27/1985","MALE","BLACK"
"ROBERT JACKSON","04/20/1988","MALE","BLACK"
"ROBERT JACKSON","06/29/1974","MALE","BLACK"
"ROBY JACKSON","07/01/1992","MALE","BLACK"
"ROGER JACKSON","07/27/1978","MALE","BLACK"
"STEVEN JACKSON","10/06/1976","MALE","BLACK"
"STEVIE JACKSON","11/04/1957","MALE","BLACK"
"TAIKHAH JACKSON","10/29/1998","FEMALE","BLACK"
"TAYLOR JACKSON","11/17/1992","MALE","BLACK"
"TERNARKIUS JACKSON","05/08/1991","MALE","BLACK"
"TERRANCE JACKSON","01/22/1992","MALE","BLACK"
"TIMOTHY JACKSON","12/31/1961","MALE","BLACK"
"TIMOTHY JACKSON","10/23/1980","MALE","BLACK"
"TONY JACKSON","05/18/1974","MALE","BLACK"
"TORREY JACKSON","11/10/1994","MALE","BLACK"
"TRADARRIOUS JACKSON","06/09/1999","MALE","BLACK"
"TREVOR JACKSON","03/16/1960","MALE","BLACK"
"TYKARIOUS JACKSON","04/29/1997","MALE","BLACK"
"TYRONE JACKSON","11/13/1968","MALE","BLACK"
"WILLIAM JACKSON","12/27/1986","MALE","BLACK"
"WILLIAM JACKSON","07/20/1985","MALE","BLACK"
"WILLIAM JACKSON","08/22/1955","MALE","BLACK"
"WILLIAM JACKSON","06/22/1994","MALE","BLACK"
"WILLIAM JACKSON","08/15/1976","MALE","BLACK"
"WILLIAM JACKSON","01/23/1987","MALE","BLACK"
"WILLIE JACKSON","11/04/1978","MALE","BLACK"
"WILLIE JACKSON","05/15/1965","MALE","WHITE"
"WILLIE JACKSON","07/13/1974","MALE","BLACK"
"WILLIE JACKSON","09/30/1951","MALE","BLACK"
"JOSEF JACOBS","12/06/1994","MALE","BLACK"
"MATTHEWS JACOBS","07/04/1993","MALE","WHITE"
"RICHARD JACOBS","02/23/1982","MALE","WHITE"
"BRADLEY JACOBSON","05/20/1978","MALE","WHITE"
"ROBERT JAGGERS","11/06/1985","MALE","WHITE"
"KATRAL JAMERSON","12/06/1989","MALE","BLACK"
"ALANZA JAMES","10/27/1970","MALE","BLACK"
"ALBERT JAMES","01/28/1950","MALE","BLACK"
"ANDREW JAMES","11/29/1990","MALE","WHITE"
"ANTHONY JAMES","10/02/1985","MALE","BLACK"
"ANTONIO JAMES","03/23/1988","MALE","BLACK"
"ANTWON JAMES","02/15/1989","MALE","BLACK"
"BILLY JAMES","10/28/1985","MALE","BLACK"
"BRONSON JAMES","01/25/1977","MALE","BLACK"
"BRYAN JAMES","01/12/1982","MALE","WHITE"
"CHRISTOPHER JAMES","09/19/1977","MALE","BLACK"
"CHRISTOPHER JAMES","02/04/1991","MALE","WHITE"
"COREY JAMES","03/07/1989","MALE","WHITE"
"COURTNEY JAMES","10/01/1992","MALE","BLACK"
"CRYSTAL JAMES","11/03/1987","FEMALE","WHITE"
"DAVIA JAMES","05/05/1998","MALE","BLACK"
"DIANE JAMES","03/10/1989","FEMALE","BLACK"
"DUSTIN JAMES","04/13/1984","MALE","WHITE"
"GRADY JAMES","08/09/1985","MALE","WHITE"
"J JAMES","01/13/1968","MALE","BLACK"
"JACOB JAMES","04/29/1980","MALE","WHITE"
"JEREMY JAMES","09/21/1991","MALE","BLACK"
"JERRY JAMES","02/01/1984","MALE","BLACK"
"JERRY JAMES","08/09/1989","MALE","BLACK"
"JESSIE JAMES","09/13/1988","MALE","WHITE"
"JOHN JAMES","11/07/1966","MALE","WHITE"
"JOHNNY JAMES","03/21/1981","MALE","WHITE"
"JOHNNY JAMES","09/01/1968","MALE","WHITE"
"JONATHAN JAMES","11/21/1983","MALE","BLACK"
"JUSTIN JAMES","08/01/1987","MALE","BLACK"
"KENNETH JAMES","03/29/1994","MALE","BLACK"
"LAJERICK JAMES","07/22/1991","MALE","BLACK"
"RANDY JAMES","07/19/1959","MALE","WHITE"
"RANDY JAMES","10/02/1990","MALE","BLACK"
"RAY JAMES","12/20/1966","MALE","BLACK"
"SHARON JAMES","07/01/1964","FEMALE","BLACK"
"STEVE JAMES","06/05/1970","MALE","BLACK"
"STEVEN JAMES","11/17/1989","MALE","BLACK"
"THOMAS JAMES","02/16/1997","MALE","WHITE"
"TYRONE JAMES","05/17/1977","MALE","BLACK"
"WILLIAM JAMES","05/24/1982","MALE","WHITE"
"WILLIE JAMES","08/08/1967","MALE","BLACK"
"WILLIE JAMES","07/22/1981","MALE","BLACK"
"WILLIS JAMES","12/14/1995","MALE","BLACK"
"ZEBULUM JAMES","10/26/1993","MALE","BLACK"
"DAVID JAMIESON","03/17/1978","MALE","WHITE"
"AARON JAMISON","08/11/1981","MALE","BLACK"
"ANDREW JAMISON","07/28/1974","MALE","BLACK"
"ASHTON JAMISON","06/04/1984","MALE","BLACK"
"JONATHAN JAMISON","06/16/1984","MALE","BLACK"
"MICHAEL JAMISON","08/12/1958","MALE","BLACK"
"MYRON JAMISON","07/08/1996","MALE","BLACK"
"ROBERT JAMISON","04/11/1994","MALE","BLACK"
"TIMMY JAMISON","10/13/1992","MALE","BLACK"
"TIMOTHY JAMISON","11/21/1962","MALE","WHITE"
"VALENTINO JAMISON","09/27/1996","MALE","BLACK"
"BYRON JANUARY","09/01/1982","MALE","BLACK"
"SHUN JANUARY","05/30/1978","MALE","BLACK"
"APRIL JARMAN","06/17/1982","FEMALE","WHITE"
"MALIK JARMON","08/25/1981","MALE","BLACK"
"CODY JARRELL","11/09/1991","MALE","WHITE"
"JODY JARRELL","07/30/1972","MALE","WHITE"
"ALVIN JARVIS","09/19/1955","MALE","BLACK"
"JONATHAN JARVIS","04/23/1988","MALE","BLACK"
"THADDEUS JARVIS","06/23/1984","MALE","BLACK"
"VIRGIL JARVIS","12/02/1977","MALE","BLACK"
"MICHELLE JASINSKI","02/21/1967","FEMALE","WHITE"
"ANTONIO JASPER","10/13/1988","MALE","BLACK"
"DOUGLAS JAYNES","12/11/1988","MALE","WHITE"
"MARLIN JEFFERIES","12/03/1982","MALE","BLACK"
"THOMAS JEFFERS","08/18/1999","MALE","WHITE"
"ANTHONY JEFFERSON","04/09/1981","MALE","BLACK"
"BRUCE JEFFERSON","03/20/1991","MALE","BLACK"
"CORRICE JEFFERSON","09/10/1987","MALE","BLACK"
"DARRELL JEFFERSON","06/03/1972","MALE","BLACK"
"DEMARCUS JEFFERSON","07/10/1991","MALE","BLACK"
"DEVONTE JEFFERSON","04/11/1989","MALE","BLACK"
"EDDIE JEFFERSON","05/07/1978","MALE","BLACK"
"FITZGERALD JEFFERSON","10/09/1961","MALE","BLACK"
"JAMES JEFFERSON","10/06/1982","MALE","BLACK"
"JAMES JEFFERSON","07/08/1982","MALE","BLACK"
"JEREMY JEFFERSON","06/28/1988","MALE","BLACK"
"JEROME JEFFERSON","11/25/1964","MALE","BLACK"
"KENDRICK JEFFERSON","08/29/1981","MALE","BLACK"
"LEKEVION JEFFERSON","01/07/2000","MALE","BLACK"
"ROY JEFFERSON","03/16/1966","MALE","BLACK"
"SHELVEN JEFFERSON","02/14/1993","MALE","BLACK"
"TIMMIE JEFFERSON","07/25/1976","MALE","BLACK"
"TREY JEFFERSON","11/11/1994","MALE","BLACK"
"WESLEY JEFFERSON","03/27/1972","MALE","BLACK"
"WILLIAM JEFFERSON","04/03/1986","MALE","BLACK"
"NIKEDA JEFFERY","12/24/1983","FEMALE","BLACK"
"BRYSHAAD JEFFRIES","03/02/1991","MALE","BLACK"
"ALEX JENKINS","02/06/1983","MALE","BLACK"
"ALEXANDER JENKINS","07/08/1988","MALE","BLACK"
"AMBERLY JENKINS","10/16/1984","FEMALE","WHITE"
"ANTHONY JENKINS","09/23/1965","MALE","WHITE"
"ANTONIO JENKINS","11/21/1978","MALE","BLACK"
"BOBBIE JENKINS","08/06/1992","MALE","BLACK"
"BRUCE JENKINS","05/03/1980","MALE","WHITE"
"CAYCE JENKINS","07/13/1969","MALE","WHITE"
"CHAUNTREZ JENKINS","11/22/1992","MALE","BLACK"
"DARRELL JENKINS","02/24/1978","MALE","WHITE"
"DARRIN JENKINS","10/20/1995","MALE","WHITE"
"DAVID JENKINS","11/18/1965","MALE","BLACK"
"DAVID JENKINS","06/05/1965","MALE","BLACK"
"DECARLOS JENKINS","10/30/1975","MALE","BLACK"
"DENNIS JENKINS","08/22/1973","MALE","BLACK"
"EDWARD JENKINS","04/10/1993","MALE","BLACK"
"ERIC JENKINS","10/29/1973","MALE","WHITE"
"GEORGE JENKINS","11/27/1976","MALE","BLACK"
"HERBERT JENKINS","12/17/1995","MALE","WHITE"
"JALEEN JENKINS","09/06/1994","MALE","BLACK"
"JAMAAL JENKINS","09/26/1995","MALE","BLACK"
"JARVIS JENKINS","11/13/1994","MALE","BLACK"
"JAYLON JENKINS","10/18/1993","MALE","BLACK"
"JEFFERY JENKINS","12/31/1956","MALE","WHITE"
"JOHN JENKINS","06/22/1986","MALE","BLACK"
"JOHNNO JENKINS","10/29/1988","MALE","BLACK"
"KEVIN JENKINS","08/16/1983","MALE","WHITE"
"LARRY JENKINS","04/28/1965","MALE","WHITE"
"LARRY JENKINS","08/29/1989","MALE","BLACK"
"LEVI JENKINS","07/05/1988","MALE","WHITE"
"LORANZY JENKINS","04/24/1964","MALE","WHITE"
"NELSON JENKINS","08/17/1991","MALE","WHITE"
"ORLANDO JENKINS","08/17/1975","MALE","BLACK"
"ROBERT JENKINS","08/02/1958","MALE","BLACK"
"RODISE JENKINS","08/16/1969","MALE","BLACK"
"ROVANTE JENKINS","01/03/1994","MALE","BLACK"
"SHAWN JENKINS","07/15/1986","MALE","BLACK"
"SILOAM JENKINS","02/16/1985","MALE","BLACK"
"TERRANCE JENKINS","02/02/1991","MALE","BLACK"
"TERRANCE JENKINS","07/15/1990","MALE","BLACK"
"TONY JENKINS","10/15/1983","MALE","WHITE"
"TRACY JENKINS","05/12/1992","MALE","BLACK"
"TYRONE JENKINS","09/15/1974","MALE","BLACK"
"WILLIAM JENKINS","11/20/1967","MALE","WHITE"
"CADARO JENNINGS","03/04/1981","MALE","BLACK"
"GARY JENNINGS","03/06/1975","MALE","BLACK"
"JAMES JENNINGS","03/19/1983","MALE","BLACK"
"JARVIS JENNINGS","08/30/1986","MALE","BLACK"
"JOHN JENNINGS","04/24/1989","MALE","BLACK"
"JOHN JENNINGS","08/29/1985","MALE","BLACK"
"JONATHAN JENNINGS","04/01/1987","MALE","WHITE"
"KELSEY JENNINGS","08/15/1986","MALE","BLACK"
"LILLIE JENNINGS","12/23/1984","FEMALE","BLACK"
"MARIO JENNINGS","04/16/1998","MALE","BLACK"
"MIKE JENNINGS","04/23/1951","MALE","WHITE"
"SAMUEL JENNINGS","01/07/1964","MALE","WHITE"
"SANDORA JENNINGS","09/04/1965","MALE","BLACK"
"THAD JENNINGS","11/27/1988","MALE","BLACK"
"ALEXANDER JENSEN","06/09/1993","MALE","WHITE"
"TRESA JERKINS","07/10/1966","FEMALE","WHITE"
"BRANDON JERNIGAN","05/26/1985","MALE","BLACK"
"KENNETH JETER","01/17/1968","MALE","WHITE"
"THOMAS JILES","12/05/1965","MALE","BLACK"
"TERRY JIM","02/12/1970","MALE","AMERICAN"
"KYLE JIMERSON","10/24/1994","MALE","WHITE"
"CHARLOTTE JOBE","05/22/1971","FEMALE","WHITE"
"DENNIS JOBE","05/07/1969","MALE","WHITE"
"LAKEVIN JOBE","01/29/1997","MALE","BLACK"
"TARIO JOBE","08/27/1979","MALE","BLACK"
"WILLIE JOBE","07/18/1995","MALE","BLACK"
"JOHNNY JOHANSSON","12/14/1946","MALE","WHITE"
"DUANE JOHN","09/23/1978","MALE","AMERICAN"
"CHRISTOPHER JOHNS","03/10/1976","MALE","WHITE"
"JAMES JOHNS","12/26/1985","MALE","BLACK"
"MICHAEL JOHNS","01/13/1970","MALE","BLACK"
"NICKY JOHNS","07/15/1980","MALE","WHITE"
"JACOB JOHNSEY","07/23/1980","MALE","WHITE"
"ADAM JOHNSON","07/21/1994","MALE","BLACK"
"ALEXANDER JOHNSON","10/31/1970","MALE","BLACK"
"ALVIN JOHNSON","05/02/1985","MALE","BLACK"
"ANDY JOHNSON","11/30/1979","MALE","WHITE"
"ANGEL JOHNSON","11/13/1973","FEMALE","WHITE"
"ANTHONY JOHNSON","08/31/1984","MALE","WHITE"
"ANTHONY JOHNSON","07/20/1981","MALE","WHITE"
"ANTHONY JOHNSON","08/22/1977","MALE","BLACK"
"ANTHONY JOHNSON","01/04/1983","MALE","BLACK"
"ANTHONY JOHNSON","07/18/1986","MALE","BLACK"
"ANTHONY JOHNSON","01/29/1990","MALE","BLACK"
"ANTHONY JOHNSON","09/02/1976","MALE","BLACK"
"ANTHONY JOHNSON","11/22/1966","MALE","BLACK"
"ANTHONY JOHNSON","07/23/1971","MALE","BLACK"
"ANTHONY JOHNSON","08/09/1981","MALE","BLACK"
"ANTOINE JOHNSON","05/30/1989","MALE","BLACK"
"ANTONIE JOHNSON","04/27/1984","MALE","BLACK"
"ANTONIO JOHNSON","07/03/1969","MALE","BLACK"
"ANTONIO JOHNSON","04/24/1992","MALE","BLACK"
"ANTONIO JOHNSON","02/15/1987","MALE","BLACK"
"ANTWAINE JOHNSON","12/11/1987","MALE","BLACK"
"ARCHIE JOHNSON","08/03/1964","MALE","BLACK"
"ARIC JOHNSON","07/26/1978","MALE","BLACK"
"ARNOLD JOHNSON","09/08/1980","MALE","BLACK"
"ARTHUR JOHNSON","06/16/1983","MALE","WHITE"
"AUNDRA JOHNSON","03/21/1976","MALE","BLACK"
"AURORA JOHNSON","07/01/1965","FEMALE","WHITE"
"AUSTIN JOHNSON","07/24/2001","MALE","WHITE"
"BENJAMIN JOHNSON","07/17/1989","MALE","BLACK"
"BENNIE JOHNSON","12/06/1988","MALE","WHITE"
"BILL JOHNSON","07/23/1954","MALE","BLACK"
"BILLY JOHNSON","06/06/1994","MALE","BLACK"
"BRANDON JOHNSON","07/07/1987","MALE","BLACK"
"BRANDON JOHNSON","04/09/1994","MALE","BLACK"
"BRANDON JOHNSON","06/28/1990","MALE","BLACK"
"BRANDON JOHNSON","05/05/1987","MALE","BLACK"
"BRECKER JOHNSON","12/17/1973","FEMALE","BLACK"
"BRETT JOHNSON","11/17/1972","MALE","WHITE"
"BRIAN JOHNSON","12/30/1980","MALE","BLACK"
"BRITTNEY JOHNSON","12/15/1991","FEMALE","BLACK"
"BRYANT JOHNSON","11/27/1983","MALE","BLACK"
"CALIP JOHNSON","05/10/1995","MALE","BLACK"
"CAMARA JOHNSON","05/03/1993","MALE","BLACK"
"CANARY JOHNSON","08/24/1981","FEMALE","BLACK"
"CARBY JOHNSON","09/18/1963","MALE","BLACK"
"CARL JOHNSON","03/10/1963","MALE","BLACK"
"CARL JOHNSON","05/01/1951","MALE","BLACK"
"CARL JOHNSON","10/07/1973","MALE","BLACK"
"CEASAR JOHNSON","06/09/1988","MALE","BLACK"
"CEDRIC JOHNSON","04/05/1975","MALE","BLACK"
"CHAD JOHNSON","10/29/1975","MALE","WHITE"
"CHARLES JOHNSON","05/27/1989","MALE","BLACK"
"CHARLES JOHNSON","12/16/1978","MALE","BLACK"
"CHARLES JOHNSON","09/20/1983","MALE","BLACK"
"CHARLES JOHNSON","10/15/1985","MALE","WHITE"
"CHARLES JOHNSON","04/04/1978","MALE","BLACK"
"CHARLIE JOHNSON","02/09/1979","MALE","WHITE"
"CHRISTINE JOHNSON","12/25/1954","FEMALE","BLACK"
"CHRISTOPHER JOHNSON","05/08/1977","MALE","BLACK"
"CHRISTOPHER JOHNSON","06/26/1988","MALE","BLACK"
"CHRISTOPHER JOHNSON","06/05/1981","MALE","WHITE"
"CHRISTOPHER JOHNSON","08/17/2000","MALE","WHITE"
"CHRISTOPHER JOHNSON","02/23/1974","MALE","WHITE"
"CHRISTOPHER JOHNSON","06/08/1983","MALE","WHITE"
"CHRISTOPHER JOHNSON","10/26/1996","MALE","BLACK"
"CHRISTOPHER JOHNSON","11/28/1969","MALE","WHITE"
"CLEVELAND JOHNSON","10/09/1967","MALE","BLACK"
"CLEVELAND JOHNSON","01/22/1961","MALE","BLACK"
"CODY JOHNSON","03/14/1984","MALE","WHITE"
"CORDARRELL JOHNSON","06/27/1988","MALE","BLACK"
"COREY JOHNSON","12/25/1992","MALE","BLACK"
"COREY JOHNSON","07/03/1989","MALE","WHITE"
"CORNELL JOHNSON","05/20/1985","MALE","BLACK"
"CORTNEY JOHNSON","06/07/1996","MALE","BLACK"
"CORTNEY JOHNSON","10/25/1991","MALE","BLACK"
"CORY JOHNSON","03/14/1984","MALE","WHITE"
"COTERRIA JOHNSON","12/21/1990","MALE","BLACK"
"CRAIG JOHNSON","07/16/1974","MALE","BLACK"
"CURTIS JOHNSON","09/27/1963","MALE","BLACK"
"DAMIAN JOHNSON","09/02/1981","MALE","BLACK"
"DAMIEN JOHNSON","02/02/1996","MALE","BLACK"
"DANA JOHNSON","07/06/1973","MALE","BLACK"
"DANTAVIOUS JOHNSON","07/09/1994","MALE","BLACK"
"DARILE JOHNSON","09/01/1968","MALE","BLACK"
"DARREN JOHNSON","05/25/1981","MALE","BLACK"
"DARRYL JOHNSON","08/29/1966","MALE","BLACK"
"DAVID JOHNSON","03/30/1969","MALE","BLACK"
"DAVID JOHNSON","02/07/1969","MALE","WHITE"
"DAVID JOHNSON","06/22/1973","MALE","WHITE"
"DAVID JOHNSON","06/20/1981","MALE","BLACK"
"DAVONTA JOHNSON","07/06/1997","MALE","BLACK"
"DEMONE JOHNSON","06/10/1981","MALE","BLACK"
"DENTRELL JOHNSON","07/31/1990","MALE","BLACK"
"DENZEL JOHNSON","12/03/1992","MALE","BLACK"
"DEONDRAY JOHNSON","08/18/1982","MALE","BLACK"
"DERRICK JOHNSON","05/21/1968","MALE","BLACK"
"DERRICK JOHNSON","02/09/1963","MALE","BLACK"
"DERRICK JOHNSON","09/14/1981","MALE","BLACK"
"DERRICK JOHNSON","09/07/1981","MALE","BLACK"
"DERRICK JOHNSON","08/08/1991","MALE","BLACK"
"DESHODRICK JOHNSON","08/18/1991","MALE","BLACK"
"DESMOND JOHNSON","11/06/1985","MALE","BLACK"
"DESTIN JOHNSON","06/06/1989","MALE","BLACK"
"DEVIN JOHNSON","07/24/1984","MALE","BLACK"
"DEVONTE JOHNSON","07/26/1992","MALE","BLACK"
"DEXTER JOHNSON","10/29/1972","MALE","BLACK"
"DIEGO JOHNSON","04/24/2000","MALE","BLACK"
"DONALD JOHNSON","05/11/1965","MALE","WHITE"
"DONALD JOHNSON","06/28/1965","MALE","BLACK"
"DONNELL JOHNSON","09/16/1972","MALE","BLACK"
"DONNELL JOHNSON","10/02/1987","MALE","BLACK"
"DREW JOHNSON","07/03/1991","MALE","WHITE"
"DREXLER JOHNSON","09/27/1987","MALE","BLACK"
"EARNEST JOHNSON","09/30/1992","MALE","BLACK"
"EDDIE JOHNSON","01/17/1969","MALE","BLACK"
"EDDIE JOHNSON","08/13/1966","MALE","BLACK"
"EDRICK JOHNSON","05/19/1969","MALE","BLACK"
"EDWARD JOHNSON","10/10/1963","MALE","BLACK"
"EDWARD JOHNSON","09/13/1975","MALE","BLACK"
"EDWARD JOHNSON","05/25/1994","MALE","BLACK"
"EDWIN JOHNSON","12/12/1980","MALE","BLACK"
"ERIC JOHNSON","03/05/1971","MALE","BLACK"
"ERIK JOHNSON","05/18/1980","MALE","BLACK"
"FREDDIE JOHNSON","08/04/1974","MALE","BLACK"
"FREDERICK JOHNSON","08/13/1984","MALE","BLACK"
"FREDRICK JOHNSON","05/09/1983","MALE","BLACK"
"FREDRICK JOHNSON","06/07/1984","MALE","BLACK"
"GEORGE JOHNSON","11/23/1988","MALE","BLACK"
"GEORGE JOHNSON","07/14/1988","MALE","BLACK"
"GEORGE JOHNSON","12/09/1971","MALE","BLACK"
"GRANT JOHNSON","07/22/1991","MALE","WHITE"
"GREGORY JOHNSON","08/06/1981","MALE","BLACK"
"GUY JOHNSON","12/23/1977","MALE","WHITE"
"HARVEY JOHNSON","06/18/1987","MALE","BLACK"
"HENRY JOHNSON","08/15/1976","MALE","BLACK"
"HERMAN JOHNSON","04/26/1982","MALE","BLACK"
"HOSIE JOHNSON","01/30/1976","MALE","BLACK"
"ILIOUS JOHNSON","06/18/1958","MALE","BLACK"
"IRA JOHNSON","07/18/1985","MALE","BLACK"
"ISSAC JOHNSON","06/28/1990","MALE","BLACK"
"JACARIEL JOHNSON","04/06/1997","MALE","BLACK"
"JADARRYL JOHNSON","03/03/1993","MALE","BLACK"
"JALEN JOHNSON","04/29/1992","MALE","BLACK"
"JALISIA JOHNSON","11/06/1991","FEMALE","BLACK"
"JAMAL JOHNSON","01/12/1988","MALE","BLACK"
"JAMAL JOHNSON","01/25/1979","MALE","BLACK"
"JAMARIUS JOHNSON","04/18/1990","MALE","BLACK"
"JAMES JOHNSON","11/19/1996","MALE","BLACK"
"JAMES JOHNSON","03/10/1993","MALE","BLACK"
"JAMES JOHNSON","06/21/1985","MALE","BLACK"
"JAMES JOHNSON","05/10/1975","MALE","WHITE"
"JAMES JOHNSON","08/20/1972","MALE","BLACK"
"JAMES JOHNSON","04/30/1979","MALE","BLACK"
"JAMES JOHNSON","07/17/1984","MALE","BLACK"
"JAMES JOHNSON","07/11/1984","MALE","BLACK"
"JARQUEZ JOHNSON","07/24/2000","MALE","BLACK"
"JARRETT JOHNSON","09/23/1996","MALE","BLACK"
"JAYVIOUS JOHNSON","10/10/1991","MALE","BLACK"
"JDARRIUS JOHNSON","01/07/1992","MALE","BLACK"
"JEFFERY JOHNSON","10/05/1981","MALE","BLACK"
"JEFFREY JOHNSON","11/04/1965","MALE","BLACK"
"JEFFREY JOHNSON","04/14/1976","MALE","BLACK"
"JEREMIAH JOHNSON","11/06/1982","MALE","WHITE"
"JEREMY JOHNSON","05/06/1987","MALE","WHITE"
"JEREMY JOHNSON","04/28/1980","MALE","WHITE"
"JEREMY JOHNSON","12/24/1981","MALE","BLACK"
"JERMARCUS JOHNSON","09/11/1981","MALE","BLACK"
"JERRY JOHNSON","06/14/1987","MALE","WHITE"
"JERRY JOHNSON","11/27/1961","MALE","BLACK"
"JESSIE JOHNSON","01/03/1978","MALE","WHITE"
"JIMMY JOHNSON","06/17/1965","MALE","WHITE"
"JIMMY JOHNSON","11/18/1998","MALE","BLACK"
"JOE JOHNSON","02/14/1982","MALE","BLACK"
"JOEY JOHNSON","09/20/1977","MALE","BLACK"
"JOHN JOHNSON","04/24/1953","MALE","BLACK"
"JOHN JOHNSON","01/06/1960","MALE","BLACK"
"JOHN JOHNSON","02/24/1977","MALE","BLACK"
"JOHN JOHNSON","02/17/1971","MALE","BLACK"
"JOHN JOHNSON","01/11/1970","MALE","BLACK"
"JOHN JOHNSON","01/26/1985","MALE","BLACK"
"JOHN JOHNSON","09/22/1978","MALE","BLACK"
"JOHN JOHNSON","11/24/1978","MALE","BLACK"
"JOHN JOHNSON","12/10/1980","MALE","WHITE"
"JOHNATHAN JOHNSON","12/29/1995","MALE","WHITE"
"JOHNNY JOHNSON","09/23/1989","MALE","BLACK"
"JORDAN JOHNSON","05/31/1996","MALE","BLACK"
"JORDAN JOHNSON","03/27/1996","MALE","BLACK"
"JORDAN JOHNSON","05/14/1993","FEMALE","WHITE"
"JORDAN JOHNSON","06/12/1993","MALE","BLACK"
"JORDAN JOHNSON","04/20/1993","MALE","BLACK"
"JORDY JOHNSON","11/02/1992","MALE","BLACK"
"JOSEPH JOHNSON","08/21/1968","MALE","BLACK"
"JOSEPH JOHNSON","01/27/1977","MALE","WHITE"
"JOSHUA JOHNSON","04/23/1988","MALE","BLACK"
"JOSHUA JOHNSON","01/16/1997","MALE","BLACK"
"JOSHUARY JOHNSON","08/13/1991","MALE","BLACK"
"JULIANA JOHNSON","10/28/1958","FEMALE","WHITE"
"JUSTIN JOHNSON","06/11/1956","MALE","BLACK"
"JUSTIN JOHNSON","01/07/1982","MALE","WHITE"
"JUSTIN JOHNSON","05/21/1981","MALE","WHITE"
"JUSTIN JOHNSON","01/05/1996","MALE","BLACK"
"JUWAN JOHNSON","03/14/1998","MALE","BLACK"
"JWOWAN JOHNSON","04/24/1980","MALE","BLACK"
"KEISHA JOHNSON","11/05/1979","FEMALE","BLACK"
"KEITH JOHNSON","08/30/1981","MALE","BLACK"
"KELVIN JOHNSON","04/18/1978","MALE","BLACK"
"KELVIN JOHNSON","07/17/1985","MALE","BLACK"
"KELVIN JOHNSON","07/29/1987","MALE","BLACK"
"KELVIN JOHNSON","01/06/1977","MALE","BLACK"
"KENNETH JOHNSON","11/03/1975","MALE","BLACK"
"KESHONNE JOHNSON","01/10/2000","MALE","BLACK"
"KIMMEL JOHNSON","01/06/1993","MALE","BLACK"
"KIMMETH JOHNSON","12/26/1968","MALE","BLACK"
"L JOHNSON","01/17/1961","MALE","BLACK"
"LADARIUS JOHNSON","11/18/1992","MALE","BLACK"
"LAJAVIAN JOHNSON","08/05/1993","MALE","BLACK"
"LAKEACHA JOHNSON","07/13/1978","FEMALE","BLACK"
"LAMAR JOHNSON","12/30/1978","MALE","BLACK"
"LAMARKUS JOHNSON","07/01/1988","MALE","BLACK"
"LAMONICA JOHNSON","06/17/1987","FEMALE","BLACK"
"LANAE JOHNSON","10/21/1987","FEMALE","BLACK"
"LARRY JOHNSON","11/18/1952","MALE","BLACK"
"LARRY JOHNSON","04/07/1996","MALE","BLACK"
"LARRY JOHNSON","12/21/1980","MALE","BLACK"
"LEON JOHNSON","07/08/1953","MALE","BLACK"
"LISA JOHNSON","10/04/1985","FEMALE","BLACK"
"LORENZO JOHNSON","10/02/1992","MALE","BLACK"
"LUTHER JOHNSON","06/20/1994","MALE","BLACK"
"MALIK JOHNSON","07/04/1997","MALE","BLACK"
"MARCUS JOHNSON","07/21/1992","MALE","BLACK"
"MARCUS JOHNSON","02/26/1993","MALE","BLACK"
"MARCUS JOHNSON","07/25/1981","MALE","BLACK"
"MARK JOHNSON","08/19/1988","MALE","WHITE"
"MARQUEZ JOHNSON","10/16/1989","MALE","BLACK"
"MARTAVIOUS JOHNSON","07/31/1992","MALE","BLACK"
"MARVIN JOHNSON","08/03/1990","MALE","WHITE"
"MATTHEW JOHNSON","09/09/1993","MALE","BLACK"
"MAURICE JOHNSON","09/19/1981","MALE","BLACK"
"MCKENSLEY JOHNSON","11/18/1981","MALE","BLACK"
"MEEKO JOHNSON","03/28/1989","MALE","BLACK"
"MELTORRIS JOHNSON","10/03/1994","MALE","BLACK"
"MELVIN JOHNSON","08/27/1960","MALE","WHITE"
"MELVIN JOHNSON","01/14/1985","MALE","BLACK"
"MERCEDES JOHNSON","05/25/1991","FEMALE","BLACK"
"MERLIN JOHNSON","02/04/1989","FEMALE","BLACK"
"MESHARD JOHNSON","03/28/2002","MALE","BLACK"
"MICHAEL JOHNSON","02/24/1995","MALE","BLACK"
"MICHAEL JOHNSON","10/21/1964","MALE","BLACK"
"MICHAEL JOHNSON","06/27/1993","MALE","BLACK"
"MICHAEL JOHNSON","04/13/1971","MALE","BLACK"
"MICHAEL JOHNSON","11/30/1989","MALE","BLACK"
"MICHAEL JOHNSON","07/01/1991","MALE","BLACK"
"MICHAEL JOHNSON","12/14/1968","MALE","BLACK"
"MICHAEL JOHNSON","04/19/1982","MALE","BLACK"
"MICHAEL JOHNSON","08/02/1965","MALE","BLACK"
"MICHAEL JOHNSON","07/15/1981","MALE","BLACK"
"MICHAEL JOHNSON","06/19/1976","MALE","BLACK"
"MICHAEL JOHNSON","04/20/1971","MALE","BLACK"
"MICHAEL JOHNSON","06/26/1980","MALE","WHITE"
"MICKEY JOHNSON","07/10/1968","MALE","BLACK"
"MITCHELL JOHNSON","03/20/1971","MALE","WHITE"
"MONTREAL JOHNSON","07/10/1990","MALE","BLACK"
"NATHANIEL JOHNSON","05/17/1983","MALE","BLACK"
"NELVIS JOHNSON","10/08/1980","MALE","BLACK"
"NICHOLAS JOHNSON","04/06/1980","MALE","BLACK"
"NICHOLAS JOHNSON","01/25/1993","MALE","BLACK"
"NIGEL JOHNSON","05/03/1994","MALE","BLACK"
"NORMAN JOHNSON","10/10/1968","MALE","WHITE"
"OCTAVIOUS JOHNSON","01/13/1994","MALE","BLACK"
"OCTAVIUS JOHNSON","11/20/1998","MALE","BLACK"
"ORLANDUS JOHNSON","10/26/1968","MALE","BLACK"
"OTHA JOHNSON","09/03/1954","MALE","BLACK"
"OTIS JOHNSON","08/07/1979","MALE","BLACK"
"PAUL JOHNSON","05/01/1979","MALE","BLACK"
"PHILLIP JOHNSON","05/05/1982","MALE","BLACK"
"PHILLIP JOHNSON","11/27/1980","MALE","BLACK"
"PIERRE JOHNSON","08/04/1985","MALE","BLACK"
"PRESTON JOHNSON","09/20/1986","MALE","WHITE"
"PRINCE JOHNSON","10/12/1984","MALE","BLACK"
"QUENTEN JOHNSON","08/27/1988","MALE","BLACK"
"QUINCY JOHNSON","07/29/1981","MALE","BLACK"
"QUINTARUS JOHNSON","09/05/1987","MALE","BLACK"
"RAHEEM JOHNSON","06/19/1994","MALE","BLACK"
"RAHEIM JOHNSON","04/24/1993","MALE","BLACK"
"RANDALL JOHNSON","12/02/1957","MALE","BLACK"
"RANDI JOHNSON","01/22/1982","MALE","BLACK"
"RANDY JOHNSON","01/06/1980","MALE","BLACK"
"RASHAD JOHNSON","09/05/1996","MALE","BLACK"
"RASHUN JOHNSON","09/02/1991","MALE","BLACK"
"REGINALD JOHNSON","09/07/1977","MALE","BLACK"
"RICARDO JOHNSON","07/17/1981","MALE","BLACK"
"RICHARD JOHNSON","08/07/1984","MALE","WHITE"
"RICHARD JOHNSON","12/11/1991","MALE","BLACK"
"RICKY JOHNSON","04/09/1961","MALE","BLACK"
"RIKKI JOHNSON","08/17/1983","MALE","BLACK"
"ROBERT JOHNSON","06/24/1959","MALE","BLACK"
"ROBERT JOHNSON","11/27/1964","MALE","WHITE"
"ROBERT JOHNSON","02/19/1983","MALE","BLACK"
"ROBERT JOHNSON","07/27/1961","MALE","BLACK"
"ROBERT JOHNSON","04/30/1978","MALE","WHITE"
"RODNEY JOHNSON","02/07/1970","MALE","BLACK"
"RODNEY JOHNSON","04/03/1977","MALE","BLACK"
"ROGER JOHNSON","10/09/1975","MALE","BLACK"
"ROMAIRO JOHNSON","05/03/1981","MALE","BLACK"
"ROMARO JOHNSON","03/11/1976","MALE","BLACK"
"RONALD JOHNSON","06/06/1971","MALE","BLACK"
"RONALD JOHNSON","08/03/1985","MALE","BLACK"
"RONNIE JOHNSON","10/29/1970","MALE","BLACK"
"ROSCOE JOHNSON","04/24/1973","MALE","BLACK"
"ROSCOE JOHNSON","10/07/1966","MALE","BLACK"
"ROY JOHNSON","09/16/1967","MALE","BLACK"
"SAM JOHNSON","11/30/1977","MALE","BLACK"
"SAMANTHA JOHNSON","04/22/1972","FEMALE","WHITE"
"SAMMIE JOHNSON","09/29/1973","MALE","BLACK"
"SAMUEL JOHNSON","03/25/1985","MALE","BLACK"
"SCOTT JOHNSON","05/13/1972","MALE","WHITE"
"SEAN JOHNSON","10/16/1982","MALE","BLACK"
"SEAN JOHNSON","01/29/1987","MALE","BLACK"
"SELLERS JOHNSON","09/27/1996","MALE","BLACK"
"SHANE JOHNSON","10/22/1986","MALE","WHITE"
"SHANICE JOHNSON","12/17/1992","FEMALE","BLACK"
"SHAQUILLE JOHNSON","06/20/1994","MALE","BLACK"
"SHAUNTEZ JOHNSON","02/06/1994","MALE","BLACK"
"SHERRY JOHNSON","04/19/1973","FEMALE","WHITE"
"SHESTON JOHNSON","01/10/1997","MALE","BLACK"
"SHIELA JOHNSON","01/15/1991","FEMALE","WHITE"
"SHUNDRAY JOHNSON","07/22/1994","MALE","BLACK"
"SHUNTA JOHNSON","01/08/1979","MALE","BLACK"
"SKYLAR JOHNSON","01/03/1985","MALE","BLACK"
"SYLVESTER JOHNSON","02/18/1987","MALE","BLACK"
"SYLVESTER JOHNSON","08/08/1958","MALE","BLACK"
"SYLVESTER JOHNSON","09/24/1977","MALE","BLACK"
"TAKEANU JOHNSON","02/24/1998","MALE","BLACK"
"TAVARIOS JOHNSON","06/28/1985","MALE","BLACK"
"TAWANA JOHNSON","11/23/1970","FEMALE","BLACK"
"TED JOHNSON","08/16/1986","MALE","WHITE"
"TELLY JOHNSON","02/22/1977","MALE","BLACK"
"TERRANCE JOHNSON","10/15/1965","MALE","BLACK"
"TERRY JOHNSON","04/30/1990","MALE","BLACK"
"THADDEUS JOHNSON","06/20/1990","MALE","BLACK"
"THOMAS JOHNSON","07/23/1984","MALE","BLACK"
"TIMOTHY JOHNSON","09/25/1971","MALE","BLACK"
"TIMOTHY JOHNSON","01/20/1974","MALE","BLACK"
"TOMAZ JOHNSON","06/10/1995","MALE","BLACK"
"TOMMY JOHNSON","11/09/1979","MALE","BLACK"
"TONISHA JOHNSON","05/05/1996","FEMALE","BLACK"
"TONY JOHNSON","10/05/1982","MALE","BLACK"
"TONY JOHNSON","07/13/1973","MALE","BLACK"
"TRAVIS JOHNSON","05/28/1977","MALE","BLACK"
"TREVONTAE JOHNSON","09/09/1991","MALE","BLACK"
"TRONEY JOHNSON","08/18/1968","MALE","BLACK"
"TROY JOHNSON","01/07/1979","MALE","WHITE"
"TROYMAIN JOHNSON","11/07/1989","MALE","BLACK"
"TYRONE JOHNSON","05/06/1994","MALE","BLACK"
"TYRONE JOHNSON","08/29/1974","MALE","BLACK"
"VADELL JOHNSON","06/05/1982","MALE","BLACK"
"VICTOR JOHNSON","10/22/1987","MALE","BLACK"
"WALTER JOHNSON","01/01/1993","MALE","BLACK"
"WILLIAM JOHNSON","05/08/1972","MALE","BLACK"
"WILLIAM JOHNSON","04/11/1985","MALE","BLACK"
"WILLIE JOHNSON","12/05/1997","MALE","BLACK"
"WILTON JOHNSON","09/12/1989","MALE","BLACK"
"WOODROW JOHNSON","04/24/1957","MALE","BLACK"
"XAVIER JOHNSON","11/16/1993","MALE","BLACK"
"ZACHARY JOHNSON","04/18/1967","MALE","BLACK"
"ZACHERY JOHNSON","08/01/1994","MALE","WHITE"
"CALEB JOHNSTON","09/29/1999","MALE","WHITE"
"HALLEY JOHNSTON","12/30/1985","FEMALE","WHITE"
"JAALEXSEI JOHNSTON","06/01/1978","MALE","BLACK"
"JUSTIN JOHNSTON","05/27/1986","MALE","WHITE"
"LILY JOHNSTON","06/19/1976","FEMALE","WHITE"
"LLOYD JOHNSTON","01/06/1987","MALE","WHITE"
"MAURICE JOHNSTON","03/29/2000","MALE","WHITE"
"MICHAEL JOHNSTON","05/11/2000","MALE","WHITE"
"NICHOLAS JOHNSTON","03/07/1995","MALE","WHITE"
"RITA JOHNSTON","10/23/1979","FEMALE","WHITE"
"ALBERT JOINER","04/10/1969","MALE","BLACK"
"ANTONIO JOINER","02/23/1985","MALE","BLACK"
"CHRISTOPHER JOINER","09/05/1981","MALE","WHITE"
"CHRISTOPHER JOINER","11/18/1993","MALE","BLACK"
"CHRISTY JOINER","02/07/1983","FEMALE","WHITE"
"CORDARRIUS JOINER","08/03/1991","MALE","BLACK"
"MICHAEL JOINER","01/26/1975","MALE","BLACK"
"NADARIUS JOINER","01/24/1994","MALE","BLACK"
"SEDRICK JOINER","10/28/1974","MALE","BLACK"
"TRACY JOINER","07/20/1973","MALE","BLACK"
"RICHARD JOLES","11/04/1985","MALE","WHITE"
"GREGORY JOLLEY","12/14/1964","MALE","WHITE"
"MICHAEL JOLLEY","08/06/1978","MALE","WHITE"
"JAMAINE JOLLY","06/26/1995","MALE","BLACK"
"AARON JONES","02/27/1995","MALE","BLACK"
"AARON JONES","11/25/1984","MALE","BLACK"
"ADRIAN JONES","11/14/1978","MALE","BLACK"
"ALBERT JONES","07/12/1989","MALE","BLACK"
"ALEX JONES","10/04/1984","MALE","BLACK"
"ALEXANDER JONES","05/13/1976","MALE","BLACK"
"ALEXIS JONES","02/13/1986","MALE","BLACK"
"ALONZO JONES","07/19/1982","MALE","BLACK"
"ALVIN JONES","07/25/1978","MALE","BLACK"
"ANDRE JONES","03/21/1973","MALE","BLACK"
"ANDREW JONES","11/24/1979","MALE","BLACK"
"ANGEL JONES","07/01/1996","FEMALE","WHITE"
"ANGELA JONES","01/15/1992","FEMALE","BLACK"
"ANGIE JONES","01/08/1983","FEMALE","BLACK"
"ANTHONY JONES","04/04/1984","MALE","BLACK"
"ANTHONY JONES","07/30/1977","MALE","BLACK"
"ANTHONY JONES","03/18/1980","MALE","BLACK"
"ANTHONY JONES","01/01/1989","MALE","WHITE"
"ANTOINE JONES","07/12/1976","MALE","BLACK"
"ANTONIO JONES","06/20/1961","MALE","BLACK"
"ANTONIO JONES","02/15/1992","MALE","BLACK"
"ANTONIO JONES","08/05/1992","MALE","BLACK"
"ANTREAL JONES","02/17/1997","MALE","BLACK"
"ANTWAUN JONES","06/07/1982","MALE","BLACK"
"APRIL JONES","04/08/1985","FEMALE","BLACK"
"ARLAUNDRIUS JONES","07/15/1991","MALE","BLACK"
"ARMAND JONES","10/25/1992","MALE","BLACK"
"ARTHUR JONES","10/11/1952","MALE","BLACK"
"ASHFORD JONES","10/28/1970","MALE","BLACK"
"ASHLEY JONES","07/22/1984","FEMALE","WHITE"
"AUDREY JONES","10/04/1994","MALE","BLACK"
"AUSTIN JONES","12/30/1997","MALE","WHITE"
"AUSTIN JONES","05/20/1991","MALE","WHITE"
"BILLY JONES","05/02/1990","MALE","WHITE"
"BILLY JONES","10/27/1960","MALE","WHITE"
"BRANDON JONES","09/20/1988","MALE","BLACK"
"BRENT JONES","04/07/1994","MALE","BLACK"
"BRETT JONES","07/17/1989","MALE","WHITE"
"BRODERICK JONES","08/10/1985","MALE","BLACK"
"BRYAN JONES","01/13/1983","MALE","BLACK"
"BRYAN JONES","04/24/1972","MALE","BLACK"
"BRYAN JONES","05/31/1982","MALE","WHITE"
"BYRON JONES","10/07/1967","MALE","WHITE"
"CALVIN JONES","01/08/1982","MALE","BLACK"
"CALVIN JONES","12/30/1982","MALE","ASIAN"
"CARLOS JONES","08/01/1996","MALE","BLACK"
"CARLOS JONES","06/25/1974","MALE","BLACK"
"CEDRIC JONES","05/29/1968","MALE","BLACK"
"CELENA JONES","01/09/1988","FEMALE","BLACK"
"CHANTELUS JONES","07/21/1996","MALE","BLACK"
"CHARLES JONES","10/19/1941","MALE","WHITE"
"CHARLES JONES","10/05/1967","MALE","BLACK"
"CHARLES JONES","03/21/1950","MALE","WHITE"
"CHARLES JONES","11/10/1986","MALE","WHITE"
"CHARLES JONES","06/14/1987","MALE","BLACK"
"CHARLIE JONES","11/18/1984","MALE","BLACK"
"CHRIS JONES","11/25/1978","MALE","WHITE"
"CHRIS JONES","09/14/1978","MALE","BLACK"
"CHRISTINA JONES","06/26/1989","FEMALE","BLACK"
"CHRISTOPHER JONES","09/29/1983","MALE","BLACK"
"CHRISTOPHER JONES","09/22/1992","MALE","BLACK"
"CHRISTOPHER JONES","12/27/1982","MALE","BLACK"
"CHRISTOPHER JONES","04/02/1983","MALE","BLACK"
"CLARENCE JONES","07/14/1989","MALE","WHITE"
"CLARENCE JONES","12/31/1992","MALE","BLACK"
"CLARENCE JONES","05/03/1988","MALE","BLACK"
"COLBY JONES","01/09/1996","MALE","BLACK"
"CORDARREL JONES","06/07/1988","MALE","BLACK"
"CORNELIUS JONES","04/10/1975","MALE","BLACK"
"CORTNEY JONES","08/20/1990","MALE","BLACK"
"CURTIS JONES","02/11/1970","MALE","BLACK"
"DAE'SHON JONES","02/16/1993","MALE","BLACK"
"DAMON JONES","04/13/1974","MALE","BLACK"
"DANIEL JONES","04/26/1986","MALE","WHITE"
"DANNY JONES","09/11/1949","MALE","WHITE"
"DANNY JONES","05/20/1954","MALE","BLACK"
"DARIUS JONES","11/06/1986","MALE","BLACK"
"DARRON JONES","08/18/1970","MALE","BLACK"
"DARRYL JONES","04/16/1988","MALE","BLACK"
"DAVID JONES","08/27/1966","MALE","BLACK"
"DAVID JONES","09/03/1971","MALE","BLACK"
"DAVID JONES","09/23/1960","MALE","WHITE"
"DAVID JONES","04/07/1994","MALE","BLACK"
"DAVID JONES","11/22/1984","MALE","BLACK"
"DAVID JONES","05/30/1991","MALE","BLACK"
"DAVID JONES","04/16/1988","MALE","BLACK"
"DAYMON JONES","07/09/1970","MALE","WHITE"
"DECOREON JONES","11/03/1996","MALE","BLACK"
"DEMARCUS JONES","02/25/1998","MALE","BLACK"
"DEMARKEE JONES","10/11/2000","MALE","BLACK"
"DEMETRIUS JONES","10/14/1993","MALE","BLACK"
"DEMETRIUS JONES","07/27/1988","MALE","BLACK"
"DENNIS JONES","06/10/1984","MALE","WHITE"
"DEQWAEVIOUS JONES","12/11/1996","MALE","BLACK"
"DERIC JONES","12/26/1964","MALE","BLACK"
"DERON JONES","07/15/1986","MALE","BLACK"
"DERRICK JONES","08/04/1983","MALE","BLACK"
"DEUNTARUS JONES","07/19/1992","MALE","BLACK"
"DEVIN JONES","01/27/1991","MALE","BLACK"
"DIANTE JONES","06/02/1993","MALE","BLACK"
"DIJON JONES","12/01/2000","MALE","BLACK"
"DIVONIQUE JONES","01/17/1992","MALE","BLACK"
"DONALD JONES","08/18/1985","MALE","WHITE"
"DOUGLAS JONES","07/11/1988","MALE","WHITE"
"EDDIE JONES","11/16/1988","MALE","BLACK"
"EDDIE JONES","12/29/1972","MALE","BLACK"
"EDDIE JONES","08/24/1977","MALE","BLACK"
"EDWARD JONES","11/01/1958","MALE","BLACK"
"EDWARD JONES","04/07/1993","MALE","WHITE"
"EDWARD JONES","04/22/1993","MALE","BLACK"
"EDWIN JONES","09/12/1965","MALE","BLACK"
"ERIC JONES","09/09/1982","MALE","BLACK"
"ERIC JONES","08/01/1967","MALE","BLACK"
"ERIC JONES","10/31/1980","MALE","BLACK"
"ERIC JONES","07/25/1974","MALE","BLACK"
"FRANKIE JONES","02/15/1989","MALE","BLACK"
"FREDERICK JONES","02/10/1975","MALE","BLACK"
"FRENCH JONES","06/09/1975","MALE","BLACK"
"GAVIN JONES","08/18/1982","MALE","BLACK"
"GEOFFREY JONES","02/01/1961","MALE","BLACK"
"GERALD JONES","03/22/1966","MALE","BLACK"
"GRADY JONES","09/19/1990","MALE","BLACK"
"GREGORY JONES","12/20/1971","MALE","BLACK"
"HOUSTON JONES","06/26/1992","MALE","WHITE"
"HOWARD JONES","03/18/1970","MALE","WHITE"
"JACK JONES","01/29/1960","MALE","BLACK"
"JACKIE JONES","06/12/1987","MALE","WHITE"
"JAMAR JONES","10/04/1981","MALE","BLACK"
"JAMES JONES","12/31/1985","MALE","WHITE"
"JAMES JONES","11/20/1987","MALE","WHITE"
"JAMES JONES","04/08/1974","MALE","BLACK"
"JAMES JONES","08/04/1975","MALE","BLACK"
"JAMES JONES","07/08/1979","MALE","BLACK"
"JAMES JONES","08/03/1980","MALE","BLACK"
"JAMES JONES","08/19/1964","MALE","BLACK"
"JAMES JONES","04/17/1976","MALE","BLACK"
"JAMIE JONES","05/14/1976","MALE","BLACK"
"JAMIL JONES","05/01/1992","MALE","BLACK"
"JANARIO JONES","08/22/1988","MALE","BLACK"
"JANTAVIA JONES","07/10/1994","MALE","BLACK"
"JARVIS JONES","12/19/1996","MALE","BLACK"
"JARVIS JONES","06/28/1993","MALE","BLACK"
"JASMIN JONES","12/03/1983","MALE","BLACK"
"JASON JONES","06/01/1980","MALE","BLACK"
"JASON JONES","06/03/1983","MALE","BLACK"
"JASON JONES","07/28/1976","MALE","WHITE"
"JASON JONES","10/09/1973","MALE","WHITE"
"JAVIER JONES","04/23/2001","MALE","BLACK"
"JAWARSKI JONES","06/14/1982","MALE","BLACK"
"JEFFERY JONES","01/04/2000","MALE","BLACK"
"JEFFREY JONES","10/16/1962","MALE","WHITE"
"JENERRIO JONES","12/22/1990","MALE","BLACK"
"JEREMY JONES","09/15/1991","MALE","BLACK"
"JEREMY JONES","06/22/1990","MALE","WHITE"
"JEREMY JONES","01/08/1989","MALE","BLACK"
"JERMAINE JONES","12/15/2000","MALE","BLACK"
"JERMAINE JONES","12/21/1975","MALE","BLACK"
"JERRANCE JONES","04/03/1979","MALE","BLACK"
"JERRY JONES","03/09/1986","MALE","BLACK"
"JESSIE JONES","03/23/1972","MALE","BLACK"
"JESSIE JONES","09/03/1961","MALE","BLACK"
"JIMMY JONES","12/25/1947","MALE","BLACK"
"JOE JONES","12/03/1980","MALE","WHITE"
"JOE JONES","09/12/1961","MALE","BLACK"
"JOEL JONES","08/07/1990","MALE","BLACK"
"JOHN JONES","04/01/1981","MALE","BLACK"
"JOHN JONES","07/26/1982","MALE","BLACK"
"JOHN JONES","10/08/1952","MALE","BLACK"
"JOHNNY JONES","02/01/1966","MALE","BLACK"
"JOHNNY JONES","04/11/1980","MALE","BLACK"
"JONATHAN JONES","12/05/2000","MALE","BLACK"
"JONATHAN JONES","01/10/1994","MALE","BLACK"
"JONATHAN JONES","12/19/1995","MALE","BLACK"
"JONATHAN JONES","12/12/1979","MALE","BLACK"
"JONNEL JONES","02/05/1977","MALE","BLACK"
"JORDAN JONES","04/03/1994","MALE","BLACK"
"JOSEPH JONES","02/14/1986","MALE","BLACK"
"JOSEPH JONES","08/22/1959","MALE","BLACK"
"JOSEPH JONES","03/01/1961","MALE","BLACK"
"JOSHUA JONES","09/02/1984","MALE","BLACK"
"JOSHUA JONES","10/17/1991","MALE","BLACK"
"JOSHUA JONES","07/01/1987","MALE","BLACK"
"JUSTIN JONES","12/25/1987","MALE","WHITE"
"KAJUAN JONES","11/19/1995","MALE","BLACK"
"KAREEN JONES","05/25/1983","MALE","BLACK"
"KEAOTA JONES","09/14/1979","MALE","BLACK"
"KEIF JONES","06/20/1978","MALE","BLACK"
"KEISON JONES","12/07/1975","MALE","BLACK"
"KELLA JONES","03/08/1991","MALE","BLACK"
"KELVIN JONES","07/21/1998","MALE","BLACK"
"KELVIN JONES","07/01/1976","MALE","BLACK"
"KENDALL JONES","11/23/1981","MALE","BLACK"
"KENDELL JONES","06/11/1993","MALE","BLACK"
"KENDRICK JONES","02/19/1984","MALE","BLACK"
"KENNETH JONES","09/25/1984","MALE","BLACK"
"KENNETH JONES","12/05/1973","MALE","BLACK"
"KENNETH JONES","12/07/1983","MALE","BLACK"
"KENNETH JONES","03/20/1993","MALE","BLACK"
"KENT JONES","05/07/1968","MALE","BLACK"
"KERMIT JONES","12/02/1963","MALE","BLACK"
"KEVIN JONES","09/09/1970","MALE","WHITE"
"KEYANDRICK JONES","03/26/1988","MALE","BLACK"
"KRISTOPHER JONES","02/13/1977","MALE","WHITE"
"LA'REAL JONES","05/07/1991","MALE","BLACK"
"LADARIEN JONES","05/04/1999","MALE","BLACK"
"LADARRIAN JONES","10/10/1998","MALE","BLACK"
"LADETREZ JONES","08/05/1994","MALE","BLACK"
"LAMARCUS JONES","09/08/1987","MALE","BLACK"
"LAMARIO JONES","09/17/1979","MALE","BLACK"
"LAMETRIUS JONES","06/20/1984","MALE","BLACK"
"LANCE JONES","01/21/1977","MALE","BLACK"
"LANGSTON JONES","03/04/1990","MALE","BLACK"
"LARRY JONES","11/18/1966","MALE","BLACK"
"LARRY JONES","10/18/1967","MALE","BLACK"
"LARRY JONES","09/19/1954","MALE","BLACK"
"LARRY JONES","04/01/1979","MALE","BLACK"
"LATASHA JONES","03/27/1984","FEMALE","BLACK"
"LATIDIUS JONES","04/12/1971","MALE","BLACK"
"LELAND JONES","05/10/1973","MALE","BLACK"
"LESHONE JONES","11/10/1977","MALE","BLACK"
"LESTER JONES","05/20/1952","MALE","BLACK"
"LISA JONES","08/03/1982","FEMALE","WHITE"
"LONNIE JONES","11/24/1968","MALE","BLACK"
"LORANZO JONES","12/07/1997","MALE","BLACK"
"LORI JONES","04/25/1991","FEMALE","WHITE"
"LOUIS JONES","07/30/1999","MALE","BLACK"
"LYNDALE JONES","06/19/1999","MALE","BLACK"
"LYNDON JONES","01/09/1981","MALE","BLACK"
"MACCAL JONES","01/01/1989","MALE","BLACK"
"MARCUS JONES","06/13/1979","MALE","BLACK"
"MARIO JONES","04/09/1979","MALE","BLACK"
"MARK JONES","09/24/1987","MALE","WHITE"
"MARSHA JONES","11/12/1977","FEMALE","BLACK"
"MARSHALL JONES","09/02/1990","MALE","BLACK"
"MASON JONES","03/22/1991","MALE","BLACK"
"MICHAEL JONES","01/24/1988","MALE","BLACK"
"MICHAEL JONES","06/05/1985","MALE","WHITE"
"MICHAEL JONES","09/13/1981","MALE","WHITE"
"MICHAEL JONES","11/20/1964","MALE","BLACK"
"MICHAEL JONES","08/29/1985","MALE","BLACK"
"MICHAEL JONES","03/27/1971","MALE","BLACK"
"MICHAEL JONES","03/11/1969","MALE","BLACK"
"MICHAEL JONES","01/19/1988","MALE","BLACK"
"MIKE JONES","05/18/1994","MALE","BLACK"
"MIRESE JONES","03/09/1983","MALE","BLACK"
"MORRIS JONES","11/22/1959","MALE","BLACK"
"OLIVER JONES","08/13/1969","MALE","BLACK"
"ORLANDO JONES","08/01/1975","MALE","BLACK"
"OTHA JONES","09/20/1956","MALE","BLACK"
"PATRICK JONES","10/02/1975","MALE","BLACK"
"PATRICK JONES","03/01/1985","MALE","WHITE"
"PAUL JONES","04/16/1981","MALE","WHITE"
"PAUL JONES","12/31/1968","MALE","BLACK"
"PERRY JONES","08/09/1961","MALE","WHITE"
"PERRY JONES","12/29/1959","MALE","WHITE"
"PRECIOUS JONES","12/22/1991","FEMALE","BLACK"
"PROTRANNA JONES","08/03/1985","FEMALE","BLACK"
"RANDOLPH JONES","08/17/1982","MALE","WHITE"
"RASHAD JONES","02/17/1987","MALE","BLACK"
"RAYMOND JONES","08/08/1966","MALE","WHITE"
"REBECCA JONES","01/01/1964","FEMALE","WHITE"
"REGINALD JONES","10/06/1974","MALE","BLACK"
"REGINALD JONES","01/20/1998","MALE","BLACK"
"REGINALD JONES","09/03/1995","MALE","BLACK"
"RESHAWN JONES","04/25/1993","MALE","BLACK"
"RICARLDO JONES","12/26/1968","MALE","BLACK"
"RICHARD JONES","12/05/1977","MALE","WHITE"
"ROBERT JONES","02/28/1970","MALE","WHITE"
"ROBERT JONES","11/17/1990","MALE","BLACK"
"ROBERT JONES","01/08/1965","MALE","BLACK"
"ROBERT JONES","12/02/1968","MALE","BLACK"
"ROBERT JONES","05/16/1964","MALE","BLACK"
"RODERICK JONES","08/25/1978","MALE","BLACK"
"RODNEY JONES","07/12/1970","MALE","BLACK"
"RODNEY JONES","06/12/1963","MALE","BLACK"
"RODNEY JONES","09/07/1984","MALE","BLACK"
"RODRICK JONES","10/22/1992","MALE","BLACK"
"RONNIE JONES","03/17/1978","MALE","WHITE"
"ROOSEVELT JONES","09/27/1963","MALE","BLACK"
"ROOSEVELT JONES","12/08/1971","MALE","BLACK"
"ROSHANDA JONES","03/26/1990","FEMALE","BLACK"
"SAMUEL JONES","01/21/1991","MALE","BLACK"
"SEAN JONES","05/30/1983","MALE","WHITE"
"SHAND JONES","11/29/1972","MALE","BLACK"
"SHANTA JONES","07/30/1976","MALE","BLACK"
"SHELVIN JONES","09/30/1975","MALE","BLACK"
"SILVER JONES","07/24/1997","FEMALE","BLACK"
"STERLING JONES","06/12/1991","MALE","BLACK"
"STEVIE JONES","09/26/1995","MALE","BLACK"
"TERRANCE JONES","09/23/1993","MALE","BLACK"
"TERRELL JONES","03/22/1987","MALE","BLACK"
"TERRY JONES","04/07/1975","MALE","BLACK"
"TERRY JONES","10/10/1969","MALE","BLACK"
"THOMAS JONES","08/24/1963","MALE","BLACK"
"THOMAS JONES","09/09/1984","MALE","BLACK"
"THOMAS JONES","07/09/1967","MALE","WHITE"
"TIMOTHY JONES","01/20/1978","MALE","BLACK"
"TIMOTHY JONES","11/28/1982","MALE","WHITE"
"TKOYO JONES","08/06/1985","MALE","BLACK"
"TOMMIE JONES","11/28/1981","MALE","BLACK"
"TOMMY JONES","11/18/1946","MALE","BLACK"
"TONEY JONES","03/08/1993","MALE","BLACK"
"TRAVIS JONES","09/02/1979","MALE","BLACK"
"TRAVIS JONES","12/11/1985","MALE","WHITE"
"TRAVIS JONES","08/06/1980","MALE","BLACK"
"TREVOR JONES","09/08/1987","MALE","BLACK"
"TREVOR JONES","12/10/1994","MALE","BLACK"
"TROY JONES","10/14/1980","MALE","BLACK"
"TYLER JONES","05/31/1991","MALE","BLACK"
"TYRONE JONES","08/08/1963","MALE","BLACK"
"ULYSSES JONES","07/23/1992","MALE","BLACK"
"VICTOR JONES","09/18/1970","MALE","WHITE"
"WALTER JONES","01/08/1995","MALE","BLACK"
"WALTEZ JONES","12/24/1992","MALE","BLACK"
"WANYA JONES","03/19/1996","MALE","BLACK"
"WARREN JONES","03/27/1966","MALE","WHITE"
"WESLEY JONES","07/22/1994","MALE","BLACK"
"WILLIAM JONES","02/12/1997","MALE","BLACK"
"WILLIAM JONES","11/08/1987","MALE","BLACK"
"WILLIAM JONES","01/18/1979","MALE","BLACK"
"WILLIAM JONES","11/14/1991","MALE","WHITE"
"WILLIAM JONES","04/05/1969","MALE","BLACK"
"WILLIAM JONES","06/08/1984","MALE","BLACK"
"WILLIE JONES","10/27/1972","MALE","BLACK"
"WILLIE JONES","02/20/1986","MALE","BLACK"
"WILLIS JONES","02/07/1958","MALE","BLACK"
"ZACHARY JONES","11/04/1990","MALE","BLACK"
"ZARTAVIOUS JONES","07/16/1996","MALE","BLACK"
"ERIC JOOSEPSON","10/21/1948","MALE","WHITE"
"AARON JORDAN","10/05/1986","MALE","BLACK"
"BILLY JORDAN","08/30/1955","MALE","BLACK"
"BYRON JORDAN","11/27/1979","MALE","BLACK"
"CHRISTOPHER JORDAN","03/17/1977","MALE","BLACK"
"DANUAL JORDAN","04/28/1992","MALE","BLACK"
"DEANDRE JORDAN","12/05/1992","MALE","BLACK"
"DERRICK JORDAN","09/21/1977","MALE","BLACK"
"DEXTER JORDAN","07/04/1976","MALE","BLACK"
"DEXTER JORDAN","02/05/1973","MALE","BLACK"
"FREDRICK JORDAN","01/16/1977","MALE","WHITE"
"GAUGE JORDAN","10/17/2000","MALE","WHITE"
"GREGORY JORDAN","01/06/1988","MALE","WHITE"
"HENRY JORDAN","10/12/1954","MALE","BLACK"
"JACQUETT JORDAN","04/15/1989","MALE","BLACK"
"JAMES JORDAN","11/13/1988","MALE","WHITE"
"JERRETT JORDAN","01/23/1990","MALE","WHITE"
"JERRY JORDAN","02/06/1963","MALE","BLACK"
"JONATHAN JORDAN","06/12/1982","MALE","WHITE"
"KEITH JORDAN","12/26/1969","MALE","WHITE"
"KELVIN JORDAN","12/25/1976","MALE","BLACK"
"KEWAII JORDAN","02/19/1984","FEMALE","BLACK"
"LEVELL JORDAN","10/04/1979","MALE","BLACK"
"LONNIE JORDAN","12/30/1979","MALE","BLACK"
"LUTIE JORDAN","10/15/1967","MALE","BLACK"
"MICHAEL JORDAN","10/21/1977","MALE","BLACK"
"MICHAEL JORDAN","09/28/1969","MALE","BLACK"
"MICHAEL JORDAN","05/03/1989","MALE","BLACK"
"MONTRELL JORDAN","03/16/1980","MALE","BLACK"
"PAMELA JORDAN","12/13/1966","FEMALE","WHITE"
"RICHARD JORDAN","05/25/1946","MALE","WHITE"
"ROBERT JORDAN","01/19/1950","MALE","WHITE"
"ROGER JORDAN","08/22/1972","MALE","WHITE"
"TIMOTHY JORDAN","03/05/1989","MALE","BLACK"
"TIMOTHY JORDAN","01/22/1970","MALE","WHITE"
"TOMMIE JORDAN","07/29/1965","MALE","BLACK"
"TORIANO JORDAN","08/08/1972","MALE","BLACK"
"TRAVIS JORDAN","04/05/1986","MALE","BLACK"
"TYLER JORDAN","04/21/1998","MALE","WHITE"
"WILLIAM JORDAN","05/12/1989","MALE","BLACK"
"WONDA JORDAN","10/14/1977","FEMALE","WHITE"
"JEFFERSON JORDON","05/03/1976","MALE","WHITE"
"EDINA JOSE","04/07/1971","FEMALE","AMERICAN"
"CARL JOSEPH","11/03/1979","MALE","WHITE"
"JOSHUA JOSEPH","07/01/1997","MALE","BLACK"
"PHILLIP JOSEPH","12/19/1962","MALE","BLACK"
"RONALD JOSEPH","05/13/1978","MALE","BLACK"
"THURGOOD JOWERS","12/06/1991","MALE","BLACK"
"DANIEL JOY","06/09/1985","MALE","WHITE"
"EDDIE JOY","04/02/1991","MALE","BLACK"
"PRINTESS JOY","12/12/1993","MALE","BLACK"
"BENNY JOYCE","10/21/1969","MALE","BLACK"
"SHAKEYIA JOYNER","04/21/1995","FEMALE","BLACK"
"CURTIS JUDGE","10/12/1958","MALE","BLACK"
"DONNELL JUDGE","03/14/1977","MALE","BLACK"
"QUINCY JUDGE","07/12/1981","MALE","BLACK"
"DUGRAFTER JUDON","01/10/1978","MALE","BLACK"
"KENNETH JUDON","03/14/1974","MALE","BLACK"
"SANDRA JUDON","06/08/1973","FEMALE","BLACK"
"TERRY JUDON","07/09/1968","MALE","BLACK"
"LATOYA JULES","08/10/1983","FEMALE","BLACK"
"STERLING JULES","04/15/1992","MALE","BLACK"
"JERRAYD JUPITER","02/14/1988","MALE","BLACK"
"JOE JUSHAWAY","07/12/1970","MALE","BLACK"
"CARL JUSTICE","03/23/1987","MALE","WHITE"
"RAYMOND JUSTICE","03/19/1987","MALE","BLACK"
"WANDA JUSTICE","11/16/1968","FEMALE","BLACK"
"BRIAN JUSTUS","12/16/1966","MALE","WHITE"
