"MARK KANE","05/02/1966","MALE","WHITE"
"SIN KANG","04/27/1995","MALE","ASIAN"
"FELICIA KAPRAK","09/20/1979","FEMALE","WHITE"
"RAYMOND KARR","06/19/1982","MALE","WHITE"
"MATTHEW KARRAS","07/01/1994","MALE","WHITE"
"KYLE KATHMANN","03/14/1995","MALE","WHITE"
"GERALD KEATON","09/02/1995","MALE","BLACK"
"JONATHAN KEATON","09/12/1986","MALE","BLACK"
"MICHAEL KEATON","03/04/1987","MALE","WHITE"
"CHASTITY KEEL","04/08/1985","FEMALE","WHITE"
"CHRISTOPHER KEEL","12/25/1990","MALE","WHITE"
"DAVID KEEL","01/01/1969","MALE","WHITE"
"JAMES KEEL","11/20/1975","MALE","WHITE"
"JOHN KEEL","04/26/1991","MALE","WHITE"
"BRITTANY KEEN","11/18/1992","FEMALE","WHITE"
"DAVID KEENE","09/09/1987","MALE","WHITE"
"RUSTY KEENUM","05/12/1974","MALE","WHITE"
"CALVIN KEETON","05/23/1996","MALE","BLACK"
"RICKY KEETON","09/18/1973","MALE","WHITE"
"WILLIAM KEETON","12/03/1980","MALE","WHITE"
"YOLANDA KEETON","01/16/1987","FEMALE","BLACK"
"GINGER KEGGEREIS","03/31/1982","FEMALE","WHITE"
"JAMES KEGLAR","09/07/1957","MALE","BLACK"
"MICHEAL KEINRATH","11/14/1989","MALE","ASIAN"
"ADAM KEITH","10/06/1978","MALE","WHITE"
"CLARENCE KEITH","09/12/1974","MALE","BLACK"
"CLARENCE KEITH","08/13/1992","MALE","BLACK"
"KRISTIE KEITH","02/23/1969","FEMALE","WHITE"
"TINA KEITH","02/06/1966","FEMALE","WHITE"
"DEMETRIUS KEITHLEY","07/03/1993","MALE","BLACK"
"HELEN KELLAR","03/01/1955","FEMALE","WHITE"
"DOUGLAS KELLER","01/26/1977","MALE","WHITE"
"JASON KELLER","07/14/1979","MALE","WHITE"
"BOOKER KELLEY","05/15/1954","MALE","BLACK"
"DEXTER KELLEY","02/28/1997","MALE","WHITE"
"MARILYN KELLEY","11/25/1973","FEMALE","WHITE"
"RAYMOND KELLEY","10/24/1985","MALE","BLACK"
"ROBERT KELLEY","01/27/1975","MALE","AMERICAN"
"ROY KELLEY","01/30/1979","MALE","WHITE"
"WALTER KELLEY","03/10/1975","MALE","WHITE"
"MARK KELLOGG","04/08/1977","MALE","WHITE"
"CHESTER KELLUM","05/09/1977","MALE","WHITE"
"KRISTOPHER KELLUM","02/05/1982","MALE","WHITE"
"MATTHEW KELLUM","11/11/1988","MALE","WHITE"
"RANDY KELLUM","02/08/1984","MALE","WHITE"
"TIFFANY KELLUM","05/28/1986","FEMALE","WHITE"
"ASA KELLY","09/25/1973","MALE","BLACK"
"CALVIN KELLY","12/12/1993","MALE","BLACK"
"CHRISTOPHER KELLY","10/23/1974","MALE","WHITE"
"DEMARCO KELLY","04/23/1993","MALE","BLACK"
"DEMARCUS KELLY","11/29/1978","MALE","BLACK"
"DEONTA KELLY","08/01/1985","MALE","BLACK"
"DEREK KELLY","03/07/1981","MALE","BLACK"
"EMMA KELLY","03/26/1987","FEMALE","BLACK"
"FREDDIE KELLY","02/01/1967","MALE","BLACK"
"FREDRICK KELLY","08/14/1986","MALE","BLACK"
"GABRIEL KELLY","02/12/1981","MALE","BLACK"
"GEOFFERY KELLY","11/13/1972","MALE","BLACK"
"GREGORY KELLY","07/07/1980","MALE","WHITE"
"IKE KELLY","03/31/1961","MALE","BLACK"
"JAMES KELLY","04/05/1966","MALE","BLACK"
"JAMES KELLY","04/09/1974","MALE","WHITE"
"JAMES KELLY","05/06/1978","MALE","WHITE"
"JEFFERY KELLY","06/13/1980","MALE","WHITE"
"JEREMIAH KELLY","10/25/1987","MALE","BLACK"
"JEROME KELLY","09/01/1966","MALE","BLACK"
"JEROME KELLY","01/11/1964","MALE","BLACK"
"JERRI KELLY","10/09/1980","MALE","BLACK"
"JOHN KELLY","05/04/1981","MALE","WHITE"
"JOHN KELLY","01/19/1987","MALE","WHITE"
"JOSHUA KELLY","11/02/1982","MALE","WHITE"
"JOSHUA KELLY","08/28/1989","MALE","WHITE"
"KASEY KELLY","11/16/1986","MALE","BLACK"
"KELVIN KELLY","03/07/1975","MALE","BLACK"
"KENNETH KELLY","02/07/1960","MALE","BLACK"
"KONESHA KELLY","12/27/1987","FEMALE","BLACK"
"KRISTOPHER KELLY","04/19/1983","MALE","WHITE"
"LARNELL KELLY","06/11/1950","MALE","BLACK"
"MAJOR KELLY","05/31/1997","MALE","BLACK"
"MARIO KELLY","07/19/1988","MALE","BLACK"
"MARION KELLY","12/25/1977","FEMALE","BLACK"
"MARK KELLY","09/25/1987","MALE","WHITE"
"MICHAEL KELLY","03/01/1978","MALE","BLACK"
"MYER KELLY","02/24/1989","MALE","BLACK"
"OREAL KELLY","08/18/1953","MALE","BLACK"
"PATRICK KELLY","09/03/1993","MALE","WHITE"
"RANDY KELLY","03/27/1999","MALE","BLACK"
"RANDY KELLY","11/03/1987","MALE","WHITE"
"THOMAS KELLY","11/27/1953","MALE","WHITE"
"THOMAS KELLY","09/12/1985","MALE","BLACK"
"TRACY KELLY","11/15/1990","MALE","BLACK"
"TRAVIS KELLY","06/03/1989","MALE","BLACK"
"TRENNIS KELLY","10/03/1978","MALE","BLACK"
"TYRELL KELLY","05/16/1992","MALE","BLACK"
"ZACHERY KELLY","03/01/1992","MALE","BLACK"
"BRIAN KEMP","11/26/1970","MALE","WHITE"
"COLAN KEMP","09/16/1987","MALE","WHITE"
"JESSE KEMP","12/22/1986","MALE","WHITE"
"SHANA KEMP","04/20/1995","FEMALE","WHITE"
"WILLIAM KEMP","01/08/1970","MALE","WHITE"
"JAMES KENDALL","11/05/1957","MALE","WHITE"
"JAMES KENDALL","10/01/1987","MALE","WHITE"
"JASON KENDALL","04/04/1980","MALE","WHITE"
"ZACHARY KENDALL","08/09/1990","MALE","WHITE"
"ENRICO KENDLE","11/30/1990","MALE","BLACK"
"BEVERLY KENDRICK","10/18/1957","FEMALE","WHITE"
"CHAD KENDRICK","09/27/1985","MALE","WHITE"
"JAMES KENDRICK","01/31/1987","MALE","WHITE"
"JOVON KENDRICK","08/07/1992","MALE","BLACK"
"STEPHEN KENDRICK","08/04/1983","MALE","WHITE"
"TERRY KENDRICK","08/30/1985","MALE","BLACK"
"ARTHUR KENNARD","09/15/1987","MALE","BLACK"
"ADAM KENNEDY","02/19/1996","MALE","WHITE"
"ANDRE KENNEDY","09/09/1992","MALE","BLACK"
"ARTHUR KENNEDY","01/25/1982","MALE","BLACK"
"BILLY KENNEDY","03/06/1984","MALE","BLACK"
"BRANDI KENNEDY","05/14/1983","FEMALE","WHITE"
"BRIAN KENNEDY","01/20/1980","MALE","WHITE"
"CLARENCE KENNEDY","02/09/1978","MALE","BLACK"
"DAVID KENNEDY","01/27/1993","MALE","WHITE"
"ELROY KENNEDY","05/19/1977","MALE","BLACK"
"ERIC KENNEDY","01/01/1977","MALE","BLACK"
"JAMARO KENNEDY","03/24/1986","MALE","BLACK"
"JAMES KENNEDY","08/30/1974","MALE","WHITE"
"JEFFERY KENNEDY","11/26/1964","MALE","WHITE"
"KAHLIL KENNEDY","07/22/1995","MALE","BLACK"
"KIEFER KENNEDY","04/13/1997","MALE","WHITE"
"LAMAR KENNEDY","06/02/1988","MALE","BLACK"
"LARRY KENNEDY","11/28/1972","MALE","WHITE"
"LATRESE KENNEDY","07/22/1994","FEMALE","BLACK"
"LONNIE KENNEDY","10/06/1960","MALE","BLACK"
"MARCUS KENNEDY","08/19/1987","MALE","BLACK"
"MICHAEL KENNEDY","12/26/1989","MALE","WHITE"
"NEKIDA KENNEDY","02/18/1995","FEMALE","BLACK"
"ROBERT KENNEDY","05/16/1980","MALE","WHITE"
"RYAN KENNEDY","07/15/1981","MALE","BLACK"
"SHANKI KENNEDY","02/20/1983","FEMALE","BLACK"
"THAD KENNEDY","11/15/1972","MALE","WHITE"
"THOMAS KENNEDY","03/26/1988","MALE","WHITE"
"TIMOTHY KENNEDY","09/30/1977","MALE","WHITE"
"WESLEY KENNEDY","08/22/1991","MALE","WHITE"
"DONALD KENNON","05/10/1984","MALE","WHITE"
"TOMMY KENNON","10/24/1986","MALE","WHITE"
"HOWARD KENNY","01/11/1967","MALE","BLACK"
"DWIGHT KENT","08/14/1981","MALE","WHITE"
"KEITH KENT","06/11/1999","MALE","BLACK"
"CHANNING KERN","10/23/1985","MALE","BLACK"
"TERRANCE KERN","08/12/1988","MALE","BLACK"
"THOMAS KERN","12/22/1982","MALE","BLACK"
"REBECCA KERRIGAN","01/04/1990","FEMALE","WHITE"
"KRYSTAL KERSEY","10/23/1987","FEMALE","WHITE"
"DANIEL KERSH","02/09/1984","MALE","BLACK"
"RAPHEL KERSH","10/21/1995","MALE","BLACK"
"ALTON KETTLES","12/14/1981","MALE","BLACK"
"CHRISTOPHER KEY","12/25/1988","MALE","BLACK"
"EUGENE KEY","11/21/1992","MALE","BLACK"
"JOHNNY KEY","04/18/1962","MALE","BLACK"
"BOBBY KEYES","04/04/1972","MALE","BLACK"
"BRUCE KEYES","12/07/1980","MALE","BLACK"
"DAVID KEYES","04/26/1999","MALE","BLACK"
"DAVID KEYES","03/08/1971","MALE","BLACK"
"DEMARION KEYES","07/15/1991","MALE","BLACK"
"DEMOND KEYES","05/30/1997","MALE","BLACK"
"JUAREZ KEYES","06/07/1955","MALE","BLACK"
"KENDRAYLA KEYES","01/17/1989","FEMALE","BLACK"
"LATASHA KEYES","03/23/1987","FEMALE","BLACK"
"NEAL KEYES","05/03/1959","MALE","WHITE"
"RALSTON KEYES","04/19/1984","MALE","BLACK"
"RASE KEYES","12/13/1990","MALE","BLACK"
"TALA KEYES","04/27/1977","MALE","BLACK"
"TONY KEYES","11/12/1986","MALE","BLACK"
"DELBERT KEYS","01/23/1971","MALE","BLACK"
"DESMOND KEYS","09/22/1978","MALE","BLACK"
"FREDRICK KEYS","09/24/1981","MALE","BLACK"
"JIMMIE KEYS","10/28/1980","MALE","BLACK"
"JIMMY KEYS","04/25/1973","MALE","BLACK"
"JOHN KEYS","01/03/1984","MALE","BLACK"
"JOSEPH KEYS","06/16/1960","MALE","BLACK"
"JOSHUA KEYS","07/14/1985","MALE","BLACK"
"JOSHUA KEYS","09/08/1990","MALE","BLACK"
"JUDAS KEYS","01/28/1980","MALE","BLACK"
"KENNETH KEYS","09/21/1964","MALE","WHITE"
"KUREN KEYS","03/17/1988","MALE","BLACK"
"LONNIE KEYS","06/08/1975","MALE","BLACK"
"MICHAEL KEYS","01/30/1996","MALE","BLACK"
"MICHAEL KEYS","08/19/1953","MALE","WHITE"
"MURRY KEYS","02/07/1973","MALE","BLACK"
"STEPHANIE KEYS","12/04/1983","FEMALE","BLACK"
"TRACEY KEYS","08/17/1996","MALE","BLACK"
"WILLIE KEYS","11/04/1980","MALE","BLACK"
"WILLIE KEYS","12/02/1987","MALE","BLACK"
"DIAMOND KIDD","02/12/1993","FEMALE","BLACK"
"JACOB KIDD","02/27/1977","MALE","BLACK"
"JOHN KIDD","10/15/1972","MALE","WHITE"
"TRAQUON KIDD","11/03/1998","MALE","BLACK"
"TRISTAN KIDDY","04/16/1998","MALE","WHITE"
"JULIUS KIKER","04/13/1963","MALE","WHITE"
"DARIUS KILBOURNE","10/29/1994","MALE","BLACK"
"JEFFERY KILGO","01/10/1987","MALE","WHITE"
"KEVIN KILGO","02/14/1991","MALE","WHITE"
"BRIAN KILGORE","03/25/1971","MALE","WHITE"
"GEORGE KILGORE","05/17/1975","MALE","WHITE"
"NATHAN KILLGO","09/08/1991","MALE","WHITE"
"BRUCE KILLGORE","11/16/1973","MALE","WHITE"
"FELICIA KILLINGSWORTH","01/13/1973","FEMALE","BLACK"
"KRISTIAN KILLMER","09/30/1999","MALE","WHITE"
"NATHANIEL KILLOUGH","09/20/1971","MALE","WHITE"
"ANTHONY KILPATRICK","04/24/1963","MALE","WHITE"
"WAYNE KILPATRICK","12/16/1956","MALE","WHITE"
"BARRY KIMBLE","01/18/1968","MALE","WHITE"
"BRANDON KIMBLE","04/28/1995","MALE","WHITE"
"DOUGLAS KIMBLE","08/20/1974","MALE","WHITE"
"ISAIAH KIMBLE","01/11/1998","MALE","BLACK"
"JESSICA KIMBLE","04/17/1997","FEMALE","WHITE"
"JROME KIMBLE","07/10/1999","MALE","BLACK"
"ORLANDA KIMBLE","07/26/1954","MALE","BLACK"
"RICHARD KIMBLE","04/15/1996","MALE","BLACK"
"RICKARIUS KIMBLE","06/26/1994","MALE","BLACK"
"RODERICK KIMBLE","01/23/1996","MALE","BLACK"
"RODNEY KIMBLE","08/29/1993","MALE","BLACK"
"TOMMY KIMBLE","08/09/1963","MALE","BLACK"
"TONY KIMBLE","03/05/1996","MALE","BLACK"
"TYROWONE KIMBLE","04/28/1976","MALE","BLACK"
"ABIGAIL KIMBREL","07/20/1995","FEMALE","WHITE"
"MICHAEL KIMBRELL","05/14/1974","MALE","WHITE"
"DEREK KIMBROUGH","11/21/1998","MALE","WHITE"
"DESMOND KIMBROUGH","02/07/1986","MALE","BLACK"
"MITCHELL KIMBROUGH","08/30/1995","MALE","WHITE"
"SYLVESTER KIMBROUGH","06/03/1979","MALE","BLACK"
"DETRICK KIMMONS","11/19/1995","MALE","BLACK"
"HARRY KIMMONS","09/01/1957","MALE","BLACK"
"UNDRE KIMMONS","09/18/1976","MALE","BLACK"
"CORIE KINABREW","07/27/1995","MALE","WHITE"
"BILLY KINARD","02/17/1977","MALE","BLACK"
"MEGAN KINBERGER","08/09/1990","FEMALE","WHITE"
"DARRIUS KINCAID","03/30/1988","MALE","BLACK"
"JAMES KINCAID","08/17/1997","MALE","BLACK"
"JERRY KINCAID","04/21/1988","MALE","WHITE"
"PHILLIP KINCAID","06/02/1963","MALE","BLACK"
"TODDERICK KINCAIDE","07/16/1996","MALE","BLACK"
"CHRISTOPHER KINCHEN","01/25/1972","MALE","WHITE"
"KENNETH KINCHEN","09/10/1987","MALE","WHITE"
"MICHA KINCHEN","09/18/1988","MALE","WHITE"
"ANTHONY KINDS","08/25/1977","MALE","BLACK"
"MORRIS KINDS","08/27/1988","MALE","BLACK"
"MOSES KINDS","03/16/1993","MALE","BLACK"
"WILLIE KINDS","04/03/1991","MALE","BLACK"
"ANTOINE KING","09/14/1980","MALE","BLACK"
"ARSENIO KING","08/03/1984","MALE","BLACK"
"BILLY KING","11/14/1963","MALE","WHITE"
"BRANDON KING","04/12/1988","MALE","WHITE"
"BRANDON KING","10/19/1987","MALE","WHITE"
"BRANDON KING","10/09/1995","MALE","WHITE"
"BRIAN KING","09/11/1987","MALE","BLACK"
"BRIDGETT KING","03/28/1996","FEMALE","WHITE"
"CEDRIC KING","09/08/1973","MALE","BLACK"
"CHANCE KING","09/03/1997","MALE","WHITE"
"CLIFTON KING","06/06/1975","MALE","BLACK"
"CORDERRIUS KING","10/31/1986","MALE","BLACK"
"CORNELL KING","03/11/1980","MALE","BLACK"
"DARNELL KING","02/14/1990","MALE","BLACK"
"DARRELL KING","11/05/1968","MALE","WHITE"
"DARRON KING","11/03/1968","MALE","BLACK"
"DECORI KING","02/09/1981","MALE","BLACK"
"DEMARCUS KING","09/25/1991","MALE","BLACK"
"DEMAREO KING","09/22/1994","MALE","BLACK"
"DONALD KING","08/28/1980","MALE","BLACK"
"DONNEL KING","10/16/1982","MALE","BLACK"
"DORIAN KING","10/10/1997","MALE","BLACK"
"DOYLE KING","05/30/1974","MALE","WHITE"
"DUSTIN KING","12/23/1990","MALE","BLACK"
"DUSTIN KING","05/17/1988","MALE","WHITE"
"DWAYNE KING","10/26/1999","MALE","BLACK"
"EDDIE KING","12/22/1981","MALE","BLACK"
"EDDIE KING","12/23/1953","MALE","BLACK"
"EDDIE KING","12/20/1981","MALE","BLACK"
"EDDRICK KING","07/09/1981","MALE","BLACK"
"EMMANUEL KING","12/02/1988","MALE","BLACK"
"HENRY KING","11/11/1966","MALE","BLACK"
"JAMARCUS KING","11/22/1994","MALE","BLACK"
"JAMES KING","06/17/1954","MALE","BLACK"
"JAMES KING","12/20/1964","MALE","WHITE"
"JASON KING","11/02/1944","MALE","BLACK"
"JAVIN KING","02/03/1997","MALE","BLACK"
"JAVON KING","04/24/1999","MALE","BLACK"
"JEFFERY KING","04/23/1978","MALE","WHITE"
"JESSE KING","08/28/1988","MALE","BLACK"
"JIMMY KING","12/27/1973","MALE","WHITE"
"JOHN KING","06/27/1987","MALE","WHITE"
"JOHN KING","09/07/1996","MALE","WHITE"
"JONATHAN KING","09/24/1988","MALE","WHITE"
"JOSEPH KING","07/22/1966","MALE","BLACK"
"JOSHUA KING","01/21/1991","MALE","BLACK"
"JOSHUA KING","06/01/1987","MALE","WHITE"
"JOSHUA KING","12/22/1996","MALE","WHITE"
"KEANNA KING","11/21/1988","FEMALE","BLACK"
"KELLY KING","10/23/1978","MALE","BLACK"
"LORENZO KING","08/01/1986","MALE","BLACK"
"MACK KING","06/23/1959","MALE","BLACK"
"MARDARIUS KING","01/26/2000","MALE","BLACK"
"MARTEX KING","12/04/1986","MALE","BLACK"
"MARVIN KING","02/08/1984","MALE","BLACK"
"MATTHEW KING","05/07/1984","MALE","WHITE"
"MELANIE KING","12/04/1987","FEMALE","WHITE"
"NEVADA KING","04/17/1995","MALE","WHITE"
"PARVIS KING","07/01/1979","MALE","BLACK"
"QUINCY KING","07/16/1976","MALE","BLACK"
"REGINALE KING","01/12/1980","MALE","BLACK"
"RHONDA KING","04/06/1966","FEMALE","WHITE"
"RODNEY KING","07/13/1992","MALE","WHITE"
"ROSETTA KING","08/03/1979","FEMALE","BLACK"
"SAMUEL KING","02/14/1971","MALE","BLACK"
"T KING","12/25/1955","MALE","BLACK"
"TRAJAN KING","08/31/1999","MALE","BLACK"
"WILLIAM KING","01/12/1985","MALE","WHITE"
"WILLIAM KING","04/05/1988","MALE","BLACK"
"WOODROW KING","06/29/1967","MALE","BLACK"
"ZACHERY KING","08/31/1999","MALE","BLACK"
"LAVAR KINGDOM","01/27/1989","MALE","BLACK"
"JAMIE KINGS","10/04/1993","MALE","BLACK"
"ZACHARY KINGSTON","10/19/1988","MALE","WHITE"
"TANYATTA KINNEL","08/16/1994","FEMALE","BLACK"
"RICHARD KINNEY","10/05/1971","MALE","WHITE"
"MARTY KINSEY","12/02/1983","MALE","WHITE"
"NEIL KIRCHER","01/20/1977","MALE","WHITE"
"BRYANT KIRK","01/26/1968","MALE","BLACK"
"LADARIUS KIRK","03/06/2001","MALE","BLACK"
"LARRY KIRK","11/28/1957","MALE","BLACK"
"MARCUS KIRK","12/17/1974","MALE","BLACK"
"MARVIN KIRK","04/16/1978","MALE","WHITE"
"SAMUEL KIRK","07/24/1981","MALE","WHITE"
"ALFRED KIRKHAM","07/31/1974","MALE","BLACK"
"ALESHA KIRKLAND","01/03/1985","FEMALE","WHITE"
"CODEY KIRKLAND","08/31/1989","MALE","WHITE"
"JOHN KIRKLAND","09/17/1983","MALE","WHITE"
"KEDAYTON KIRKLAND","05/07/1997","MALE","BLACK"
"LADARIUS KIRKLAND","02/22/1992","MALE","BLACK"
"MARIUS KIRKLAND","12/17/1987","MALE","BLACK"
"ROBERT KIRKLAND","11/09/1977","MALE","BLACK"
"TRAVIS KIRKLAND","01/24/1993","MALE","WHITE"
"STEVEN KIRKLEY","06/19/1978","MALE","WHITE"
"JAMES KIRKWOOD","07/29/1998","MALE","BLACK"
"KENTARIOUS KIRKWOOD","03/16/2001","MALE","BLACK"
"THURMAN KIRKWOOD","02/13/1961","MALE","BLACK"
"TIMITRA KIRSH","10/08/1974","FEMALE","BLACK"
"MARLES KISER","11/08/1979","MALE","BLACK"
"ADAM KISNER","10/11/1971","MALE","WHITE"
"R.L. KITCHENS","12/15/1991","MALE","BLACK"
"SONNY KITCHENS","03/17/1997","MALE","WHITE"
"STEPHEN KITCHENS","07/11/1985","MALE","WHITE"
"JAMES KITTLE","07/28/1980","MALE","ASIAN"
"RONNIE KITTRELL","03/27/1972","MALE","WHITE"
"TRISTIN KIZER","11/06/1988","MALE","BLACK"
"PHILLIP KLAUK","02/19/1974","MALE","WHITE"
"JEFFREY KLECKNER","12/09/1961","MALE","WHITE"
"ROBERT KLEPPINGER","05/21/1980","MALE","WHITE"
"PATRICK KLIS","07/18/1969","MALE","WHITE"
"PHILLIP KNICKEL","10/31/1980","MALE","WHITE"
"AARON KNIGHT","02/21/1978","MALE","WHITE"
"ANDREW KNIGHT","12/24/1975","MALE","BLACK"
"ARCHIE KNIGHT","08/22/1962","MALE","BLACK"
"BERRY KNIGHT","04/11/1966","MALE","WHITE"
"BRETT KNIGHT","05/03/1998","MALE","WHITE"
"BRIAN KNIGHT","01/03/1983","MALE","BLACK"
"BRUCE KNIGHT","07/04/1981","MALE","BLACK"
"CARLNEILOUS KNIGHT","11/25/1988","MALE","BLACK"
"CAROLYN KNIGHT","12/21/1989","FEMALE","WHITE"
"CHRISTI KNIGHT","05/14/1969","FEMALE","WHITE"
"CLINNIS KNIGHT","02/19/1967","MALE","BLACK"
"DANIEL KNIGHT","11/01/1994","MALE","WHITE"
"DERRON KNIGHT","12/06/1978","MALE","BLACK"
"FRANK KNIGHT","11/14/1970","MALE","WHITE"
"JARRELL KNIGHT","03/03/1985","MALE","BLACK"
"JEREMY KNIGHT","08/24/1988","MALE","BLACK"
"JEREMY KNIGHT","12/29/1999","MALE","BLACK"
"JOHN KNIGHT","03/20/1972","MALE","WHITE"
"LARRY KNIGHT","02/11/1980","MALE","WHITE"
"LARRY KNIGHT","12/18/1964","MALE","BLACK"
"MAURICE KNIGHT","12/21/1982","MALE","BLACK"
"MICHAEL KNIGHT","08/24/1978","MALE","WHITE"
"MICHAEL KNIGHT","10/22/1959","MALE","WHITE"
"MICHAEL KNIGHT","09/22/1986","MALE","BLACK"
"NATHAN KNIGHT","01/06/1991","MALE","WHITE"
"NEWTON KNIGHT","05/08/1997","MALE","WHITE"
"SHANE KNIGHT","11/29/1967","MALE","WHITE"
"THOMAS KNIGHT","09/27/1965","MALE","WHITE"
"WILLARD KNIGHT","04/05/1991","MALE","WHITE"
"WILLIE KNIGHT","01/28/1974","MALE","BLACK"
"WILLIE KNIGHT","04/21/1953","MALE","BLACK"
"WILLIE KNIGHT","11/21/1955","MALE","BLACK"
"CARLOS KNOTT","06/27/1980","MALE","BLACK"
"CHARLES KNOTT","04/29/1971","MALE","WHITE"
"EUGENE KNOTTS","01/26/1949","MALE","WHITE"
"JUSTIN KNOTTS","11/15/1983","MALE","WHITE"
"KENNETH KNOTTS","10/06/1987","MALE","WHITE"
"KENYA KNOTTS","08/26/1975","FEMALE","BLACK"
"ANTONIO KNOWLES","01/20/1982","MALE","BLACK"
"AUBREY KNOWLES","05/29/1977","MALE","WHITE"
"CHRISTINA KNOWLES","01/24/1977","FEMALE","WHITE"
"DALE KNOWLES","02/24/1958","MALE","WHITE"
"JAMES KNOWLES","11/23/1980","MALE","WHITE"
"JAMES KNOWLES","05/03/1988","MALE","BLACK"
"JOSEPH KNOWLES","01/22/1962","MALE","WHITE"
"STEVEN KNOWLES","09/11/1982","MALE","WHITE"
"DER-WAN KNOX","12/08/1984","MALE","BLACK"
"KRISTINA KNOX","03/20/1974","FEMALE","WHITE"
"MARLON KNOX","11/13/1976","MALE","BLACK"
"MICHAEL KNOX","08/10/1979","MALE","BLACK"
"ROBERT KNOX","06/19/1964","MALE","BLACK"
"STEVE KNOX","12/24/1967","MALE","BLACK"
"JOHN-JAMES KOCH","10/01/1973","MALE","ASIAN"
"SARA KOCH","01/03/1988","FEMALE","WHITE"
"GEORGE KOEING","11/25/1955","MALE","WHITE"
"JOSEPH KOPCHAK","09/03/1982","MALE","WHITE"
"WINDIE KOPITSKIE","07/02/1969","FEMALE","WHITE"
"GARY KOPSZYWA","10/11/1965","MALE","WHITE"
"JOSEPH KOSTICK","07/23/1964","MALE","WHITE"
"JAMES KOTSAKOS","10/04/1968","MALE","WHITE"
"ANITA KRECIC","05/26/1959","FEMALE","WHITE"
"RODNEY KREMENTZ","02/27/1948","MALE","WHITE"
"CASEY KREYER","03/03/1991","MALE","WHITE"
"CHARLES KUEBLUR","05/06/1984","MALE","WHITE"
"ROBERT KUH","09/07/1981","MALE","WHITE"
"ALLISON KUHN","06/22/1985","FEMALE","WHITE"
"JUSTIN KUNKLE","02/05/1982","MALE","WHITE"
"CAMDEN KURTZ","04/22/1999","MALE","WHITE"
"JENNIFER KURZYNIEC","03/26/1980","FEMALE","WHITE"
"CHRISTOPHER KUTTERHOFF","12/30/1994","MALE","WHITE"
"TERRANCE KUYKENDALL","03/14/1980","MALE","BLACK"
"BRITTNEY KWASINSKI","05/19/1990","FEMALE","WHITE"
"JOHN KWIATKOWSKI","12/29/1990","MALE","WHITE"
"CHRISTOPHER KYLE","04/20/1975","MALE","WHITE"
"CHRISTOPHER KYLE","01/09/1974","MALE","BLACK"
"LONNIE KYLES","03/30/1947","MALE","BLACK"
"MICHEAL KYLES","02/04/1971","MALE","BLACK"
"CHRISTOPHER KYZAR","11/07/1978","MALE","WHITE"
"JAMIE KYZAR","03/05/1993","MALE","BLACK"
"SAMUEL KYZAR","10/12/1978","MALE","WHITE"
