"JAMES LABAT","02/01/1973","MALE","WHITE"
"QUINCY LABAUVE","02/12/1986","MALE","WHITE"
"ERICA LABRUZZA","04/19/1985","FEMALE","BLACK"
"DAVID LACEY","03/11/1995","MALE","BLACK"
"JASON LACEY","09/27/1982","MALE","BLACK"
"TONY LACEY","03/12/1979","MALE","BLACK"
"DELVIN LACKEY","12/23/1976","MALE","BLACK"
"KYLE LACOSTE","07/17/1995","MALE","WHITE"
"A.C. LACY","11/29/1985","MALE","BLACK"
"DERRICK LACY","12/30/1986","MALE","BLACK"
"GEORGIA LACY","09/01/1984","FEMALE","BLACK"
"ADAM LADNER","01/07/1978","MALE","WHITE"
"BRANDON LADNER","05/21/1990","MALE","WHITE"
"CODY LADNER","05/09/1995","MALE","WHITE"
"CURVIS LADNER","12/28/1980","MALE","WHITE"
"DAVID LADNER","06/10/1968","MALE","WHITE"
"DYLAN LADNER","11/29/1994","MALE","WHITE"
"HAROLD LADNER","10/18/1960","MALE","WHITE"
"JACE LADNER","06/30/1988","MALE","BLACK"
"JEFFERY LADNER","01/21/1957","MALE","WHITE"
"JEREMIE LADNER","05/21/1984","MALE","WHITE"
"JOSHUA LADNER","04/15/1987","MALE","WHITE"
"KAYLYN LADNER","01/25/1989","FEMALE","WHITE"
"KENNETH LADNER","09/08/1978","MALE","WHITE"
"MARCUS LADNER","05/28/1992","MALE","WHITE"
"MICHAEL LADNER","10/15/1969","MALE","WHITE"
"PAUL LADNER","01/30/1981","MALE","WHITE"
"SHANNON LADNER","06/18/1976","MALE","WHITE"
"SHAUN LADNER","09/15/1974","MALE","WHITE"
"TERRY LADNER","04/04/1985","MALE","WHITE"
"TY LADNER","02/20/1997","MALE","WHITE"
"BRANDON LADNIER","10/28/1991","MALE","WHITE"
"ROBERT LADNIER","11/29/1954","MALE","WHITE"
"ANTHONY LAFAYETTE","11/17/1978","MALE","BLACK"
"LEAH LAFAYETTE","07/24/1984","FEMALE","BLACK"
"ISLAM LAFFITTE","11/28/1993","MALE","BLACK"
"WADE LAFONT","07/08/1977","MALE","WHITE"
"RANDALL LAFONTAINE","09/01/1992","MALE","WHITE"
"KEP LAFOON","10/03/1963","MALE","WHITE"
"JAMES LAGO","08/03/1990","MALE","WHITE"
"GREGORY LAGRONE","04/10/1972","MALE","WHITE"
"NELSON LAGRONE","04/15/1968","MALE","BLACK"
"STEVE LAIR","10/23/1972","MALE","WHITE"
"JEREMIAH LAIRD","05/20/2000","MALE","BLACK"
"JERRY LAIRD","09/16/1986","MALE","BLACK"
"DONALD LAITSCH","04/04/1952","MALE","WHITE"
"KOREY LAKE","07/04/1993","MALE","BLACK"
"ANTHONY LAMAR","09/06/1960","MALE","WHITE"
"ELGIN LAMAR","11/15/1977","MALE","BLACK"
"MARCO LAMAR","07/24/1975","MALE","BLACK"
"NAKIA LAMAR","05/01/1998","MALE","BLACK"
"DANIEL LAMB","04/14/1990","MALE","BLACK"
"DENNIS LAMB","01/07/1971","MALE","BLACK"
"KAMERON LAMB","10/06/1993","MALE","BLACK"
"TITUS LAMB","11/13/1991","MALE","BLACK"
"WILLIAM LAMB","12/11/1956","MALE","WHITE"
"CODY LAMBERT","05/14/1987","MALE","WHITE"
"CURTIS LAMBERT","07/03/1987","MALE","WHITE"
"JAMES LAMBERT","06/09/1986","MALE","WHITE"
"JAMES LAMBERT","10/21/1983","MALE","WHITE"
"JASON LAMBERT","11/13/1983","MALE","WHITE"
"JONATHAN LAMBERT","09/15/1989","MALE","BLACK"
"KRISTOPHER LAMBERT","07/30/1980","MALE","WHITE"
"MACK LAMBERT","06/22/1950","MALE","WHITE"
"RICHARD LAMBERT","03/05/1978","MALE","WHITE"
"STEPHEN LAMBERT","03/13/1987","MALE","BLACK"
"ALINA LAMEY","11/10/1972","FEMALE","WHITE"
"BRIDGETTE LAMEY","08/07/1960","FEMALE","WHITE"
"SALVADORE LAMONTE","04/11/1961","MALE","WHITE"
"TRAVIS LAMPLEY","08/05/1970","MALE","BLACK"
"ANTHONY LAMPTON","10/13/1977","MALE","BLACK"
"KINGSTON LAMPTON","07/28/1996","MALE","BLACK"
"CHRIS LANCASTER","11/07/1976","MALE","WHITE"
"SEAN LANCASTER","07/07/1987","MALE","WHITE"
"ANDRE LAND","08/18/1996","MALE","BLACK"
"FELICIA LAND","12/18/1990","FEMALE","WHITE"
"PRENTICE LAND","05/19/1988","MALE","WHITE"
"SEAN LAND","10/23/1989","MALE","BLACK"
"SHEILA LAND","10/07/1974","FEMALE","WHITE"
"MALCOM LANDFAIR","03/16/1987","MALE","BLACK"
"ANDY LANDINGHAM","12/24/1981","MALE","BLACK"
"TERRY LANDINGHAM","05/12/1969","MALE","BLACK"
"AARON LANDRUM","10/27/1974","MALE","WHITE"
"JOSHUA LANDRUM","04/09/1984","MALE","WHITE"
"ALEXANDER LANDRY","07/31/1968","MALE","WHITE"
"CHASE LANDSTREET","04/02/1998","MALE","WHITE"
"CARLOS LANE","02/17/1983","MALE","BLACK"
"CLARENCE LANE","05/30/1956","MALE","WHITE"
"DERRICK LANE","12/19/1983","MALE","BLACK"
"JAMES LANE","12/20/1988","MALE","BLACK"
"JASON LANE","10/26/1986","MALE","BLACK"
"JIMMY LANE","06/15/1983","MALE","WHITE"
"THOMAS LANE","06/01/1988","MALE","BLACK"
"MYRICK LANEAUX","06/28/1989","MALE","BLACK"
"HENRY LANERI","12/04/1980","MALE","WHITE"
"KIMBERLY LANEY","05/15/1957","FEMALE","WHITE"
"ANTONIO LANG","04/24/1982","MALE","BLACK"
"AUSTIN LANG","05/25/1997","MALE","BLACK"
"COLE LANG","08/29/1994","MALE","WHITE"
"DARRAN LANG","09/16/1992","MALE","BLACK"
"EULA LANG","09/27/1979","MALE","BLACK"
"MARQUEZ LANG","05/03/2002","MALE","BLACK"
"MICHAEL LANG","03/07/1966","MALE","BLACK"
"NICHOLAS LANG","01/27/1979","MALE","WHITE"
"PATRICK LANG","04/13/1962","MALE","BLACK"
"WILLIE LANG","09/02/1978","MALE","BLACK"
"GRADY LANGDON","03/08/1941","MALE","WHITE"
"HARVEY LANGDON","08/04/1965","MALE","WHITE"
"RANDALL LANGELE","05/21/1963","MALE","WHITE"
"TERESA LANGFORD","03/27/1961","FEMALE","WHITE"
"MARSHAUN LANGHAM","01/02/1996","MALE","BLACK"
"ANTHONY LANGLEY","09/19/1991","MALE","WHITE"
"GARY LANGLEY","10/27/1974","MALE","WHITE"
"JOSEPH LANGLEY","08/10/1975","MALE","WHITE"
"DUDLEY LANGLINAIS","12/20/1978","MALE","WHITE"
"CALVIN LANGSTON","11/17/1976","MALE","BLACK"
"DEANDRE LANGSTON","10/27/1990","MALE","BLACK"
"DERRIS LANGSTON","05/26/1985","MALE","BLACK"
"JOHN LANGSTON","06/04/1969","MALE","WHITE"
"MARLON LANGSTON","09/08/1973","MALE","BLACK"
"RENYKA LANGSTON","08/16/1988","FEMALE","BLACK"
"ARTHUR LANIER","04/20/1957","MALE","BLACK"
"JOE LANIER","10/29/1971","MALE","BLACK"
"JOHNNY LANIER","11/03/1956","MALE","BLACK"
"ORLANDO LANIER","09/02/1982","MALE","BLACK"
"TRAVELL LANIER","08/07/1992","MALE","BLACK"
"WILLIAM LANNING","08/29/1960","MALE","WHITE"
"TONY LANSDELL","03/15/1956","MALE","WHITE"
"KACIE LANTRIP","04/11/1994","FEMALE","WHITE"
"DYLAN LAPEYROUSE","08/13/1996","MALE","WHITE"
"CORDERO LAPHAND","03/05/1988","MALE","BLACK"
"DAMIAN LAPHAND","06/01/1980","MALE","BLACK"
"DAVID LAPHAND","05/05/1983","MALE","BLACK"
"TODRIAN LAPHAND","09/06/1993","MALE","BLACK"
"CURTIS LARK","07/18/1974","MALE","BLACK"
"QUIASHA LARKIN","12/19/1984","FEMALE","BLACK"
"GARY LARKINS","02/19/1962","MALE","BLACK"
"DUSTIN LARRISON","09/27/1995","MALE","WHITE"
"ADRIAN LARRY","03/27/1986","MALE","BLACK"
"CHANNING LARRY","06/15/1990","MALE","BLACK"
"ROY LARRY","11/15/1966","MALE","BLACK"
"TERRELL LARRY","10/14/1980","MALE","BLACK"
"JACK LARSON","08/23/1989","MALE","WHITE"
"LARRY LARUE","07/11/1969","MALE","BLACK"
"JAMES LASHBROOK","12/15/1981","MALE","WHITE"
"ROBERT LASHLEY","05/27/1976","MALE","WHITE"
"DEWELLYN LASLEY","06/26/1964","MALE","BLACK"
"TONY LASSERRE","11/27/1957","MALE","WHITE"
"DONALD LASSITER","03/08/1964","MALE","WHITE"
"MARK LASSITER","05/17/1980","MALE","WHITE"
"LARRY LASTER","05/18/1986","MALE","BLACK"
"SAMUEL LASTER","06/02/1984","MALE","BLACK"
"CHADERICK LATHAM","06/29/1978","MALE","WHITE"
"DALVIN LATHAM","05/15/1994","MALE","BLACK"
"DARIEN LATHAM","05/20/1994","MALE","BLACK"
"EMANUEL LATHAM","03/30/1999","MALE","BLACK"
"LAMONT LATHAM","05/01/1968","MALE","BLACK"
"LAZARICK LATHAM","01/26/1991","MALE","BLACK"
"COREY LATHAN","01/30/1994","MALE","BLACK"
"MALCOLM LATHAN","09/16/1972","MALE","BLACK"
"MALIK LATHON","11/02/1979","MALE","BLACK"
"BRODERICK LATIKER","11/02/1990","MALE","BLACK"
"JEREMY LATIMER","01/06/1984","MALE","WHITE"
"THOMAS LATIMER","06/02/1994","MALE","WHITE"
"PATRICK LATTIMER","11/10/1966","MALE","WHITE"
"HERMAN LATTIMORE","04/03/1958","MALE","BLACK"
"RAY LATTIMORE","12/07/1960","MALE","BLACK"
"TERRY LATTIMORE","05/12/1964","MALE","BLACK"
"DEMETRIUS LAUDERDALE","10/31/1978","MALE","BLACK"
"KERRY LAUDERDALE","11/03/1973","MALE","WHITE"
"CHARLES LAUGHLIN","01/23/1974","MALE","WHITE"
"LEO LAURENT","11/09/1977","MALE","WHITE"
"SHAWN LAVANT","02/15/1989","MALE","BLACK"
"CHRISTOPHER LAW","08/11/1979","MALE","BLACK"
"ERIC LAW","09/05/1980","MALE","WHITE"
"KEENAN LAW","12/22/1997","MALE","BLACK"
"ALVIN LAWRENCE","11/20/1978","MALE","BLACK"
"ANDREW LAWRENCE","05/08/1985","MALE","WHITE"
"BRUCE LAWRENCE","02/25/1965","MALE","BLACK"
"CARL LAWRENCE","01/25/1965","MALE","BLACK"
"CHAD LAWRENCE","11/28/1992","MALE","WHITE"
"CHADWICK LAWRENCE","02/14/1978","MALE","BLACK"
"DANIEL LAWRENCE","12/22/1979","MALE","WHITE"
"DARRELL LAWRENCE","09/15/1965","MALE","BLACK"
"DAVID LAWRENCE","03/02/1979","MALE","WHITE"
"DERRICK LAWRENCE","04/09/1984","MALE","BLACK"
"DONALD LAWRENCE","03/03/1954","MALE","BLACK"
"EMMANUEL LAWRENCE","10/27/1979","MALE","BLACK"
"FREDDIE LAWRENCE","05/28/1989","MALE","BLACK"
"JEFFREY LAWRENCE","12/03/1955","MALE","WHITE"
"JIMMY LAWRENCE","03/23/1968","MALE","BLACK"
"KENDERIS LAWRENCE","11/04/1988","MALE","BLACK"
"LARRY LAWRENCE","09/27/1958","MALE","BLACK"
"RICHARD LAWRENCE","05/31/1989","MALE","WHITE"
"SHANE LAWRENCE","12/11/1993","MALE","WHITE"
"SPENCER LAWRENCE","05/19/1991","MALE","BLACK"
"WADARREN LAWRENCE","12/02/1996","MALE","BLACK"
"WAYNE LAWRENCE","12/10/1989","MALE","BLACK"
"JASON LAWRIMORE","10/02/1980","MALE","WHITE"
"THOMAS LAWRIMORE","02/09/1972","MALE","WHITE"
"CLAY LAWS","04/11/1983","MALE","BLACK"
"PRESTON LAWSHE","01/19/1988","MALE","WHITE"
"ANDREW LAWSON","01/09/1977","MALE","BLACK"
"JAYLAN LAWSON","06/27/1993","MALE","BLACK"
"LATESHA LAWSON","05/29/1982","FEMALE","BLACK"
"MARCUS LAWSON","08/07/1994","MALE","BLACK"
"MICHAEL LAWSON","02/24/1968","MALE","WHITE"
"PATRICK LAWSON","08/06/1983","MALE","BLACK"
"PHILLIP LAWSON","02/07/1977","MALE","WHITE"
"ROOSEVELT LAWSON","11/23/1992","MALE","BLACK"
"TERRANCE LAWSON","03/07/1996","MALE","BLACK"
"THOMAS LAWSON","01/26/1976","MALE","WHITE"
"KENNETH LAY","01/14/1962","MALE","WHITE"
"PIERRE LAY","01/09/1987","MALE","BLACK"
"TONEY LAY","12/30/1992","MALE","BLACK"
"TYLER LAY","10/30/1996","MALE","BLACK"
"WILLIE LAY","03/27/1968","MALE","BLACK"
"LIANA LAYMAN","09/18/1997","FEMALE","WHITE"
"KENNETH LAYNE","12/28/1991","MALE","WHITE"
"GEORGE LAZAR","02/27/1968","MALE","WHITE"
"THONG LE","06/10/1983","MALE","ASIAN"
"JAMES LEACH","10/07/1971","MALE","WHITE"
"JODY LEACH","03/19/1999","MALE","WHITE"
"TYLER LEACH","06/17/1994","MALE","WHITE"
"WELDON LEAGEA","08/20/1965","MALE","BLACK"
"BENNIE LEAHMAN","11/01/1977","MALE","BLACK"
"CHRISTOPHER LEAHMAN","11/27/1979","MALE","BLACK"
"JAMES LEAHMAN","07/26/1990","MALE","BLACK"
"ROBERT LEAHMAN","05/21/1983","MALE","BLACK"
"JUSTIN LEAKE","08/29/1978","MALE","WHITE"
"TONY LEAKS","08/28/1962","MALE","BLACK"
"NOE LEAL","09/19/1972","MALE","SPANISH"
"JAMES LEAMER","12/13/1960","MALE","WHITE"
"JUSTIN LEASE","09/14/1990","MALE","WHITE"
"SCOTT LEAVITT","07/19/1958","MALE","WHITE"
"QUINTOREO LEAVY","04/09/2001","MALE","BLACK"
"ANTHONY LEBLANC","10/16/1969","MALE","WHITE"
"JERRY LEBLANC","07/11/1952","MALE","WHITE"
"CODY LEBO","05/08/1992","MALE","WHITE"
"CAITLIN LEBOEUF","07/21/1986","MALE","WHITE"
"DILLON LEBORGNE","12/28/1994","MALE","BLACK"
"GARRETT LEDBETTER","07/12/1987","MALE","WHITE"
"JIMMY LEDBETTER","10/05/1976","MALE","BLACK"
"RYAN LEDET","07/07/1990","MALE","BLACK"
"RYAN LEDINGHAM","09/13/1986","MALE","WHITE"
"AMBERLY LEDLOW","04/16/1988","FEMALE","WHITE"
"JIMMY LEDLOW","11/02/1966","MALE","WHITE"
"ABDURAL LEE","09/25/1998","MALE","BLACK"
"ARMANDO LEE","12/07/1990","MALE","BLACK"
"BEAU LEE","12/25/1990","MALE","WHITE"
"BILLY LEE","04/19/1960","MALE","BLACK"
"BLAKE LEE","08/13/1992","MALE","WHITE"
"BRANDY LEE","10/06/1979","FEMALE","WHITE"
"CAMERON LEE","08/10/1998","MALE","BLACK"
"CHAMARA LEE","11/14/1984","FEMALE","BLACK"
"CHRISTOPHER LEE","08/06/1972","MALE","BLACK"
"CHRISTOPHER LEE","08/12/1980","MALE","WHITE"
"CHRISTOPHER LEE","02/14/1980","MALE","WHITE"
"CODY LEE","03/30/1997","MALE","WHITE"
"CORNELIOUS LEE","01/31/1998","MALE","BLACK"
"CRAIG LEE","07/20/1990","MALE","WHITE"
"DANNON LEE","05/25/1986","MALE","BLACK"
"DAVID LEE","12/12/1961","MALE","BLACK"
"DAVID LEE","01/29/1968","MALE","BLACK"
"DAVID LEE","09/23/1965","MALE","WHITE"
"DENNIS LEE","09/01/1985","MALE","BLACK"
"DERRICK LEE","07/11/1976","MALE","BLACK"
"DERRICK LEE","09/29/1989","MALE","WHITE"
"DESMON LEE","05/22/1985","MALE","BLACK"
"DMARIO LEE","12/21/1996","MALE","BLACK"
"DUSTIN LEE","02/18/1996","MALE","WHITE"
"EUGENE LEE","01/03/1982","MALE","BLACK"
"IRVING LEE","06/16/1983","MALE","BLACK"
"JAMES LEE","03/14/1995","MALE","WHITE"
"JAMES LEE","02/02/1978","MALE","WHITE"
"JAMIE LEE","09/06/1995","MALE","BLACK"
"JASON LEE","03/05/1970","MALE","WHITE"
"JASON LEE","02/23/1975","MALE","BLACK"
"JEREMY LEE","11/24/1992","MALE","BLACK"
"JESUS LEE","07/09/1971","MALE","BLACK"
"JOHN LEE","01/21/1967","MALE","BLACK"
"JOHN LEE","12/24/1987","MALE","WHITE"
"JOHNNY LEE","11/19/1949","MALE","BLACK"
"JOSEPH LEE","04/08/1985","MALE","WHITE"
"JOSHUA LEE","06/28/1980","MALE","WHITE"
"JUSTIN LEE","12/21/1984","MALE","WHITE"
"JUSTIN LEE","11/14/1992","MALE","BLACK"
"JUSTIN LEE","06/20/1988","MALE","WHITE"
"KAYLA LEE","01/16/1987","FEMALE","WHITE"
"LAKENDRICK LEE","04/16/1989","MALE","BLACK"
"LAKENDRICK LEE","08/26/1983","MALE","BLACK"
"LARRY LEE","11/03/1961","MALE","WHITE"
"LONNIE LEE","02/13/1981","MALE","WHITE"
"LUCAS LEE","03/24/1982","MALE","WHITE"
"MAJOR LEE","09/13/1976","MALE","BLACK"
"MANDY LEE","05/18/1977","FEMALE","WHITE"
"MARDARIUS LEE","11/11/1994","MALE","BLACK"
"MICHAEL LEE","09/18/1963","MALE","WHITE"
"NATHAN LEE","05/11/1963","MALE","BLACK"
"NATHANIEL LEE","05/01/1959","MALE","BLACK"
"PRISCILLA LEE","08/19/1969","FEMALE","BLACK"
"RAVEN LEE","10/08/1988","FEMALE","WHITE"
"ROBERT LEE","01/01/1982","MALE","BLACK"
"ROCKY LEE","09/16/1984","MALE","WHITE"
"RONALD LEE","07/20/1967","MALE","WHITE"
"RONALD LEE","02/28/1992","MALE","BLACK"
"SAM LEE","08/18/1984","MALE","BLACK"
"SAMUEL LEE","09/25/1980","MALE","BLACK"
"STEVEN LEE","10/06/1990","MALE","WHITE"
"TEREZ LEE","08/09/1978","MALE","BLACK"
"TERRANCE LEE","05/17/1994","MALE","BLACK"
"TERRENCE LEE","05/10/1974","MALE","BLACK"
"THOMAS LEE","04/06/1968","MALE","WHITE"
"TIMOTHY LEE","07/19/2000","MALE","BLACK"
"TIMOTHY LEE","02/18/1978","MALE","WHITE"
"TIMOTHY LEE","09/06/1979","MALE","BLACK"
"TRISTAN LEE","02/02/1996","MALE","WHITE"
"TRISTAN LEE","11/19/1998","MALE","BLACK"
"VESSIE LEE","02/09/1962","MALE","WHITE"
"YERO LEE","10/22/1999","MALE","ASIAN"
"ZACHARY LEE","09/18/1994","MALE","BLACK"
"AUNNARAY LEECH","05/30/1985","MALE","BLACK"
"LINDA LEEDOM","10/07/1953","FEMALE","WHITE"
"JOSEPH LEFEBVRE","05/05/1999","MALE","WHITE"
"ERNEST LEFFEW","02/20/1972","MALE","WHITE"
"DONALD LEFFINGWELL","07/23/1969","MALE","WHITE"
"WILLIE LEFLORE","07/01/1951","MALE","WHITE"
"CHARLOTTE LEFTWICH","12/11/1982","FEMALE","WHITE"
"GABRIELLE LEGE","05/16/1988","FEMALE","WHITE"
"ANGELA LEGER","10/08/1971","FEMALE","WHITE"
"RYLAND LEGER","02/12/1992","MALE","WHITE"
"DESHUN LEGGETT","01/08/1993","MALE","BLACK"
"ELWOOD LEGGETT","07/12/1994","MALE","WHITE"
"MICHEAL LEGGETT","12/05/1975","MALE","WHITE"
"TRADONIOUS LEGGETT","09/09/1987","FEMALE","BLACK"
"RICHARD LELEAUX","09/28/1967","MALE","WHITE"
"GERALD LEMING","04/11/1968","MALE","WHITE"
"JACOB LEMING","01/21/1994","MALE","WHITE"
"JUSTIN LEMING","09/02/1992","MALE","WHITE"
"JULIA LEMOINE","04/15/1984","FEMALE","WHITE"
"KENTREZ LEMON","09/01/1996","MALE","BLACK"
"LEVON LEMON","07/13/1983","MALE","BLACK"
"FRED LENARD","04/06/1967","MALE","BLACK"
"MATTHEW LENARD","04/28/1987","MALE","WHITE"
"JUAN LENOIR","05/10/1977","MALE","BLACK"
"LATERRENCE LENOIR","02/21/1989","MALE","BLACK"
"ROBERT LENOIR","09/19/1964","MALE","BLACK"
"RONNIE LENOIR","07/08/1962","MALE","BLACK"
"LEGRANE LENOX","03/11/1970","MALE","BLACK"
"KIPP LENTZ","08/15/1985","MALE","WHITE"
"DVONTE LEONARD","02/13/1995","MALE","BLACK"
"JAMOND LEONARD","11/13/1997","MALE","BLACK"
"KYLE LEONARD","02/19/1997","MALE","WHITE"
"LATASHA LEONARD","09/19/1984","FEMALE","BLACK"
"RICKY LEONARD","10/09/1984","MALE","WHITE"
"STEVIE LEONARD","09/21/1996","MALE","BLACK"
"USHER LEONARD","03/15/1999","MALE","BLACK"
"JAY LEONE","09/29/1967","MALE","WHITE"
"ISOME LEOPARD","04/20/1976","MALE","WHITE"
"COREY LEPARD","04/18/1989","MALE","WHITE"
"ROY LEPARD","12/12/1948","MALE","WHITE"
"DEMARCUS LESHORE","09/16/1991","MALE","BLACK"
"BLAKE LESLIE","07/22/1971","MALE","WHITE"
"BRIAN LESLIE","06/05/1958","MALE","WHITE"
"CURTIS LESLIE","06/15/1988","MALE","BLACK"
"RENE LESSARD","10/06/1961","MALE","WHITE"
"DANNY LESTER","12/21/1978","MALE","WHITE"
"HARVEY LESTER","04/08/1986","MALE","WHITE"
"JERRY LESTER","03/03/1970","MALE","BLACK"
"STEFAN LESTER","09/28/1998","MALE","BLACK"
"ARTHUR LESTRICK","07/30/1979","MALE","BLACK"
"KENDALL LESURE","03/19/1996","MALE","BLACK"
"ANGELA LETCHWORTH","03/24/1981","FEMALE","WHITE"
"ALEXANDER LETT","08/24/1963","MALE","BLACK"
"EDWIN LETT","09/24/1957","MALE","BLACK"
"NATALIE LETT","12/28/1993","FEMALE","BLACK"
"AMBER LETTIERI","03/08/1986","FEMALE","WHITE"
"JOHN LEVERETT","01/03/1996","MALE","WHITE"
"RANDY LEVERETT","01/12/1989","MALE","WHITE"
"ROBERT LEVERSON","06/26/1966","MALE","BLACK"
"EDDIE LEVY","08/16/1998","MALE","BLACK"
"LEDARIUS LEVY","01/09/1994","MALE","BLACK"
"RICKY LEVY","05/26/1972","MALE","BLACK"
"RODERICK LEVY","03/21/1983","MALE","BLACK"
"DESTIN LEWALLEN","09/09/1990","MALE","WHITE"
"PATTY LEWELLEN","07/04/1973","FEMALE","WHITE"
"ANFERNEE LEWIS","04/03/1992","MALE","BLACK"
"ANTONIO LEWIS","12/02/1976","MALE","BLACK"
"ARMOND LEWIS","06/18/1988","MALE","BLACK"
"ASHLEE LEWIS","10/13/1996","FEMALE","BLACK"
"BRANT LEWIS","01/07/1978","MALE","BLACK"
"BRYANT LEWIS","02/21/1967","MALE","BLACK"
"CEMONDRAY LEWIS","06/09/1998","MALE","BLACK"
"CHALLIS LEWIS","02/22/1984","MALE","BLACK"
"CHARLES LEWIS","03/29/1990","MALE","BLACK"
"CHRISTOPHER LEWIS","03/04/1994","MALE","BLACK"
"CHRISTOPHER LEWIS","07/09/1987","MALE","BLACK"
"CLYDE LEWIS","12/29/1986","MALE","BLACK"
"CLYDE LEWIS","01/18/1982","MALE","BLACK"
"CORNELIUS LEWIS","09/24/1987","MALE","BLACK"
"DASWEAN LEWIS","11/07/1996","MALE","BLACK"
"DAVID LEWIS","12/20/1959","MALE","BLACK"
"DAVIE LEWIS","05/10/1968","MALE","BLACK"
"DAVON LEWIS","09/24/1997","MALE","BLACK"
"DAWOND LEWIS","08/02/1987","MALE","BLACK"
"DEAUNTE LEWIS","11/09/1986","MALE","BLACK"
"DEMERREST LEWIS","11/25/1993","MALE","BLACK"
"DERRICK LEWIS","05/30/1979","MALE","BLACK"
"DOMINIQUE LEWIS","12/17/1992","MALE","BLACK"
"DRE LEWIS","12/06/1993","MALE","BLACK"
"EDWARD LEWIS","10/15/1999","MALE","BLACK"
"ERIC LEWIS","07/11/1993","MALE","BLACK"
"ERIK LEWIS","06/11/1981","MALE","BLACK"
"GREGORY LEWIS","01/27/1968","MALE","BLACK"
"GREGORY LEWIS","07/08/1981","MALE","BLACK"
"HARVEY LEWIS","05/03/1966","MALE","BLACK"
"HENRY LEWIS","10/19/1988","MALE","BLACK"
"JACK LEWIS","10/03/1965","MALE","WHITE"
"JAMES LEWIS","12/18/1977","MALE","BLACK"
"JAMES LEWIS","03/21/1978","MALE","BLACK"
"JAMES LEWIS","12/03/1990","MALE","BLACK"
"JAMMON LEWIS","10/15/1992","MALE","BLACK"
"JASMINE LEWIS","11/14/1996","FEMALE","BLACK"
"JATAVIUS LEWIS","04/17/1994","MALE","BLACK"
"JENEATION LEWIS","04/23/1986","MALE","BLACK"
"JEREMY LEWIS","05/18/1986","MALE","BLACK"
"JESSE LEWIS","03/19/1991","MALE","WHITE"
"JIMMY LEWIS","02/17/1974","MALE","WHITE"
"JOHN LEWIS","10/03/1974","MALE","BLACK"
"JOHN LEWIS","10/26/1966","MALE","BLACK"
"JOHN LEWIS","12/26/1976","MALE","BLACK"
"JOHNNY LEWIS","01/06/1959","MALE","BLACK"
"JORDAN LEWIS","02/10/1994","MALE","WHITE"
"JOREANNA LEWIS","08/22/1985","FEMALE","BLACK"
"JOSHUA LEWIS","11/17/1993","MALE","BLACK"
"KARICUS LEWIS","11/16/1993","MALE","BLACK"
"KELVIN LEWIS","12/19/1993","MALE","BLACK"
"KEVIN LEWIS","09/11/1984","MALE","BLACK"
"LAMARCUS LEWIS","10/21/1983","MALE","BLACK"
"LAMONT LEWIS","03/05/1980","MALE","BLACK"
"LAQUINTA LEWIS","10/13/1984","MALE","BLACK"
"LARRY LEWIS","10/18/1961","MALE","BLACK"
"LARRY LEWIS","09/24/1961","MALE","WHITE"
"LARRY LEWIS","08/09/1963","MALE","BLACK"
"LARRY LEWIS","11/01/1983","MALE","BLACK"
"LAWRENCE LEWIS","02/12/1954","MALE","BLACK"
"MALACHI LEWIS","03/22/1943","MALE","BLACK"
"MARC LEWIS","08/09/1990","MALE","BLACK"
"MARCUS LEWIS","08/18/1985","MALE","BLACK"
"MARGARET LEWIS","08/31/1967","FEMALE","WHITE"
"MARTIKUS LEWIS","11/14/1998","MALE","BLACK"
"MARY LEWIS","05/10/1960","FEMALE","BLACK"
"MICHAEL LEWIS","09/06/1981","MALE","BLACK"
"MICHAEL LEWIS","05/03/1961","MALE","BLACK"
"MICHAEL LEWIS","07/13/1991","MALE","WHITE"
"MICHAEL LEWIS","04/24/1995","MALE","BLACK"
"MYRON LEWIS","08/08/1954","MALE","WHITE"
"NETTIE LEWIS","10/18/1991","FEMALE","BLACK"
"NICHOLAS LEWIS","02/19/1982","MALE","BLACK"
"OREN LEWIS","10/24/1982","MALE","BLACK"
"PETER LEWIS","07/15/1962","MALE","BLACK"
"RANNELL LEWIS","02/16/1958","MALE","BLACK"
"REGINALD LEWIS","02/25/1977","MALE","BLACK"
"RICHARD LEWIS","05/12/1990","MALE","BLACK"
"ROBERT LEWIS","07/03/1975","MALE","BLACK"
"ROBERT LEWIS","11/20/1988","MALE","BLACK"
"ROCKY LEWIS","08/01/1980","MALE","BLACK"
"RODERICK LEWIS","12/27/1981","MALE","BLACK"
"RODRICK LEWIS","05/28/1986","MALE","BLACK"
"ROSS LEWIS","04/04/1988","MALE","BLACK"
"RYAN LEWIS","01/01/1991","MALE","WHITE"
"SHALAE LEWIS","07/03/1984","FEMALE","BLACK"
"SHAUN LEWIS","05/02/1993","MALE","BLACK"
"STACEY LEWIS","10/01/1981","MALE","BLACK"
"STEVEN LEWIS","07/28/1974","MALE","WHITE"
"SYLVESTER LEWIS","08/31/1989","MALE","BLACK"
"TAUREAN LEWIS","04/27/1983","MALE","BLACK"
"TERQUARIN LEWIS","10/07/1991","MALE","BLACK"
"THOMAS LEWIS","01/29/1991","MALE","BLACK"
"TIMOTHY LEWIS","07/28/1997","MALE","BLACK"
"TIMOTHY LEWIS","05/03/1982","MALE","BLACK"
"TOMMY LEWIS","10/13/1975","MALE","BLACK"
"VINCENT LEWIS","04/06/1984","MALE","BLACK"
"WALTER LEWIS","03/27/1982","MALE","BLACK"
"WALTER LEWIS","08/13/1987","MALE","WHITE"
"WAYLON LEWIS","04/16/1988","MALE","WHITE"
"WAYNE LEWIS","03/14/1992","MALE","BLACK"
"WILLIE LEWIS","06/19/1967","MALE","BLACK"
"ZANDI LEWIS","05/08/1983","MALE","BLACK"
"MARK LEWISON","02/04/1988","MALE","WHITE"
"ERIK LEYVA","03/22/1985","MALE","SPANISH"
"FRANKIE LIAS","02/18/1954","MALE","BLACK"
"ANTONIO LIDDELL","11/28/1980","MALE","BLACK"
"ANTWAINE LIDDELL","03/14/1985","MALE","BLACK"
"JOHN LIDDELL","09/13/1969","MALE","BLACK"
"RAY LIDDELL","08/28/1984","MALE","BLACK"
"ROBERT LIDDELL","08/02/1965","MALE","BLACK"
"TIMOTHY LIDDELL","12/16/1994","MALE","BLACK"
"TRAVIS LIDDELL","12/21/1979","MALE","BLACK"
"DAN LIDY","01/09/1943","MALE","BLACK"
"KEVIN LIENHARDT","07/30/1984","MALE","WHITE"
"ADONUS LIGGINS","09/11/1991","MALE","BLACK"
"RONALD LIGGINS","05/17/1975","MALE","BLACK"
"ROY LIGGINS","12/26/1968","MALE","BLACK"
"LARRY LIGHT","10/02/1978","MALE","WHITE"
"JOSEPH LIGHTFOOT","05/21/1972","MALE","BLACK"
"BILLY LIGHTING","02/06/1995","MALE","BLACK"
"BILLY LIGHTNER","01/01/1986","MALE","BLACK"
"DALTON LIGHTSEY","02/06/1994","MALE","WHITE"
"DAVID LILES","09/02/1971","MALE","WHITE"
"SCOTTIE LILES","08/15/1973","MALE","WHITE"
"MICHAEL LILLIE","04/28/1974","MALE","BLACK"
"CARL LILLY","01/02/1970","MALE","AMERICAN"
"JOSHUA LILLY","06/13/1981","MALE","WHITE"
"PEDRO LIMA","06/27/1987","MALE","SPANISH"
"JOSE LIMON","07/04/1979","MALE","SPANISH"
"BLAKE LINCOLN","10/01/1995","MALE","WHITE"
"MICHAEL LINDER","09/25/1961","MALE","WHITE"
"MEGAN LINDGREEN","07/17/1990","FEMALE","WHITE"
"KENNY LINDLEY","08/06/1994","MALE","WHITE"
"WILLIAM LINDLEY","03/10/1991","MALE","WHITE"
"CHARLES LINDSEY","05/02/1966","MALE","BLACK"
"HENRY LINDSEY","03/24/1988","MALE","BLACK"
"HOWARD LINDSEY","07/06/1959","MALE","BLACK"
"JAMES LINDSEY","02/13/1959","MALE","WHITE"
"JASON LINDSEY","08/22/1983","MALE","WHITE"
"JOSHUA LINDSEY","03/15/1993","MALE","BLACK"
"JOSHUA LINDSEY","10/31/1981","MALE","WHITE"
"KENJI LINDSEY","02/03/1991","MALE","BLACK"
"LATERANCE LINDSEY","08/13/1997","MALE","BLACK"
"MARK LINDSEY","07/08/1963","MALE","WHITE"
"MARQUETSHA LINDSEY","12/05/1990","FEMALE","BLACK"
"MARQUEZ LINDSEY","08/09/1997","MALE","BLACK"
"MATTHEW LINDSEY","02/18/1994","MALE","BLACK"
"ROBERT LINDSEY","03/07/1972","MALE","BLACK"
"RUSTY LINDSEY","04/04/1985","MALE","WHITE"
"SELINDA LINDSEY","10/10/1992","FEMALE","BLACK"
"TIMOTHY LINDSEY","02/18/1987","MALE","WHITE"
"TRAVIS LINDSEY","01/19/1988","MALE","BLACK"
"TRISHA LINDSEY","12/29/1981","FEMALE","BLACK"
"MARCUS LINKER","11/30/1990","MALE","WHITE"
"PRESTON LINN","04/21/1973","MALE","BLACK"
"GREGORY LINSON","05/29/1974","MALE","BLACK"
"TYREL LINSON","09/18/2000","MALE","BLACK"
"TERRENCE LINSTON","03/12/1993","MALE","BLACK"
"MATTHEW LINTON","11/29/1986","MALE","WHITE"
"STEVEN LINVILLE","07/10/1986","MALE","WHITE"
"KENNY LIPFORD","04/20/1980","MALE","BLACK"
"MICHAEL LIPPERT","12/07/1985","MALE","WHITE"
"CHARLES LIPSCOMB","10/01/1980","MALE","WHITE"
"CHRISTOPHER LIPSCOMB","04/26/1983","MALE","WHITE"
"CURTIS LIPSEY","11/06/1980","MALE","BLACK"
"DEXTER LIPSEY","07/28/1970","MALE","BLACK"
"OSCAR LIPSEY","12/24/1984","MALE","BLACK"
"SAMANDA LISTENBEE","08/17/1988","FEMALE","BLACK"
"EDWARD LISTON","11/13/1995","MALE","WHITE"
"CHRISTOPHER LITTLE","08/23/1976","MALE","BLACK"
"DERRICK LITTLE","02/18/1978","MALE","BLACK"
"JOHN LITTLE","08/17/1992","MALE","BLACK"
"MARLON LITTLE","04/25/1974","MALE","BLACK"
"PHILLIP LITTLE","06/03/1999","MALE","BLACK"
"WILLIAM LITTLE","05/29/1987","MALE","WHITE"
"XAVIER LITTLE","11/22/1992","MALE","BLACK"
"MICHAEL LITTLEJOHN","01/02/1976","MALE","BLACK"
"APRIL LITTLETON","04/04/1987","FEMALE","BLACK"
"RANDY LITTLETON","09/24/1994","MALE","BLACK"
"JONATHAN LITTRELL","08/09/1989","MALE","WHITE"
"ALEXANDER LIVELY","04/10/1995","MALE","WHITE"
"JONATHAN LIVELY","11/16/1989","MALE","WHITE"
"CHRISTOPHER LIVINGSTON","03/25/1992","MALE","WHITE"
"TRAVIS LIVINGSTON","01/28/1963","MALE","WHITE"
"ROBERT LIZANA","09/16/1982","MALE","WHITE"
"BRAXTON LLOYD","06/12/1993","MALE","BLACK"
"DERRICK LLOYD","08/29/2000","MALE","BLACK"
"EARNEST LLOYD","06/14/1981","MALE","BLACK"
"JABROSKI LLOYD","12/03/1991","MALE","BLACK"
"JOHNATHAN LLOYD","02/21/1989","MALE","BLACK"
"JUSTIN LLOYD","02/24/1994","MALE","BLACK"
"KEVIN LLOYD","10/14/1986","MALE","BLACK"
"MICHAEL LLOYD","05/04/1962","MALE","BLACK"
"RALPH LLOYD","02/20/1996","MALE","BLACK"
"TERRANCE LLOYD","01/26/1993","MALE","BLACK"
"ANTHONY LOAGUE","02/28/1984","MALE","WHITE"
"CARL LOCKETT","01/15/1965","MALE","BLACK"
"DENTAVIOUS LOCKETT","07/13/1996","MALE","BLACK"
"DONNA LOCKETT","11/08/1964","FEMALE","BLACK"
"CHERIE LOCKHART","12/07/1967","FEMALE","WHITE"
"CHRISTOPHER LOCKHART","02/25/1993","MALE","BLACK"
"DAVID LOCKHART","09/07/1949","MALE","BLACK"
"MICHAEL LOCKHART","07/03/2000","MALE","BLACK"
"MICHAEL LOCKLEY","12/19/1976","MALE","WHITE"
"TIMOTHY LOCKLEY","06/27/1983","MALE","WHITE"
"DESHAUN LOCKWOOD","08/10/1993","MALE","BLACK"
"JARVIS LOCUS","04/21/1994","MALE","BLACK"
"THOMAS LODEN","08/16/1964","MALE","WHITE"
"TIMOTHY LODEN","08/05/1966","MALE","WHITE"
"CHRISTOPHER LOEPKE","09/23/1981","MALE","WHITE"
"ANTHONY LOEWENSTEIN","09/16/1985","MALE","WHITE"
"BERNALDO LOFTIN","08/03/1973","MALE","BLACK"
"JAMI LOFTIN","08/31/1987","FEMALE","WHITE"
"JOSHUA LOFTIN","07/22/1980","MALE","WHITE"
"CHARLES LOFTON","04/29/1982","MALE","BLACK"
"CHRISTOPHER LOFTON","06/27/1992","MALE","BLACK"
"DONALD LOFTON","03/16/1970","MALE","WHITE"
"GERRY LOFTON","08/14/1958","MALE","BLACK"
"GREGORY LOFTON","08/15/1968","MALE","WHITE"
"JOHN LOFTON","06/10/1955","MALE","BLACK"
"JOSHUA LOFTON","03/04/1991","MALE","BLACK"
"LASHAWN LOFTON","12/01/1980","MALE","BLACK"
"LEROY LOFTON","09/14/1955","MALE","BLACK"
"NATHAN LOFTON","08/16/1978","MALE","WHITE"
"PATRICK LOFTON","04/18/1971","MALE","WHITE"
"RALPH LOFTON","12/08/1957","MALE","BLACK"
"RICHARD LOFTON","01/03/1999","MALE","BLACK"
"TYEASE LOFTON","08/06/1997","MALE","BLACK"
"ANDREW LOGAN","02/07/1967","MALE","BLACK"
"ANTHONY LOGAN","07/27/2000","MALE","BLACK"
"CARL LOGAN","07/02/1975","MALE","WHITE"
"CHRISTOPHER LOGAN","07/29/1983","MALE","BLACK"
"CORNILL LOGAN","08/08/1984","MALE","BLACK"
"COURTNEY LOGAN","08/01/1983","MALE","BLACK"
"ERIC LOGAN","08/28/1980","MALE","BLACK"
"GLORIA LOGAN","06/25/1958","FEMALE","BLACK"
"JAMES LOGAN","09/12/1957","MALE","WHITE"
"TUCKER LOGAN","12/22/1985","MALE","WHITE"
"WILLIAM LOGAN","09/13/1971","MALE","BLACK"
"MARVIN LOGGINS","11/23/1970","MALE","BLACK"
"RODNEY LOGGINS","01/30/1989","MALE","WHITE"
"DAVID LOMAS","01/11/1963","MALE","WHITE"
"GEORGE LOMAX","12/03/1972","MALE","BLACK"
"JIMMIE LOMAX","10/07/1984","MALE","BLACK"
"JUSTIN LOMAX","12/01/1989","MALE","BLACK"
"MARIO LOMAX","03/14/1979","MALE","BLACK"
"ORLANDO LOMAX","04/09/1972","MALE","BLACK"
"SAMMIE LOMAX","09/20/1991","MALE","BLACK"
"JASON LONDON","11/13/1988","MALE","BLACK"
"TERRANCE LONDON","05/20/1984","MALE","BLACK"
"CHARLES LONG","10/12/1978","MALE","BLACK"
"CORNEILLUS LONG","03/28/1991","MALE","BLACK"
"CRYSTAL LONG","08/21/1978","FEMALE","WHITE"
"DARRELL LONG","01/11/1993","MALE","WHITE"
"EARNEST LONG","04/14/2000","MALE","BLACK"
"GARY LONG","07/06/1985","MALE","WHITE"
"IVAN LONG","03/28/1968","MALE","WHITE"
"JAMES LONG","02/04/1986","MALE","WHITE"
"JIMMY LONG","08/30/1969","MALE","WHITE"
"JUSTIN LONG","09/11/1980","MALE","WHITE"
"LANDON LONG","08/17/1978","MALE","WHITE"
"MICHAEL LONG","01/07/1969","MALE","WHITE"
"MICHELLE LONG","03/29/1985","FEMALE","WHITE"
"RICHARD LONG","04/11/1957","MALE","WHITE"
"RICKY LONG","06/02/1974","MALE","BLACK"
"RODERICK LONG","09/20/1970","MALE","BLACK"
"DERRICK LONGINO","05/17/1982","MALE","BLACK"
"JUSTIN LONGINO","03/27/1990","MALE","BLACK"
"STEVEN LONGINO","12/15/1985","MALE","BLACK"
"DERRICK LONGSTREET","02/05/1980","MALE","BLACK"
"TONY LONGSTREET","09/17/1982","MALE","BLACK"
"RANDY LOONEY","11/03/1982","MALE","WHITE"
"SHANNON LOONEY","04/29/1975","MALE","WHITE"
"LES LOOPER","10/07/1969","MALE","WHITE"
"ANGELO LOPER","02/16/1998","MALE","BLACK"
"BRADLEY LOPER","04/19/1999","MALE","WHITE"
"CHRISTOPHER LOPER","08/09/1981","MALE","WHITE"
"CLARA LOPER","07/16/1970","FEMALE","WHITE"
"REKETA LOPER","11/08/1977","FEMALE","BLACK"
"WENDY LOPER","05/05/1973","FEMALE","WHITE"
"GUSTAVO LOPEZ","04/18/1970","MALE","SPANISH"
"MONICO LOPEZ","07/28/1988","MALE","SPANISH"
"HOYT LOPOSSER","08/06/1991","MALE","WHITE"
"CASSANDRA LOPRESTO","09/11/1991","FEMALE","WHITE"
"CODY LOREN","11/09/1990","MALE","WHITE"
"MICHAEL LOSSETT","03/11/1977","MALE","WHITE"
"CARVER LOTT","12/28/1978","MALE","WHITE"
"DAVID LOTT","09/30/1995","MALE","BLACK"
"DEXTER LOTT","03/01/1955","MALE","BLACK"
"ERIC LOTT","10/24/1980","MALE","BLACK"
"HENRY LOTT","02/17/1924","MALE","WHITE"
"JAMES LOTT","11/27/1985","MALE","BLACK"
"JESSIE LOTT","11/04/1959","MALE","BLACK"
"LINN LOTT","04/02/1973","MALE","WHITE"
"MICKAH LOTT","12/04/1980","MALE","WHITE"
"RICKY LOTT","03/16/1968","MALE","BLACK"
"RILEY LOTT","03/14/1988","MALE","BLACK"
"ROBERT LOTT","10/22/1968","MALE","WHITE"
"TASHUN LOTT","07/23/1999","MALE","BLACK"
"THOMAS LOTT","07/03/1955","MALE","WHITE"
"TIMOTHY LOTT","01/18/1990","MALE","WHITE"
"TIMOTHY LOTT","03/20/1973","MALE","WHITE"
"TROY LOTT","05/28/1967","MALE","BLACK"
"KEVIN LOTTS","03/03/1975","MALE","BLACK"
"MARK LOUGE","04/25/1981","MALE","WHITE"
"SHAWN LOUGE","09/14/1987","MALE","WHITE"
"DANNIE LOUIS","12/18/1990","MALE","BLACK"
"WILLIE LOUIS","01/28/2001","MALE","BLACK"
"RONALD LOUVIERE","03/29/1972","MALE","WHITE"
"ANTHONY LOVE","07/25/1994","MALE","BLACK"
"ANTONIO LOVE","09/28/1983","MALE","BLACK"
"BARRY LOVE","12/16/1984","MALE","BLACK"
"CHRISTOPHER LOVE","12/22/1989","MALE","BLACK"
"DEVIN LOVE","01/12/1984","MALE","BLACK"
"EARNEST LOVE","07/25/1965","MALE","BLACK"
"ERIC LOVE","03/25/1975","MALE","BLACK"
"FREDDIE LOVE","02/19/1956","MALE","BLACK"
"GERRY LOVE","09/26/1985","MALE","BLACK"
"JAMES LOVE","06/01/1987","MALE","WHITE"
"JEFFERY LOVE","07/02/1995","MALE","BLACK"
"MALCOLM LOVE","06/28/1986","MALE","BLACK"
"MATTHEW LOVE","08/09/1965","MALE","BLACK"
"MAURICE LOVE","08/24/1970","MALE","BLACK"
"PETER LOVE","12/04/1989","MALE","BLACK"
"RICHARD LOVE","11/20/1959","MALE","BLACK"
"ROBERT LOVE","01/22/1987","MALE","BLACK"
"STEVEN LOVE","10/18/1981","MALE","BLACK"
"STEVEN LOVE","09/15/1982","MALE","WHITE"
"TRACY LOVE","06/30/1969","MALE","BLACK"
"WILLIAM LOVE","03/18/1964","MALE","WHITE"
"WILLIE LOVE","07/31/1990","MALE","BLACK"
"DOYLE LOVEJOY","01/21/1945","MALE","WHITE"
"JOSEPH LOVELESS","08/15/1992","MALE","WHITE"
"JACK LOVELL","07/05/1962","MALE","WHITE"
"JEREMY LOVELL","11/19/1978","MALE","WHITE"
"CLARENCE LOVETT","11/17/1964","MALE","WHITE"
"KELVIN LOVETT","08/14/1997","MALE","BLACK"
"MICHAEL LOVETT","09/26/1970","MALE","BLACK"
"REBECCA LOVETT","05/05/1988","FEMALE","WHITE"
"ROSE LOVETT","04/05/1997","FEMALE","WHITE"
"CHRISTOPHER LOVORN","10/23/1969","MALE","WHITE"
"ANDREA LOWE","08/07/1995","FEMALE","BLACK"
"CLARENCE LOWE","10/27/1960","MALE","BLACK"
"JAMES LOWE","05/29/1979","MALE","WHITE"
"JERMAINE LOWE","06/01/1987","MALE","BLACK"
"JOHN LOWE","12/01/1970","MALE","WHITE"
"JOHN LOWE","12/12/1995","MALE","BLACK"
"LADARRIUS LOWE","01/06/1996","MALE","BLACK"
"LEROY LOWE","12/20/1958","MALE","WHITE"
"MELTON LOWE","01/19/1994","MALE","BLACK"
"DONTE LOWE-SMITH","03/26/1995","MALE","BLACK"
"ANGEL LOWERY","12/24/1970","FEMALE","WHITE"
"DEVONTA LOWERY","10/19/1990","MALE","BLACK"
"JAMES LOWERY","11/16/1984","MALE","WHITE"
"JESSICA LOWERY","02/14/1985","FEMALE","WHITE"
"JONATHAN LOWERY","12/08/1981","MALE","WHITE"
"MICHAEL LOWERY","09/02/1986","MALE","BLACK"
"ROLAND LOWERY","12/10/1978","MALE","WHITE"
"WALTER LOWERY","01/01/1965","MALE","BLACK"
"WILLIAM LOWERY","08/17/1975","MALE","WHITE"
"MICHAEL LOWRANCE","10/29/1974","MALE","WHITE"
"JEREMY LOWTHER","07/08/1977","MALE","WHITE"
"LONA LOYD","11/05/1980","FEMALE","WHITE"
"DELANCEY LUCAS","06/07/1990","MALE","BLACK"
"JAMES LUCAS","09/25/1966","MALE","BLACK"
"KYRICE LUCAS","11/26/1990","MALE","BLACK"
"MASON LUCAS","12/23/1989","MALE","WHITE"
"RUSSELL LUCAS","06/02/1963","MALE","BLACK"
"TYSHUN LUCAS","08/30/1993","MALE","BLACK"
"WALTER LUCAS","06/28/1943","MALE","WHITE"
"WALTER LUCAS","03/16/1960","MALE","BLACK"
"TAWNIE LUCERO","06/05/1982","FEMALE","WHITE"
"TYQUAN LUCIOUS","03/23/1992","MALE","BLACK"
"ALVIN LUCKETT","12/14/1963","MALE","BLACK"
"ANDRE LUCKETT","09/17/1968","MALE","BLACK"
"DERRICK LUCKETT","01/29/1997","MALE","BLACK"
"EMMANUEL LUCKETT","10/17/1994","MALE","BLACK"
"ERICK LUCKETT","04/28/1998","MALE","BLACK"
"LADONTE LUCKETT","08/31/1990","MALE","BLACK"
"MARCUS LUCKETT","04/25/1982","MALE","BLACK"
"NICHOLAS LUCKETT","03/23/1986","MALE","BLACK"
"REGINALD LUCKETT","04/16/1987","MALE","BLACK"
"SAMUEL LUCKETT","06/20/1977","MALE","BLACK"
"VIRGIL LUCKETT","05/28/1992","MALE","BLACK"
"WALLACE LUCKETT","12/19/1987","MALE","BLACK"
"JAIME LUCKY","05/27/1981","FEMALE","WHITE"
"MICHAEL LUCKY","02/02/1976","MALE","WHITE"
"ROBERT LUDGOOD","11/24/1962","MALE","BLACK"
"JERMANE LUELLEN","10/27/1996","MALE","BLACK"
"JASON LUKE","12/21/1982","MALE","WHITE"
"RANDY LUKE","03/19/1993","MALE","WHITE"
"ROY LUKE","04/25/1970","MALE","WHITE"
"SAMUEL LUKE","12/08/1966","MALE","WHITE"
"TONY LUKE","11/20/1972","MALE","WHITE"
"CHRISTOPHER LUKER","08/08/1990","MALE","WHITE"
"JAMES LUKES","05/17/1951","MALE","BLACK"
"MAURICE LULL","11/26/1990","MALE","BLACK"
"HELEN LUMAS","12/14/1964","FEMALE","BLACK"
"JAMES LUMPKIN","05/05/1962","MALE","BLACK"
"JESSIE LUMPKIN","02/22/1993","MALE","BLACK"
"ROBERT LUNDIN","07/26/1968","MALE","WHITE"
"HERMAN LUNSFORD","07/21/1951","MALE","WHITE"
"NATHEAN LUNZ","02/18/2000","MALE","BLACK"
"LAKELCIA LUSK","12/31/2000","FEMALE","BLACK"
"RICHARD LUSS","01/03/1986","MALE","BLACK"
"BILL LUSTER","04/20/1973","MALE","BLACK"
"JAMES LUSTER","11/24/1990","MALE","BLACK"
"MALIK LUSTER","01/08/2000","MALE","BLACK"
"ONTARIOUS LUSTER","10/26/1990","MALE","BLACK"
"SAMUEL LUSTER","08/31/1989","MALE","BLACK"
"STANLEY LUSTER","10/01/1960","MALE","BLACK"
"TONY LUSTER","01/13/1987","MALE","BLACK"
"MICKEY LUTER","03/29/1957","MALE","WHITE"
"NICHOLAS LUTER","11/14/1992","MALE","BLACK"
"JOSEPH LUTTRELL","12/02/1964","MALE","WHITE"
"MARVIN LUTTRELL","01/01/1974","MALE","WHITE"
"DUSTY LUTTS","04/07/1986","MALE","WHITE"
"DERRICK LUVENE","01/25/1999","MALE","BLACK"
"LORENZO LUVENE","03/27/1985","MALE","BLACK"
"NICHOLAS LYDIE","01/06/1995","MALE","BLACK"
"JUSTIN LYLE","05/18/1998","MALE","WHITE"
"PHILLIP LYLE","03/05/1975","MALE","WHITE"
"TARA LYLE","11/25/1968","FEMALE","BLACK"
"CORY LYLES","12/15/1983","MALE","BLACK"
"DANNY LYLES","05/02/1969","MALE","WHITE"
"JAMES LYLES","09/15/1982","MALE","BLACK"
"JERRY LYLES","01/23/1987","MALE","BLACK"
"QUINLIN LYLES","01/16/1989","MALE","BLACK"
"SCOTTY LYLES","12/02/1966","MALE","BLACK"
"AARON LYNCH","05/15/1968","MALE","BLACK"
"CASSADY LYNCH","03/01/1989","FEMALE","WHITE"
"CYNTHIA LYNCH","04/19/1961","FEMALE","WHITE"
"DAVID LYNCH","03/13/1976","MALE","BLACK"
"ERRICK LYNCH","09/05/1975","MALE","WHITE"
"LEROY LYNCH","03/31/1976","MALE","BLACK"
"MICKIE LYNCH","06/11/1989","FEMALE","WHITE"
"BRIGITTE LYNCHARD","03/20/1970","FEMALE","WHITE"
"DOMINICK LYND","02/02/1985","MALE","WHITE"
"JACKLYN LYND","12/17/1962","FEMALE","WHITE"
"TODD LYON","03/05/1974","MALE","WHITE"
"AARON LYONS","05/06/1981","MALE","BLACK"
"ANTOINE LYONS","04/12/1976","MALE","BLACK"
"BRANDON LYONS","07/31/1994","MALE","WHITE"
"COZELL LYONS","10/23/1964","MALE","BLACK"
"DEVONTA LYONS","08/02/1995","MALE","BLACK"
"DONALD LYONS","11/25/1980","MALE","WHITE"
"DONYEA LYONS","05/30/1996","MALE","BLACK"
"HENRY LYONS","01/05/1955","MALE","BLACK"
"JIMMY LYONS","05/17/1985","MALE","BLACK"
"JOSEPH LYONS","05/02/1993","MALE","BLACK"
"KEAVY LYONS","10/31/1996","MALE","BLACK"
"KENNEDY LYONS","11/13/2000","MALE","BLACK"
"MARIUS LYONS","08/24/1984","MALE","BLACK"
"QUARTEZ LYONS","09/12/1990","MALE","BLACK"
"RODRIQUEZ LYONS","01/28/1993","MALE","BLACK"
"STEVEN LYONS","07/11/1992","MALE","BLACK"
"TERRY LYONS","09/07/1977","MALE","BLACK"
"TYRONE LYONS","09/01/1973","MALE","BLACK"
"YARDLEY LYONS","12/17/1987","MALE","BLACK"
