"ALEX MEAD","05/14/1993","MALE","WHITE"
"JON MEAD","07/14/1967","MALE","WHITE"
"ALEXANDRIA MEADOWS","07/03/1973","FEMALE","BLACK"
"DEBORAH MEADOWS","10/05/1970","FEMALE","WHITE"
"DEREK MEADOWS","04/11/1989","MALE","WHITE"
"GARRON MEADOWS","10/02/1984","MALE","WHITE"
"JOSHUA MEADOWS","05/30/1985","MALE","WHITE"
"TIMOTHY MEADOWS","11/13/1996","MALE","WHITE"
"KAYLA MEALER","12/02/1992","FEMALE","WHITE"
"SAMANTHA MEANS","03/22/1989","FEMALE","WHITE"
"DERRICK MEARDAY","10/27/1984","MALE","BLACK"
"BART MEASE","10/04/1963","MALE","WHITE"
"JASON MEDD","08/11/1979","MALE","WHITE"
"JAMES MEDDERS","06/10/1979","MALE","WHITE"
"WILLIAM MEDDERS","03/02/1998","MALE","WHITE"
"JOSEPH MEDINA","11/09/1970","MALE","WHITE"
"MANUEL MEDINA","12/07/1989","MALE","SPANISH"
"SHANE MEDINE","02/20/1988","MALE","WHITE"
"LAWANDELL MEDIOUS","10/02/1993","MALE","BLACK"
"STEVEN MEDIOUS","06/12/1986","MALE","BLACK"
"MARCUS MEDIUS","09/28/1987","MALE","BLACK"
"WILLIAM MEDLIN","12/29/1955","MALE","WHITE"
"CARLOS MEDLOCK","07/28/1985","MALE","BLACK"
"JAMES MEDLOCK","04/27/1987","MALE","WHITE"
"SONYA MEEK","08/02/1970","FEMALE","WHITE"
"BEN MEEKS","01/14/1969","MALE","BLACK"
"CHRIS MEEKS","01/29/1980","MALE","WHITE"
"JAMARCUS MEEKS","02/04/1990","MALE","BLACK"
"JONATHAN MEEKS","07/31/1990","MALE","BLACK"
"MICHAEL MEEKS","05/19/1990","MALE","WHITE"
"TREVORIS MEEKS","02/18/1994","MALE","BLACK"
"JOE MEESE","12/27/1960","MALE","WHITE"
"RANDY MEETZE","12/08/1957","MALE","WHITE"
"TOMMY MEISNER","06/13/1961","MALE","WHITE"
"WILLIAM MELCHIONNE","12/16/1979","MALE","WHITE"
"MARK MELLO","07/16/1967","MALE","WHITE"
"BARRY MELTON","04/17/1964","MALE","WHITE"
"BILLY MELTON","10/07/1990","MALE","WHITE"
"DAKOTA MELTON","06/11/1999","MALE","WHITE"
"JAMES MELTON","12/13/1989","MALE","WHITE"
"MALCOLM MELTON","04/20/1988","MALE","BLACK"
"MARCUS MELTON","09/19/1990","MALE","BLACK"
"ROGER MELTON","06/12/1986","MALE","WHITE"
"SIERRA MELTON","01/17/1990","FEMALE","WHITE"
"WARREN MELTON","12/23/1966","MALE","WHITE"
"WILLIAM MELTON","08/08/1968","MALE","WHITE"
"RODNEY MENDENHALL","01/15/1983","MALE","BLACK"
"CHRISTIAN MENDEZ","01/18/1988","MALE","SPANISH"
"LUIS MENDEZ","02/01/1977","MALE","SPANISH"
"MARTIN MENDEZ","02/23/2000","MALE","SPANISH"
"ROBERTO MENDEZ","05/09/1991","MALE","SPANISH"
"ALEJANDRO MENDOZA","04/01/1990","MALE","SPANISH"
"DANIEL MENDOZA","09/12/1989","MALE","WHITE"
"LINZANDRO MENDOZA","09/29/1993","MALE","SPANISH"
"LINDSAY MENEZES","05/10/1976","FEMALE","WHITE"
"TIFFANY MENIFIELD","03/26/1988","FEMALE","BLACK"
"ISIDRO MERCADO","03/16/1987","MALE","SPANISH"
"JACOB MERCER","11/07/1983","MALE","WHITE"
"ZACHARY MERCER","11/23/1990","MALE","WHITE"
"ZACKARY MERCHANT","12/09/1996","MALE","WHITE"
"DEUNTRIC MERRELL","04/20/1999","MALE","BLACK"
"DARRYL MERRICK","06/26/1965","MALE","BLACK"
"ROY MERRILL","07/01/1978","MALE","BLACK"
"BRANDON MERRITT","12/19/1987","MALE","WHITE"
"BRIAN MERRITT","01/25/1978","MALE","BLACK"
"DAVID MERRITT","04/30/1980","MALE","BLACK"
"DAVID MERRITT","01/31/1982","MALE","WHITE"
"GUY MERRITT","04/19/1982","MALE","WHITE"
"KEVIN MERRITT","05/18/1993","MALE","BLACK"
"KIM MERRITT","09/30/1970","MALE","BLACK"
"ROY MERRITT","08/25/1980","MALE","BLACK"
"STEVEN MERRITT","12/05/1985","MALE","BLACK"
"CAMERON MERRIWEATHER","06/23/1986","MALE","BLACK"
"LAMONT MERRIWEATHER","07/22/1975","MALE","BLACK"
"ANTHONY MERRYMAN","09/05/1988","MALE","WHITE"
"LAURO MESA-SOSA","01/15/1989","MALE","SPANISH"
"DARRYL METCALF","07/02/1984","MALE","BLACK"
"TYJUAN METCALF","12/11/1993","MALE","BLACK"
"JERRY METTETAL","06/18/1968","MALE","WHITE"
"WILLIAM METTS","12/26/1993","MALE","WHITE"
"SCOTT METZLER","09/17/1973","MALE","WHITE"
"JUSTIN MEYER","09/02/1976","MALE","WHITE"
"RAMANDRA MEYER","05/09/1993","FEMALE","WHITE"
"TYLER MEYERS","11/29/1993","MALE","WHITE"
"LERONNIE MICHAEL","07/22/1984","MALE","BLACK"
"MARCUS MICHAEL","11/13/1981","MALE","BLACK"
"MARTY MICHAEL","11/05/1969","MALE","WHITE"
"ANTHONY MICHAELS","01/28/1980","MALE","WHITE"
"JASON MICHEL","06/26/1996","MALE","BLACK"
"DARLENA MICKEL","08/08/1981","FEMALE","BLACK"
"DONNIE MICKEL","05/21/1993","MALE","BLACK"
"ROOSEVELT MICKENS","06/30/1972","MALE","BLACK"
"CARL MIDDLEBROOKS","11/19/1985","MALE","WHITE"
"ALTON MIDDLETON","04/27/1985","MALE","BLACK"
"ANDRE MIDDLETON","03/04/1983","MALE","BLACK"
"JOHN MIDDLETON","01/07/1967","MALE","WHITE"
"NICKY MIDDLETON","01/19/1983","MALE","WHITE"
"ERIC MILAM","12/22/1983","MALE","WHITE"
"MARVELL MILAM","10/16/1996","MALE","BLACK"
"PERRY MILAM","05/06/1968","MALE","BLACK"
"TIMOTHY MILANO","07/18/1977","MALE","WHITE"
"ATTON MILES","06/09/1994","MALE","BLACK"
"AUSTIN MILES","09/14/1983","MALE","WHITE"
"BRYANT MILES","01/10/1970","MALE","BLACK"
"CHARLES MILES","03/03/1976","MALE","WHITE"
"CHRISTOPHER MILES","05/29/1982","MALE","BLACK"
"ERIC MILES","03/16/1982","MALE","WHITE"
"HERSHEL MILES","01/18/1971","MALE","BLACK"
"JELANI MILES","12/31/1991","MALE","BLACK"
"JOHN MILES","11/27/1987","MALE","BLACK"
"KENDARIUS MILES","06/04/2002","MALE","BLACK"
"LAWANDA MILES","02/26/1995","FEMALE","BLACK"
"MARK MILES","07/05/1980","MALE","BLACK"
"WILLIAM MILES","08/25/1982","MALE","WHITE"
"ARTHUR MILKS","04/08/1972","MALE","WHITE"
"JACUZZI MILLENDER","10/27/1990","MALE","BLACK"
"SHETERA MILLENDER","09/24/1987","FEMALE","BLACK"
"AMIE MILLER","08/19/1973","FEMALE","WHITE"
"ANDREA MILLER","06/27/1975","FEMALE","BLACK"
"ANGELENA MILLER","06/24/1969","FEMALE","WHITE"
"ANTHONY MILLER","10/04/1970","MALE","WHITE"
"BRADFORD MILLER","11/20/1978","MALE","WHITE"
"BRONSON MILLER","08/09/1977","MALE","WHITE"
"CALVIN MILLER","06/30/1982","MALE","BLACK"
"CAROLYN MILLER","06/07/1956","FEMALE","WHITE"
"CEPHAS MILLER","02/04/1986","MALE","BLACK"
"CHRISTOPHER MILLER","12/08/1973","MALE","WHITE"
"CHRISTOPHER MILLER","06/03/1983","MALE","WHITE"
"CLARENCE MILLER","02/02/1951","MALE","BLACK"
"CURTIS MILLER","05/30/1959","MALE","BLACK"
"DAVID MILLER","07/31/1979","MALE","WHITE"
"DEANGELO MILLER","05/02/1988","MALE","BLACK"
"DEANGELO MILLER","08/14/1994","MALE","BLACK"
"DEMETRIUS MILLER","05/22/1973","MALE","BLACK"
"DENNIS MILLER","01/13/1977","MALE","BLACK"
"DESTINI MILLER","01/15/1997","FEMALE","WHITE"
"DONTRELL MILLER","03/18/1993","MALE","BLACK"
"EDWARD MILLER","07/02/1979","MALE","BLACK"
"ERIC MILLER","02/17/1974","MALE","BLACK"
"FRANK MILLER","08/19/1973","MALE","WHITE"
"FREDERICK MILLER","10/13/1989","MALE","BLACK"
"HEZEKIAH MILLER","02/23/1978","MALE","BLACK"
"JAMES MILLER","02/01/1976","MALE","WHITE"
"JAMES MILLER","08/02/1965","MALE","WHITE"
"JAMES MILLER","08/01/1983","MALE","BLACK"
"JARED MILLER","05/09/1974","MALE","WHITE"
"JARRETT MILLER","07/17/1997","MALE","BLACK"
"JASON MILLER","08/07/1975","MALE","WHITE"
"JASON MILLER","02/11/1981","MALE","BLACK"
"JEREMY MILLER","05/24/1990","MALE","BLACK"
"JERRY MILLER","09/21/1954","MALE","WHITE"
"JESSICA MILLER","05/03/1992","FEMALE","WHITE"
"JOHN MILLER","04/25/1982","MALE","WHITE"
"JOHNNY MILLER","07/02/1950","MALE","BLACK"
"JONATHAN MILLER","10/01/1992","MALE","BLACK"
"JONATHAN MILLER","01/27/1976","MALE","WHITE"
"JOSHUA MILLER","04/09/1992","MALE","WHITE"
"JOSHUA MILLER","12/31/1981","MALE","WHITE"
"JULIAN MILLER","11/17/1966","MALE","BLACK"
"JULIE MILLER","12/14/1979","FEMALE","WHITE"
"KENDRICK MILLER","05/27/1984","MALE","BLACK"
"LARRY MILLER","01/11/1963","MALE","WHITE"
"MARGARET MILLER","04/04/1963","FEMALE","BLACK"
"MARKI MILLER","12/31/1982","MALE","BLACK"
"MARQUES MILLER","10/05/1985","MALE","BLACK"
"MATTHEW MILLER","01/08/1976","MALE","BLACK"
"MAURICE MILLER","10/11/1988","MALE","BLACK"
"MICHAEL MILLER","08/03/1972","MALE","BLACK"
"MICHAEL MILLER","09/20/1960","MALE","BLACK"
"MICHAEL MILLER","09/05/1975","MALE","BLACK"
"MICHAEL MILLER","09/12/1975","MALE","BLACK"
"MISTY MILLER","11/14/1977","FEMALE","WHITE"
"NANCY MILLER","06/18/1975","FEMALE","WHITE"
"PARKER MILLER","01/10/1995","MALE","BLACK"
"PERRY MILLER","11/24/1970","MALE","BLACK"
"QUAREANTAE MILLER","03/02/2000","MALE","BLACK"
"QUINCY MILLER","06/18/1987","MALE","BLACK"
"QUINTINN MILLER","08/15/1992","MALE","WHITE"
"QUINTON MILLER","05/11/1991","MALE","BLACK"
"RAY MILLER","12/23/1954","MALE","BLACK"
"RICKY MILLER","07/21/1983","MALE","BLACK"
"ROBERT MILLER","04/23/1960","MALE","BLACK"
"ROBERT MILLER","10/28/1976","MALE","BLACK"
"ROBERT MILLER","07/18/1991","MALE","WHITE"
"RODNEY MILLER","03/29/1993","MALE","BLACK"
"SAMMY MILLER","12/26/1980","MALE","BLACK"
"SAMUEL MILLER","06/30/1980","MALE","BLACK"
"SHIROD MILLER","07/19/1978","MALE","WHITE"
"STEVEN MILLER","04/16/1971","MALE","WHITE"
"TARVARCUS MILLER","04/17/1983","MALE","BLACK"
"TAYLOR MILLER","04/29/1991","MALE","WHITE"
"TELLIS MILLER","06/10/1989","MALE","BLACK"
"TERRELL MILLER","05/15/1980","MALE","WHITE"
"TYKEYVIOUS MILLER","09/15/2000","MALE","BLACK"
"TYLER MILLER","07/27/1993","MALE","WHITE"
"TYREE MILLER","04/30/1999","MALE","BLACK"
"VALENTINE MILLER","02/05/1959","MALE","BLACK"
"WALTER MILLER","07/27/1957","MALE","BLACK"
"WILLIAM MILLER","06/19/1981","MALE","BLACK"
"WILLIAM MILLER","10/01/1988","MALE","WHITE"
"ZANE MILLER","06/05/1994","MALE","BLACK"
"KNEEFE MILLER JR.","01/11/1999","MALE","BLACK"
"EDDIE MILLIGAN","02/28/1987","MALE","BLACK"
"JAMIE MILLIKEN","02/23/1993","MALE","BLACK"
"CORBIN MILLS","08/04/1992","MALE","BLACK"
"DARNELL MILLS","05/31/1980","MALE","BLACK"
"DARRICK MILLS","10/12/1996","MALE","BLACK"
"DAVION MILLS","07/27/1999","MALE","BLACK"
"DEANGELO MILLS","12/08/1997","MALE","BLACK"
"GOVAN MILLS","02/21/1983","MALE","WHITE"
"KERICK MILLS","09/11/1990","MALE","BLACK"
"LUTHER MILLS","08/15/1971","MALE","WHITE"
"MARK MILLS","07/12/1976","MALE","WHITE"
"MAURI MILLS","05/19/1965","FEMALE","WHITE"
"MELVIN MILLS","11/18/1980","MALE","BLACK"
"NATHAN MILLS","02/06/1994","MALE","WHITE"
"TIMOTHY MILLS","12/14/1962","MALE","WHITE"
"TIRUS MILLS","09/21/1978","MALE","BLACK"
"WESLEE MILLS","08/03/1988","MALE","WHITE"
"KIARA MILLSAP","03/07/1991","MALE","BLACK"
"ANTHONY MILNER","08/05/1983","MALE","WHITE"
"JEFFREY MILNER","07/16/1988","MALE","WHITE"
"KENNETH MILNER","09/01/1971","MALE","BLACK"
"LES MILONS","09/02/1970","MALE","BLACK"
"ALVA MILSAP","12/30/1991","MALE","BLACK"
"LAWRENCE MILSAP","11/30/1994","MALE","BLACK"
"JAMES MILSAPS","05/17/1988","MALE","BLACK"
"DAMIEN MILTON","02/24/1977","MALE","BLACK"
"LENARIS MILTON","08/21/1975","MALE","BLACK"
"STEVE MILTON","02/12/1980","MALE","BLACK"
"ANDREW MIMS","03/11/1987","MALE","BLACK"
"DIMITRICK MIMS","01/31/1977","MALE","BLACK"
"JASON MIMS","11/16/1983","MALE","BLACK"
"MARKIVIOUS MIMS","05/25/1982","MALE","BLACK"
"ROBERT MING","01/10/1987","MALE","WHITE"
"JULIAN MINGO","12/18/1973","MALE","BLACK"
"KERON MINGO","08/18/1975","MALE","BLACK"
"MICHAEL MINGO","09/28/1987","MALE","AMERICAN"
"CHRISTOPHER MINK","05/17/1969","MALE","WHITE"
"ROBERT MINNICK","10/08/1963","MALE","WHITE"
"JESSIE MINNIFIELD","10/01/1944","MALE","BLACK"
"ALDRICK MINOR","09/17/1980","MALE","BLACK"
"ANDY MINOR","12/24/1960","MALE","BLACK"
"BILLY MINOR","02/28/1965","MALE","BLACK"
"BRUCE MINOR","09/29/1990","MALE","WHITE"
"BURNELL MINOR","08/23/1979","MALE","BLACK"
"CEDRIC MINOR","11/30/1988","MALE","BLACK"
"CHRISTOPHER MINOR","12/29/1978","MALE","BLACK"
"CHRISTOPHER MINOR","01/04/1980","MALE","BLACK"
"CURTIS MINOR","11/23/1985","MALE","BLACK"
"D'MARCO MINOR","04/25/1993","MALE","BLACK"
"DREWARD MINOR","07/23/1981","MALE","BLACK"
"EDALE MINOR","04/02/1977","MALE","BLACK"
"EDDIE MINOR","10/25/1996","MALE","BLACK"
"JAMES MINOR","09/11/1956","MALE","BLACK"
"JOHN MINOR","05/01/1966","MALE","BLACK"
"KEVIN MINOR","02/27/1986","MALE","WHITE"
"RONALD MINOR","09/26/1972","MALE","BLACK"
"SANDY MINOR","06/27/1967","FEMALE","WHITE"
"SHAQUILLE MINOR","09/15/1995","MALE","BLACK"
"SHUNDRAE MINOR","12/29/1982","MALE","BLACK"
"JOHN MINTER","03/02/1990","MALE","BLACK"
"LARRY MINTER","06/17/1988","MALE","BLACK"
"LAMARCUS MINTON","08/09/1992","MALE","BLACK"
"LAZIRRIC MINTON","07/08/1994","MALE","BLACK"
"LITTLEWILL MINTON","01/05/1984","MALE","BLACK"
"NICHOLAS MINTON","07/11/1990","MALE","WHITE"
"BRANDY MIRANDA","02/14/1981","FEMALE","WHITE"
"CHRISTINA MIRRA","09/17/1984","FEMALE","WHITE"
"DAMON MISKELL","06/16/1987","MALE","BLACK"
"V'NELL MISKELL","03/22/1989","MALE","BLACK"
"VERNELL MISKELL","04/04/1993","MALE","BLACK"
"KATRICE MISSOURI","05/22/1987","FEMALE","BLACK"
"KEON MISTER","10/09/1988","MALE","BLACK"
"REGIS MISTER","12/16/1987","MALE","BLACK"
"ALICE MITCHELL","02/04/1997","FEMALE","BLACK"
"ANTHONY MITCHELL","01/23/1992","MALE","BLACK"
"ANTONIO MITCHELL","06/27/1994","MALE","BLACK"
"AUNDREA MITCHELL","03/26/1999","FEMALE","BLACK"
"AUSTIN MITCHELL","10/29/1993","MALE","WHITE"
"BOBBY MITCHELL","04/29/1981","MALE","BLACK"
"BRANDON MITCHELL","07/22/1995","MALE","BLACK"
"BRICE MITCHELL","07/27/1987","MALE","BLACK"
"BRYAN MITCHELL","08/13/1965","MALE","WHITE"
"CAROLE MITCHELL","05/09/1984","FEMALE","WHITE"
"CHARLES MITCHELL","08/10/1994","MALE","WHITE"
"CLARANCE MITCHELL","11/15/1995","MALE","BLACK"
"CLIFTON MITCHELL","05/27/1957","MALE","WHITE"
"CLIFTON MITCHELL","11/10/1986","MALE","WHITE"
"CORNELIUS MITCHELL","02/14/1991","MALE","BLACK"
"DANIEL MITCHELL","05/30/1993","MALE","BLACK"
"DARNESHIA MITCHELL","07/26/1987","FEMALE","BLACK"
"DAVID MITCHELL","11/14/1994","MALE","BLACK"
"DERRICK MITCHELL","08/02/1982","MALE","BLACK"
"DIQUANE MITCHELL","08/17/1983","MALE","BLACK"
"EDDIE MITCHELL","01/15/1954","MALE","BLACK"
"EDWIN MITCHELL","02/04/1977","MALE","BLACK"
"ERIC MITCHELL","01/27/1983","MALE","BLACK"
"GARY MITCHELL","02/08/1949","MALE","WHITE"
"HERBERT MITCHELL","10/28/1961","MALE","BLACK"
"JAMES MITCHELL","09/11/1983","MALE","WHITE"
"JAMES MITCHELL","10/01/1984","MALE","WHITE"
"JERMAINE MITCHELL","05/21/1980","MALE","BLACK"
"JEROME MITCHELL","01/02/1993","MALE","BLACK"
"JIM MITCHELL","08/09/1984","MALE","BLACK"
"JIMMY MITCHELL","09/02/1966","MALE","BLACK"
"JIMMY MITCHELL","06/12/1987","MALE","BLACK"
"KRISTEN MITCHELL","01/27/1982","FEMALE","WHITE"
"LAMONT MITCHELL","04/17/2000","MALE","BLACK"
"LAROBERT MITCHELL","04/12/1992","MALE","BLACK"
"LAWALTER MITCHELL","09/28/1987","MALE","BLACK"
"LAZERRICK MITCHELL","04/29/1993","MALE","BLACK"
"LIQUINCY MITCHELL","12/23/1999","MALE","BLACK"
"MARQUETTA MITCHELL","09/08/1989","FEMALE","BLACK"
"MONTEGO MITCHELL","08/23/1976","MALE","BLACK"
"NORMAN MITCHELL","04/27/1975","MALE","BLACK"
"REGGIE MITCHELL","12/10/1972","MALE","BLACK"
"RICARD MITCHELL","12/22/1959","MALE","BLACK"
"RICHARD MITCHELL","07/07/1981","MALE","BLACK"
"RONDERIUS MITCHELL","11/07/1995","MALE","BLACK"
"SHERYL MITCHELL","11/27/1985","FEMALE","BLACK"
"TERRY MITCHELL","02/18/1988","MALE","BLACK"
"THOMAS MITCHELL","10/20/1999","MALE","BLACK"
"TIMOTHY MITCHELL","12/23/1964","MALE","WHITE"
"VICTOR MITCHELL","05/31/1974","MALE","WHITE"
"WALTER MITCHELL","01/23/1978","MALE","WHITE"
"WAYNE MITCHELL","04/28/1987","MALE","BLACK"
"WENDELL MITCHELL","07/04/1990","MALE","BLACK"
"WILFRED MITCHELL","02/11/1976","MALE","BLACK"
"ZARKEYRRIS MITCHELL","03/14/2002","MALE","BLACK"
"JEFFREY MITCHUM","03/02/1989","MALE","WHITE"
"DEMARIO MIXON","01/21/1994","MALE","BLACK"
"JOSHUA MIXON","08/06/1976","MALE","WHITE"
"VAN MIXON","10/14/1962","MALE","BLACK"
"CHARLES MIZE","01/13/1964","MALE","WHITE"
"JEREMY MIZE","07/12/1990","MALE","WHITE"
"LENNY MIZE","02/03/1982","MALE","WHITE"
"ROYCE MIZE","10/04/1959","MALE","WHITE"
"CHARLES MIZELL","05/02/1985","MALE","WHITE"
"CLAYTON MIZELL","10/31/1989","MALE","WHITE"
"GARY MUCHA","08/26/1980","MALE","WHITE"
"HANEEFAH MUHAMMAD","10/30/1979","FEMALE","BLACK"
"JOSEPH MUHAMMAD","11/17/1967","MALE","BLACK"
"TALIB MUJAHID","05/25/1956","MALE","BLACK"
"DYLAN MULFORD","10/25/2001","MALE","WHITE"
"KYLE MULFORD","03/18/1985","MALE","WHITE"
"KENNI MULL","01/19/1980","MALE","BLACK"
"TREMAYNE MULLEN","05/03/1984","MALE","BLACK"
"BILLY MULLINS","07/22/1983","MALE","WHITE"
"BLANCHARD MULLINS","07/05/1960","MALE","WHITE"
"BRANDY MULLINS","08/20/1986","FEMALE","WHITE"
"CHARLES MULLINS","05/24/1996","MALE","BLACK"
"DONALD MULLINS","09/03/1983","MALE","BLACK"
"JOSHUA MULLINS","12/21/1990","MALE","BLACK"
"JUSTIN MULLINS","04/11/1990","MALE","WHITE"
"MONICA MULLINS","11/11/1979","FEMALE","WHITE"
"STEVEN MULLINS","02/19/1976","MALE","WHITE"
"TEDDY MULLINS","08/16/1976","MALE","BLACK"
"WILLIE MULLINS","07/06/1975","MALE","BLACK"
"DAVID MUMME","01/14/1975","MALE","WHITE"
"SEVILLE MUNDY","08/04/1988","MALE","BLACK"
"CHRISTOPHER MUNN","10/18/1977","MALE","WHITE"
"ALBERTO MUNOZ","11/01/1958","MALE","SPANISH"
"MICHAEL MURDEN","10/29/1978","MALE","BLACK"
"ADRIAN MURPHY","11/10/1994","MALE","BLACK"
"ALEXANDER MURPHY","09/02/1988","MALE","BLACK"
"ANTHONY MURPHY","04/14/1992","MALE","WHITE"
"BILLY MURPHY","02/28/1980","MALE","WHITE"
"CHAZ MURPHY","10/04/1992","MALE","WHITE"
"DANIEL MURPHY","05/06/1990","MALE","WHITE"
"JOHN MURPHY","02/26/1954","MALE","WHITE"
"JOHN MURPHY","09/05/1958","MALE","WHITE"
"JOHNNY MURPHY","10/23/1960","MALE","WHITE"
"KEVIN MURPHY","03/29/1989","MALE","WHITE"
"LAZAIRIAN MURPHY","01/02/1990","MALE","BLACK"
"MARVIN MURPHY","05/27/1981","MALE","WHITE"
"OBBIE MURPHY","09/24/1967","MALE","BLACK"
"JAY DAWAYNE MURRAH","07/21/1976","MALE","WHITE"
"CHRISTOPHER MURRAY","08/28/1992","MALE","BLACK"
"GEBLONSKI MURRAY","06/11/1993","MALE","BLACK"
"JOEY MURRAY","11/21/1982","MALE","BLACK"
"JOHN MURRAY","07/24/1972","MALE","WHITE"
"JOSHUA MURRAY","04/07/1987","MALE","WHITE"
"KELVIN MURRAY","04/01/1996","MALE","BLACK"
"MARVIN MURRAY","10/23/1997","MALE","BLACK"
"ROBERT MURRAY","07/26/1971","MALE","BLACK"
"SVANTE MURRAY","07/24/1972","MALE","BLACK"
"ZACHERY MURRELL","03/04/1989","MALE","WHITE"
"ANTHONY MURRY","02/12/1994","MALE","BLACK"
"BRANDON MURRY","10/10/1993","MALE","BLACK"
"FADERICK MURRY","02/06/1995","MALE","BLACK"
"JAMIE MURRY","11/28/1982","FEMALE","WHITE"
"JOSHUA MURRY","03/28/1985","MALE","WHITE"
"KENDALL MURRY","10/20/1997","MALE","BLACK"
"ABDULKHALIQ MURSHID","12/01/1979","MALE","ASIAN"
"SOPHIA MUSE","04/19/1991","FEMALE","BLACK"
"JORDAN MUSSA","06/09/1990","MALE","WHITE"
"MICHAEL MUSSEAU","01/27/1967","MALE","WHITE"
