"RICKY MABRY","11/29/1986","MALE","BLACK"
"ALFREDO MAC","06/28/1974","MALE","SPANISH"
"HUGO MACIAS-GARCIA","02/23/1972","MALE","SPANISH"
"CEDARIUS MACK","01/16/1997","MALE","BLACK"
"CHRISTOPHER MACK","06/16/1975","MALE","BLACK"
"DERRICK MACK","06/15/1978","MALE","BLACK"
"DUANE MACK","08/14/1981","MALE","BLACK"
"ELLIOT MACK","05/05/1995","MALE","BLACK"
"ERIC MACK","08/02/1978","MALE","BLACK"
"JAMES MACK","12/02/1989","MALE","BLACK"
"JAMES MACK","05/20/1961","MALE","BLACK"
"JIMMY MACK","03/05/1969","MALE","BLACK"
"KELIN MACK","01/14/2000","MALE","BLACK"
"MARCHELLO MACK","11/01/1996","MALE","BLACK"
"MARION MACK","12/23/1991","MALE","BLACK"
"WILLIAM MACK","03/11/1986","MALE","BLACK"
"FRANK MACKABEE","10/31/1958","MALE","BLACK"
"CHRISTOPHER MACKEL","07/17/1979","MALE","BLACK"
"CORNEILOUS MACKEY","12/25/1975","MALE","BLACK"
"HENRY MACKEY","12/22/1996","MALE","BLACK"
"MARIO MACKEY","10/10/1979","MALE","BLACK"
"TIMOTHY MACKIN","12/20/1979","MALE","WHITE"
"THADDIUS MACKLIN","05/26/1967","MALE","BLACK"
"TODD MACLIN","06/11/1980","MALE","WHITE"
"DEMETRIUS MACON","11/26/1988","MALE","BLACK"
"DOMINIQUE MACON","08/26/1992","MALE","BLACK"
"JAMES MACOY","11/23/1984","MALE","WHITE"
"TERRY MADDEN","05/30/1971","MALE","BLACK"
"PAUL MADDOX","11/21/1983","MALE","WHITE"
"RANZE MADDOX","01/17/1994","MALE","BLACK"
"CLEVELAND MADISON","06/22/1972","MALE","BLACK"
"HENRY MADISON","08/23/1979","MALE","BLACK"
"OTHA MADISON","10/20/1975","MALE","BLACK"
"TYRONE MADISON","02/17/1989","MALE","BLACK"
"D'MARIUS MADKINS","08/18/1989","MALE","BLACK"
"IVONTREZ MADKINS","07/14/2001","MALE","BLACK"
"JOSE MAGDALENO","11/07/1984","MALE","SPANISH"
"ARGUALLO MAGEE","03/09/1982","MALE","BLACK"
"CARL MAGEE","07/12/1957","MALE","BLACK"
"CHAD MAGEE","02/27/1987","MALE","WHITE"
"CHAD MAGEE","03/01/1988","MALE","BLACK"
"CHARLES MAGEE","10/15/1963","MALE","WHITE"
"CURTIS MAGEE","10/06/1961","MALE","BLACK"
"DERIERA MAGEE","03/21/1971","MALE","BLACK"
"DONNIE MAGEE","11/22/1967","MALE","BLACK"
"ERIC MAGEE","08/23/1991","MALE","BLACK"
"EUGENE MAGEE","04/30/1975","MALE","BLACK"
"JAMES MAGEE","08/12/1970","MALE","BLACK"
"JAMES MAGEE","04/03/1986","MALE","BLACK"
"JAY MAGEE","01/19/1988","MALE","BLACK"
"JIMMIE MAGEE","08/28/1985","MALE","BLACK"
"JOHN MAGEE","08/03/1985","MALE","WHITE"
"JOHN MAGEE","12/13/1963","MALE","BLACK"
"JOHNNY MAGEE","12/17/1964","MALE","BLACK"
"JONATHAN MAGEE","04/24/1968","MALE","BLACK"
"JOSEPH MAGEE","07/11/1980","MALE","BLACK"
"JOSHUA MAGEE","05/14/1983","MALE","BLACK"
"KEITH MAGEE","11/21/1983","MALE","BLACK"
"KENDALL MAGEE","08/09/1982","MALE","BLACK"
"KEVIN MAGEE","10/22/1981","MALE","BLACK"
"LEO MAGEE","03/12/1990","MALE","BLACK"
"LEROY MAGEE","12/03/1968","MALE","BLACK"
"LONNIE MAGEE","01/03/1988","MALE","BLACK"
"MADISON MAGEE","02/06/1973","MALE","BLACK"
"MAURICE MAGEE","06/04/1978","MALE","BLACK"
"NORMAN MAGEE","02/08/1987","MALE","BLACK"
"PATRICK MAGEE","11/23/1976","MALE","BLACK"
"REGINALD MAGEE","11/17/1965","MALE","BLACK"
"SUBREYONIA MAGEE","06/29/1994","FEMALE","BLACK"
"TERRUS MAGEE","07/05/1982","MALE","BLACK"
"TERRY MAGEE","06/21/1985","MALE","WHITE"
"TIM MAGEE","02/21/1976","MALE","BLACK"
"TROY MAGEE","08/04/1987","MALE","BLACK"
"WILLIAM MAGEE","12/18/1995","MALE","BLACK"
"WILLIAM MAGEE","07/03/1991","MALE","WHITE"
"WILLIE MAGEE","03/09/1957","MALE","BLACK"
"MATTHEW MAGERS","03/17/1988","MALE","WHITE"
"LADELL MAGGETT","02/25/1976","MALE","BLACK"
"CHARLES MAGILL","12/19/1967","MALE","WHITE"
"KATHY MAGILL","10/15/1980","FEMALE","WHITE"
"ANGELO MAGLITTO","02/20/1986","MALE","WHITE"
"DAVID MAGNUSEN","08/24/1971","MALE","WHITE"
"FRANK MAGNUSEN","04/28/1967","MALE","WHITE"
"WILLIAM MAGRUDER","01/15/1987","MALE","WHITE"
"JOHN MAHAFFEY","12/23/1979","MALE","WHITE"
"DANIEL MAHANA","02/08/1984","MALE","UNKNOWN"
"BENNY MAHARREY","06/18/1988","MALE","WHITE"
"ANTHONY MAIDEN","06/06/1960","MALE","WHITE"
"GLENN MAIDEN","11/01/1966","MALE","BLACK"
"VINCENT MAILHOT","09/12/1998","MALE","WHITE"
"FRANK MAINKA","01/21/1976","MALE","WHITE"
"JOHNATHAN MAJORS","03/14/1990","MALE","BLACK"
"VON MAKEE","10/04/1991","MALE","BLACK"
"EDWARD MALANE","01/29/1998","MALE","BLACK"
"JOSE MALDONADO","11/12/1968","MALE","SPANISH"
"JUAN MALDONADO-VALI","05/06/1991","MALE","SPANISH"
"WALTER MALINOSKY","06/23/1983","MALE","WHITE"
"RICHARD MALLARD","11/08/1983","MALE","WHITE"
"WILL MALLARD","12/31/1958","MALE","BLACK"
"JERRY MALLERY","12/29/1976","MALE","BLACK"
"ALBERT MALLETT","12/23/1966","MALE","BLACK"
"ANTHONY MALLETT","01/15/1974","MALE","BLACK"
"GAMAR MALLETT","03/30/1998","MALE","BLACK"
"MARCUS MALLETT","10/31/1988","MALE","BLACK"
"TOMMIE MALLETT","01/17/1964","MALE","BLACK"
"THOMAS MALLEY","09/12/1987","MALE","WHITE"
"ARVILLA MALONE","06/03/1967","MALE","BLACK"
"CHARLES MALONE","03/28/1983","MALE","BLACK"
"COREY MALONE","04/20/1987","MALE","BLACK"
"DONALD MALONE","04/12/1986","MALE","BLACK"
"DONALD MALONE","09/23/1980","MALE","WHITE"
"EDWIN MALONE","06/08/1974","MALE","WHITE"
"GREGORY MALONE","05/19/1979","MALE","BLACK"
"JAMES MALONE","03/04/1971","MALE","WHITE"
"JIM MALONE","10/04/1996","MALE","WHITE"
"MARCUS MALONE","04/10/1991","MALE","BLACK"
"SEAN MALONE","02/26/1969","MALE","WHITE"
"SIDNEY MALONE","10/07/1966","MALE","BLACK"
"STEPHEN MALONE","07/09/1955","MALE","WHITE"
"SYNECCA MALONE","05/17/1977","MALE","BLACK"
"TOMMIE MALONE","08/07/1998","MALE","BLACK"
"TRISHUN MALONE","01/14/1999","MALE","BLACK"
"VESHONE MALONE","03/23/1980","MALE","BLACK"
"WARREN MALONE","03/27/1992","MALE","BLACK"
"WILLIAM MALONE","06/14/1985","MALE","BLACK"
"WILLIAM MALONE","06/16/1988","MALE","WHITE"
"WILLIAM MALONE","12/17/1999","MALE","WHITE"
"WILLIE MALONE","08/08/1983","MALE","BLACK"
"MELVIN MANASSA","05/01/1974","MALE","BLACK"
"JASON MANCHE","08/31/1980","MALE","WHITE"
"MICHAEL MANESS","05/14/1988","MALE","WHITE"
"JOSHUA MANGUM","05/15/1989","MALE","WHITE"
"LAWRENCE MANGUM","11/27/1970","MALE","BLACK"
"MARQUEAL MANGUM","11/22/1992","MALE","BLACK"
"TED MANGUM","08/21/1974","MALE","BLACK"
"STACY MANIGO","09/14/1989","MALE","BLACK"
"MICHAEL MANIX","01/29/1969","MALE","WHITE"
"ADOLPHO MANN","12/11/1985","MALE","BLACK"
"ANTHONY MANN","03/10/1959","MALE","WHITE"
"AUSTIN MANN","01/01/1995","MALE","WHITE"
"BRAD MANN","06/13/1975","MALE","WHITE"
"DAVIN MANN","04/11/1988","MALE","BLACK"
"KELLY MANN","06/23/1971","MALE","BLACK"
"TAMI MANN","05/26/1988","FEMALE","WHITE"
"DEWAYNE MANNERY","04/28/1996","MALE","BLACK"
"CHARLES MANNING","01/12/1982","MALE","BLACK"
"DRAPER MANNING","04/04/1982","MALE","BLACK"
"IMMANUEL MANNING","06/03/1971","MALE","BLACK"
"JARRELL MANNING","06/27/1992","MALE","BLACK"
"JEFFREY MANNING","07/29/1963","MALE","BLACK"
"JONATHAN MANNING","07/04/1983","MALE","WHITE"
"KATHY MANNING","11/03/1981","FEMALE","WHITE"
"LEE MANNING","08/15/1980","MALE","WHITE"
"RAYFORD MANNING","10/18/1987","MALE","WHITE"
"ROBERT MANNING","09/05/1955","MALE","BLACK"
"SUSAN MANNING","12/11/1970","FEMALE","WHITE"
"THEODORE MANNING","09/20/1972","MALE","BLACK"
"THOMAS MANNING","04/10/1993","MALE","BLACK"
"WILLIE MANNING","06/12/1968","MALE","BLACK"
"IVY MANSEILL","08/11/1975","MALE","WHITE"
"LONNIE MANSFIELD","07/15/1976","MALE","WHITE"
"ANTHONY MANSON","12/17/1989","MALE","BLACK"
"ATREYELL MANUEL","12/06/1994","MALE","BLACK"
"JERRY MANUEL","01/08/1979","MALE","WHITE"
"LORENZO MANUEL","03/23/1984","MALE","BLACK"
"RICHARD MANUEL","03/23/1967","MALE","WHITE"
"ROBERT MANUEL","03/13/1988","MALE","BLACK"
"RALPH MANUS","05/28/1985","MALE","WHITE"
"LAERTEZ MANYFIELD","05/08/1993","MALE","BLACK"
"SHYAN MANZIE","03/22/1993","MALE","BLACK"
"RICHARD MAPLES","08/01/1990","MALE","WHITE"
"DONALD MAPP","10/12/1956","MALE","BLACK"
"GARY MAPP","02/10/1981","MALE","WHITE"
"HARTIE MAPP","09/21/1963","MALE","BLACK"
"WILLIE MAPP","07/18/1968","MALE","WHITE"
"WILLIAM MARANDA","06/15/1996","MALE","SPANISH"
"DUSTIN MARANGE","04/25/1984","MALE","WHITE"
"DAVID MARBRA","02/01/1950","MALE","BLACK"
"KENNETH MARCHMAN","06/04/1983","MALE","WHITE"
"WALTER MARCOON","10/26/1956","MALE","WHITE"
"JERRY MARCUS","06/14/1951","MALE","BLACK"
"NICHOLAS MARECHAL","04/08/1985","MALE","WHITE"
"MARSHALL MARGRAVE","12/06/1985","MALE","WHITE"
"TEDDIE MARICHE","05/13/1951","MALE","WHITE"
"DARNELL MARION","08/28/1989","MALE","BLACK"
"RICKY MARION","03/03/1987","MALE","BLACK"
"RODNEY MARION","04/26/1985","MALE","BLACK"
"JOSEPH MARIZETTE","09/29/1971","MALE","BLACK"
"GLEN MARK","11/05/1980","MALE","BLACK"
"GEORGE MARKET","08/16/1977","MALE","BLACK"
"DESMOND MARKHAM","01/24/1994","MALE","BLACK"
"KRESHUN MARKHAM","11/22/1996","MALE","BLACK"
"LANECUAL MARKHAM","07/25/1979","FEMALE","BLACK"
"MARKELLE MARKHAM","12/31/1998","MALE","BLACK"
"KRISHNA MARONEY","10/17/1991","FEMALE","WHITE"
"TAYLOR MARQUAR","03/08/1997","MALE","WHITE"
"JUAN MARQUEZ","08/13/1975","MALE","SPANISH"
"BLAKE MARQUIS","10/03/1980","MALE","WHITE"
"WILLARD MARQUIS","02/01/1960","MALE","WHITE"
"JERMAINE MARSAW","04/12/1987","MALE","BLACK"
"RICHARD MARSEE","08/28/1968","MALE","WHITE"
"BOBBY MARSH","12/20/1977","MALE","BLACK"
"JEFFERY MARSH","09/05/1963","MALE","BLACK"
"LAMONTAY MARSH","08/07/1987","MALE","BLACK"
"ROCKYLE MARSH","06/30/1991","MALE","BLACK"
"TREY MARSH","04/01/1994","MALE","BLACK"
"BRYANT MARSHALL","03/30/1990","MALE","BLACK"
"CHAD MARSHALL","04/15/1989","MALE","BLACK"
"CRYSTAL MARSHALL","02/02/2004","FEMALE","BLACK"
"DARRELL MARSHALL","02/27/1981","MALE","BLACK"
"DAVID MARSHALL","11/13/1990","MALE","BLACK"
"DEDRICK MARSHALL","01/26/1975","MALE","BLACK"
"EUGENE MARSHALL","08/11/1962","MALE","BLACK"
"JAMIE MARSHALL","12/29/1977","MALE","BLACK"
"JUSTIN MARSHALL","12/12/1993","MALE","BLACK"
"LEWIS MARSHALL","01/16/1978","MALE","BLACK"
"MARLIN MARSHALL","02/12/1982","MALE","WHITE"
"MARTIN MARSHALL","10/30/1975","MALE","WHITE"
"MICHAEL MARSHALL","10/30/1986","MALE","WHITE"
"MICHAEL MARSHALL","12/17/1973","MALE","BLACK"
"MIKARIAN MARSHALL","06/06/1989","MALE","BLACK"
"NICHOLAS MARSHALL","07/01/1998","MALE","WHITE"
"RASHAD MARSHALL","10/20/1995","MALE","BLACK"
"WILLIE MARSHALL","01/09/1945","MALE","BLACK"
"ADRIAN MARTIN","06/17/1985","MALE","BLACK"
"ANGELA MARTIN","08/13/1983","FEMALE","WHITE"
"APRIL MARTIN","02/18/1982","FEMALE","BLACK"
"ASPEN MARTIN","03/07/1994","FEMALE","WHITE"
"BISHOP MARTIN","02/25/1995","MALE","WHITE"
"BRAD MARTIN","04/11/1978","MALE","WHITE"
"BRIAN MARTIN","02/15/1977","MALE","WHITE"
"BRIAN MARTIN","12/28/1973","MALE","BLACK"
"BRUCE MARTIN","11/12/1980","MALE","WHITE"
"BRYAN MARTIN","07/14/1975","MALE","WHITE"
"CEDRIC MARTIN","01/17/1980","MALE","BLACK"
"CHADWICK MARTIN","01/26/1981","MALE","WHITE"
"CHARLES MARTIN","12/18/1977","MALE","WHITE"
"CHARLES MARTIN","10/03/1975","MALE","WHITE"
"CHARLIE MARTIN","07/26/1982","MALE","WHITE"
"CHRISTOPHER MARTIN","05/13/1983","MALE","BLACK"
"CODY MARTIN","07/28/1986","MALE","WHITE"
"CORNELL MARTIN","04/23/1980","MALE","BLACK"
"DARRELL MARTIN","07/06/1966","MALE","BLACK"
"DAVID MARTIN","08/24/1957","MALE","BLACK"
"DAVID MARTIN","03/24/1986","MALE","WHITE"
"DEVERAL MARTIN","06/08/1979","MALE","BLACK"
"DEVORIAE MARTIN","11/27/1994","MALE","BLACK"
"DEWAYNE MARTIN","06/15/1980","MALE","BLACK"
"DEXTER MARTIN","03/22/1975","MALE","BLACK"
"DREW MARTIN","08/29/1982","MALE","WHITE"
"ELIZABETH MARTIN","02/22/1979","FEMALE","WHITE"
"ERIC MARTIN","11/12/1983","MALE","AMERICAN"
"FRANKLIN MARTIN","09/30/1988","MALE","BLACK"
"GEORGE MARTIN","06/24/1973","MALE","WHITE"
"GERALD MARTIN","02/19/1982","MALE","BLACK"
"JAMES MARTIN","07/31/1962","MALE","BLACK"
"JAMES MARTIN","03/26/1969","MALE","BLACK"
"JAMES MARTIN","01/09/1990","MALE","WHITE"
"JAMES MARTIN","06/14/1978","MALE","WHITE"
"JAMES MARTIN","11/09/1986","MALE","BLACK"
"JEFFERY MARTIN","05/09/1960","MALE","WHITE"
"JEREMY MARTIN","03/26/1992","MALE","WHITE"
"JEREMY MARTIN","07/11/1982","MALE","WHITE"
"JONATHAN MARTIN","07/11/1980","MALE","BLACK"
"JONATHAN MARTIN","12/31/1992","MALE","BLACK"
"JOSEPH MARTIN","02/01/1993","MALE","WHITE"
"JOSEPH MARTIN","09/27/1980","MALE","WHITE"
"KEANDRE MARTIN","06/30/1999","MALE","BLACK"
"KENDALL MARTIN","03/14/1979","MALE","BLACK"
"KERRY MARTIN","10/01/1969","MALE","WHITE"
"KEVIN MARTIN","06/14/1983","MALE","BLACK"
"KISTES MARTIN","07/28/1978","FEMALE","BLACK"
"KRISAN MARTIN","06/04/1990","MALE","WHITE"
"LEONARD MARTIN","04/05/1956","MALE","WHITE"
"MARCELL MARTIN","07/07/1977","MALE","BLACK"
"MARCELL MARTIN","02/06/1999","MALE","BLACK"
"MARKEITH MARTIN","09/12/1991","MALE","BLACK"
"MARTY MARTIN","11/14/1975","MALE","WHITE"
"MICHAEL MARTIN","02/13/1967","MALE","WHITE"
"PAUL MARTIN","07/14/1971","MALE","BLACK"
"QUINCY MARTIN","03/09/1988","MALE","BLACK"
"REGINALD MARTIN","03/30/1992","MALE","BLACK"
"RICHARD MARTIN","10/29/1989","MALE","BLACK"
"RUFUS MARTIN","07/07/1958","MALE","BLACK"
"SCOTTY MARTIN","01/15/1973","MALE","WHITE"
"SEAN MARTIN","02/18/1969","MALE","BLACK"
"SKYLAR MARTIN","10/02/1999","MALE","BLACK"
"TEDRICK MARTIN","04/15/1998","MALE","BLACK"
"TIFFANI MARTIN","11/01/1980","FEMALE","BLACK"
"TIMOTHY MARTIN","11/30/1973","MALE","WHITE"
"TINNY MARTIN","11/30/1979","MALE","BLACK"
"TRENITY MARTIN","12/03/1993","MALE","WHITE"
"TRISTAN MARTIN","11/16/1975","MALE","BLACK"
"WAYNE MARTIN","03/03/1976","MALE","WHITE"
"XAVIER MARTIN","11/30/1984","MALE","BLACK"
"PHILLIP MARTINDALE","10/10/1979","MALE","WHITE"
"ANGEL MARTINEZ","04/29/1970","MALE","SPANISH"
"CARLOS MARTINEZ","04/26/1990","MALE","SPANISH"
"ERNESTO MARTINEZ","09/30/1960","MALE","SPANISH"
"JULIIAN MARTINEZ","03/28/1988","MALE","SPANISH"
"LUCIO MARTINEZ","02/12/1985","MALE","BLACK"
"MAMIZ MARTINEZ","07/31/1993","MALE","SPANISH"
"NEIL MARTINEZ","12/08/1994","MALE","WHITE"
"SERAPIO MARTINEZ","11/14/1992","MALE","SPANISH"
"GABRIEL MASCARRO","12/27/1977","MALE","SPANISH"
"DARIN MASELLI","08/25/1994","MALE","WHITE"
"BRADLEY MASK","11/26/1996","MALE","WHITE"
"PERRY MASK","05/15/1968","MALE","WHITE"
"BOBBY MASON","09/07/1979","MALE","BLACK"
"CHADWICK MASON","05/14/1987","MALE","WHITE"
"DEMETRIUS MASON","06/28/1977","MALE","BLACK"
"GLEN MASON","12/09/1974","MALE","BLACK"
"JAROD MASON","07/14/1989","MALE","BLACK"
"JAVAREE MASON","05/20/1998","MALE","BLACK"
"LEE MASON","09/17/1948","MALE","BLACK"
"LIL'CHRISTOP MASON","09/23/1995","MALE","BLACK"
"MARCION MASON","06/19/1989","MALE","BLACK"
"MARCUS MASON","02/21/1987","MALE","BLACK"
"MELVIN MASON","08/07/1969","MALE","WHITE"
"MICHEAEL MASON","04/16/1977","MALE","WHITE"
"NAKIA MASON","06/05/1975","MALE","BLACK"
"REMILL MASON","03/25/1993","MALE","BLACK"
"RICHARD MASON","10/07/1975","MALE","WHITE"
"SANFORD MASON","05/23/1959","MALE","BLACK"
"TAVARES MASON","08/17/1983","MALE","BLACK"
"TRACY MASON","11/10/1983","MALE","BLACK"
"TRISTAN MASON","10/19/1981","MALE","BLACK"
"BRITTNEY MASSENGILL","01/30/1985","FEMALE","WHITE"
"JOHNNY MASSENGILL","11/20/1983","MALE","WHITE"
"MELISSA MASSENGILL","11/25/1981","FEMALE","WHITE"
"CODY MASSEY","01/28/1988","MALE","WHITE"
"DEMETRIUS MASSEY","04/26/1990","MALE","BLACK"
"HUBERT MASSEY","11/23/1981","MALE","WHITE"
"JAMES MASSEY","01/15/1979","MALE","WHITE"
"JEREMY MASSEY","05/17/1978","MALE","WHITE"
"LEVAN MASSEY","03/31/1979","MALE","BLACK"
"MICHAEL MASSEY","10/29/1988","MALE","WHITE"
"MICHAEL MASSEY","06/07/1972","MALE","WHITE"
"ROBERT MASSEY","05/16/1982","MALE","BLACK"
"RONNIE MASSEY","07/15/1977","MALE","WHITE"
"RUBEN MASTERS","12/24/1972","MALE","WHITE"
"TROY MASTERS","08/14/1962","MALE","WHITE"
"SAUL MATA","10/26/1972","MALE","BLACK"
"RANSOM MATHENY","09/30/1987","MALE","WHITE"
"JOHN MATHERNE","10/01/1974","MALE","WHITE"
"JOSEPH MATHERNE","05/27/1980","MALE","WHITE"
"WILLIAM MATHEWS","08/23/1985","MALE","BLACK"
"BERNARD MATHIS","12/23/1971","MALE","BLACK"
"FRANK MATHIS","03/06/1972","MALE","WHITE"
"JAMES MATHIS","02/26/1962","MALE","BLACK"
"JEANNIE MATHIS","08/08/1959","FEMALE","WHITE"
"JOHN MATHIS","08/12/1964","MALE","WHITE"
"JONKRATIN MATHIS","07/28/1985","MALE","WHITE"
"MARK MATHIS","02/02/1974","MALE","WHITE"
"MICHAEL MATHIS","09/04/1983","MALE","WHITE"
"RODERIUS MATHIS","06/26/1994","MALE","BLACK"
"RODREL MATHIS","07/25/1992","MALE","BLACK"
"GEYNER MATIAS-DIAZ","04/20/1996","MALE","SPANISH"
"BENNIE MATLOCK","01/25/1978","MALE","BLACK"
"THOMAS MATNEY","07/06/1968","MALE","WHITE"
"LOUIS MATRISCIANO","12/02/1970","MALE","WHITE"
"ALBERT MATTHEWS","05/30/1952","MALE","BLACK"
"AUSTIN MATTHEWS","01/25/1995","MALE","WHITE"
"CLARENCE MATTHEWS","09/21/1948","MALE","BLACK"
"DATARRIUS MATTHEWS","09/22/1983","MALE","BLACK"
"HENRY MATTHEWS","08/11/1958","MALE","BLACK"
"JASMOND MATTHEWS","08/19/1988","MALE","BLACK"
"JEROME MATTHEWS","06/29/1981","MALE","BLACK"
"MARQUEL MATTHEWS","10/09/1993","MALE","BLACK"
"MICHAEL MATTHEWS","03/17/1973","MALE","BLACK"
"MICHAEL MATTHEWS","01/26/1970","MALE","BLACK"
"MICHAEL MATTHEWS","09/07/1982","MALE","BLACK"
"PATRICK MATTHEWS","03/23/1983","MALE","WHITE"
"PERRY MATTHEWS","10/16/1976","MALE","WHITE"
"SAMUEL MATTHEWS","07/27/1990","MALE","BLACK"
"JAMES MATTOX","05/14/1983","MALE","WHITE"
"DONALD MAUFFRAY","04/10/1980","MALE","WHITE"
"RICKY MAUFFRAY","09/21/1966","MALE","WHITE"
"JESSE MAULDIN","12/23/1985","MALE","WHITE"
"JOHN MAULDIN","04/04/1986","MALE","WHITE"
"HUNTER MAXCEY","11/15/1999","MALE","WHITE"
"CARL MAXCY","01/06/1963","MALE","WHITE"
"TRINARD MAXON","11/01/1986","MALE","BLACK"
"GARY MAXWELL","09/24/1968","MALE","BLACK"
"LARRY MAXWELL","02/26/1993","MALE","BLACK"
"RAIN MAXWELL","01/17/1990","MALE","BLACK"
"ROBERT MAXWELL","03/25/1988","MALE","BLACK"
"ROSEVELT MAXWELL","05/11/1962","MALE","BLACK"
"CALVIN MAY","05/15/1976","MALE","WHITE"
"CAMERON MAY","02/10/1991","MALE","BLACK"
"CHARLES MAY","09/18/1991","MALE","BLACK"
"CHARLES MAY","07/17/1971","MALE","BLACK"
"CHRISTOPHER MAY","02/28/1980","MALE","WHITE"
"CODY MAY","08/03/1994","MALE","WHITE"
"COURTNEY MAY","12/07/1981","MALE","BLACK"
"DEVANTE MAY","11/27/1992","MALE","BLACK"
"GEORGE MAY","01/22/1950","MALE","BLACK"
"JACKLON MAY","03/27/1989","MALE","BLACK"
"JAMES MAY","07/12/1978","MALE","WHITE"
"JASON MAY","07/06/1980","MALE","BLACK"
"JOSEPH MAY","08/18/1968","MALE","BLACK"
"LAKENDRICK MAY","07/07/1989","MALE","BLACK"
"LEAUTRY MAY","09/18/1976","MALE","BLACK"
"LENELL MAY","06/06/1993","MALE","BLACK"
"MICHAEL MAY","09/26/1994","MALE","BLACK"
"MITCHELL MAY","05/20/1991","MALE","BLACK"
"OLEE MAY","10/30/1998","MALE","BLACK"
"PHILLIP MAY","06/18/1986","MALE","BLACK"
"TERRANCE MAY","11/25/1985","MALE","BLACK"
"WILL MAY","03/15/1981","MALE","WHITE"
"ADONNIS MAY-BRIDGES","12/16/1993","MALE","BLACK"
"JOHNNY MAYBELL","10/20/1984","MALE","BLACK"
"DANIEL MAYBERRY","07/09/1960","MALE","BLACK"
"KEVIN MAYBERRY","08/06/1986","MALE","WHITE"
"RICHARD MAYBERRY","03/21/1974","MALE","WHITE"
"MICHAEL MAYE","03/12/1976","MALE","BLACK"
"ROBERT MAYE","03/13/1986","MALE","BLACK"
"JEREMY MAYER","01/29/1984","MALE","WHITE"
"LARRY MAYER","09/30/1971","MALE","WHITE"
"KIRK MAYERS","10/07/1980","MALE","BLACK"
"WALTER MAYERS","11/23/1950","MALE","BLACK"
"DUSTIN MAYES","09/22/1994","MALE","BLACK"
"GARY MAYES","02/28/1989","MALE","BLACK"
"JERRY MAYES","12/10/1985","MALE","BLACK"
"LEON MAYES","08/20/1983","MALE","BLACK"
"SAMUEL MAYES","12/29/1971","MALE","BLACK"
"CHRISTOPHER MAYFIELD","05/20/1980","MALE","WHITE"
"ETOINE MAYFIELD","10/12/1993","MALE","BLACK"
"HUBERT MAYFIELD","12/26/1987","MALE","BLACK"
"JAMES MAYFIELD","05/10/1980","MALE","WHITE"
"ROBERT MAYFIELD","01/10/1953","MALE","WHITE"
"LEONARD MAYHALL","09/15/1945","MALE","WHITE"
"MICHAEL MAYHALL","11/06/1970","MALE","BLACK"
"BRAD MAYHER","12/02/1975","MALE","WHITE"
"SCOTT MAYHORN","12/08/1985","MALE","WHITE"
"COREY MAYO","11/19/1988","MALE","WHITE"
"DANIEL MAYO","06/16/1982","MALE","WHITE"
"STEVEN MAYO","04/08/1984","MALE","WHITE"
"ANTONIO MAYS","03/29/1977","MALE","BLACK"
"ANTONIO MAYS","01/03/1993","MALE","BLACK"
"BILLY MAYS","07/07/1978","MALE","BLACK"
"CHARLES MAYS","01/01/1997","MALE","BLACK"
"COREY MAYS","10/23/1986","MALE","BLACK"
"JIMMY MAYS","02/11/1967","MALE","BLACK"
"KANESHIA MAYS","12/14/1990","FEMALE","BLACK"
"LAKENDRICK MAYS","10/02/1993","MALE","BLACK"
"LEO MAYS","08/24/1963","MALE","BLACK"
"MICHAEL MAYS","01/11/1975","MALE","BLACK"
"NICHOLAS MAYS","09/30/1982","MALE","BLACK"
"RICKY MAYS","10/04/1986","MALE","BLACK"
"RICKY MAYS","11/03/1965","MALE","BLACK"
"ROBERT MAYS","02/11/1977","MALE","BLACK"
"SHAUN MAYS","12/02/1983","MALE","BLACK"
"WILLIE MAYS","05/09/1970","MALE","BLACK"
"TYRUS MAZE","05/29/1996","MALE","BLACK"
"CLYDE MAZIE","06/11/1990","MALE","BLACK"
