"LETITIA MCABEE","05/14/1980","MALE","BLACK"
"JENNIFER MCADAMS","11/13/1977","FEMALE","WHITE"
"JOE MCADORY","05/05/1944","MALE","WHITE"
"TROY MCADORY","09/23/1981","MALE","BLACK"
"CECIL MCAFEE","08/01/1978","MALE","BLACK"
"CEDRIC MCAFEE","02/04/1980","MALE","BLACK"
"CHEVELLE MCALISTER","06/07/1987","MALE","BLACK"
"WILLIAM MCALISTER","07/03/1977","MALE","WHITE"
"CONNIE MCALLISTER","03/15/1961","FEMALE","BLACK"
"DENNIS MCALLISTER","03/31/1975","MALE","BLACK"
"GEORGE MCALLISTER","12/27/1952","MALE","BLACK"
"JOEL MCALLISTER","01/08/1987","MALE","BLACK"
"KESHONE MCALLISTER","10/08/1995","MALE","BLACK"
"ROYLANDO MCALLISTER","12/16/1980","MALE","BLACK"
"SABRINA MCALLISTER","12/31/1984","FEMALE","BLACK"
"DAVID MCATEE","02/08/1981","MALE","WHITE"
"CRAIG MCBEATH","05/27/1987","MALE","BLACK"
"LACEY MCBEATH","04/28/1980","MALE","BLACK"
"VICTOR MCBEATH","01/03/1992","MALE","BLACK"
"ODELL MCBRAYER","10/01/1986","MALE","BLACK"
"BYRON MCBRIDE","05/02/1998","MALE","BLACK"
"DARRELL MCBRIDE","12/31/1974","MALE","BLACK"
"GARY MCBRIDE","01/08/1978","MALE","WHITE"
"JERRY MCBRIDE","04/23/1964","MALE","BLACK"
"JOHNNIE MCBRIDE","04/03/1990","MALE","BLACK"
"JOHNNY MCBRIDE","12/31/1959","MALE","BLACK"
"MOSES MCBRIDE","12/14/1981","MALE","BLACK"
"RAYMOND MCBRIDE","12/28/1972","MALE","WHITE"
"ROGER MCBRIDE","08/30/1966","MALE","BLACK"
"WALTER MCBRIDE","02/24/1982","MALE","BLACK"
"BENJAMIN MCCADNEY","12/04/1991","MALE","BLACK"
"ANTHONY MCCAIN","12/05/1997","MALE","BLACK"
"GERALD MCCAIN","02/16/1976","MALE","WHITE"
"KEVIN MCCAIN","05/07/1959","MALE","WHITE"
"STEVEN MCCAIN","08/30/1990","MALE","WHITE"
"WILLIAM MCCAIN","04/28/1974","MALE","WHITE"
"MARCUS MCCAINE","12/21/1991","MALE","WHITE"
"DAVID MCCALEB","09/12/1961","MALE","BLACK"
"ANTHONY MCCALEBB","07/20/1976","MALE","BLACK"
"DEVONTAE MCCALEBB","10/15/1992","MALE","BLACK"
"CORDELLRA MCCALEY","09/03/1987","MALE","BLACK"
"CORNELIUS MCCALL","08/31/1989","MALE","BLACK"
"DAMONCO MCCALL","01/26/1982","MALE","BLACK"
"FREDERICK MCCALL","06/15/1993","MALE","BLACK"
"JAMES MCCALL","12/21/1977","MALE","WHITE"
"KENDALL MCCALL","12/16/1992","MALE","BLACK"
"RICHARD MCCALL","04/09/1972","MALE","WHITE"
"WILLIE MCCALL","04/30/1977","MALE","BLACK"
"DEXTER MCCALLA","12/26/1988","MALE","BLACK"
"KEENEN MCCALLISTER","03/03/1993","MALE","BLACK"
"JUWAN MCCALLUM","01/09/1997","MALE","BLACK"
"STEVEN MCCALLUM","06/29/1983","MALE","BLACK"
"JAY MCCALPIN","02/17/1977","MALE","WHITE"
"JASON MCCALPINE","07/08/1980","MALE","BLACK"
"DONTRA MCCALUP","06/21/1982","MALE","BLACK"
"JHERMIE MCCAMEY","03/31/1971","MALE","WHITE"
"DEVIN MCCAMMON","04/14/1982","MALE","WHITE"
"JONATHAN MCCAMMON","10/18/1981","MALE","WHITE"
"MARCUS MCCAMMON","08/25/1960","MALE","WHITE"
"BRAXTON MCCANN","01/24/1990","MALE","WHITE"
"JARIUS MCCANN","03/03/1989","MALE","BLACK"
"REGINALD MCCANN","12/22/1984","MALE","BLACK"
"WALTER MCCANN","08/16/1990","MALE","WHITE"
"CORY MCCANT","04/16/1985","MALE","BLACK"
"TANNER MCCARDLE","11/18/1991","MALE","WHITE"
"TIMOTHY MCCARLEY","01/25/1964","MALE","WHITE"
"ANTONIO MCCARTER","07/01/1986","MALE","BLACK"
"JIMMIE MCCARTER","05/15/1983","MALE","BLACK"
"SAMUEL MCCARTER","05/02/1989","MALE","BLACK"
"ANTHONY MCCARTY","04/19/1983","MALE","WHITE"
"EDWARD MCCARTY","10/16/1987","MALE","BLACK"
"ERIC MCCARTY","09/20/1973","MALE","BLACK"
"GRACE MCCARTY","10/02/1972","FEMALE","WHITE"
"GREGORY MCCARTY","12/07/1983","MALE","BLACK"
"JEREMY MCCARTY","06/15/1988","MALE","WHITE"
"JERRY MCCARTY","09/02/1965","MALE","BLACK"
"LATERRANCE MCCARTY","11/04/1991","MALE","BLACK"
"ROBERT MCCARTY","07/24/1959","MALE","BLACK"
"TARVEZ MCCARTY","06/29/2000","MALE","BLACK"
"WELFORD MCCARTY","09/22/1979","MALE","WHITE"
"WILLIE MCCARTY","07/10/1984","MALE","BLACK"
"XAVIER MCCARTY","12/30/1994","MALE","BLACK"
"ALFRED MCCASKILL","05/14/1994","MALE","BLACK"
"BRANDON MCCAULEY","11/04/1996","MALE","WHITE"
"GREGORY MCCAULEY","01/06/1972","MALE","WHITE"
"KEVIN MCCAULEY","05/10/1983","MALE","WHITE"
"ADRION MCCAY","04/03/1986","MALE","BLACK"
"DENNIS MCCAY","12/02/1981","MALE","BLACK"
"JERLIN MCCHRISTIAN","01/01/1997","MALE","BLACK"
"RONNIE MCCHRISTIAN","02/28/1959","MALE","BLACK"
"JOHN MCCHRISTON","08/08/1987","MALE","BLACK"
"ANDRE MCCLAIN","12/18/1975","MALE","BLACK"
"FRANK MCCLAIN","10/09/1961","MALE","BLACK"
"JAMES MCCLAIN","12/17/1965","MALE","WHITE"
"NIGEL MCCLAIN","08/04/1977","MALE","BLACK"
"TASHAUN MCCLAIN","11/01/1990","MALE","BLACK"
"SHAWN MCCLARY","08/24/1984","MALE","BLACK"
"THOMAS MCCLEAN","01/25/1994","MALE","BLACK"
"DANIEL MCCLELLAN","12/05/1989","MALE","WHITE"
"IVAN MCCLELLAN","08/29/1969","MALE","WHITE"
"JOHN MCCLELLAN","04/17/1992","MALE","WHITE"
"RICARDO MCCLELLAN","03/03/1976","MALE","BLACK"
"RICHARD MCCLELLAN","07/18/1980","MALE","WHITE"
"ANDREW MCCLELLAND","01/14/1974","MALE","BLACK"
"CHRISTOPHER MCCLELLAND","03/21/1980","MALE","WHITE"
"CORY MCCLELLAND","06/02/1990","MALE","BLACK"
"EMMANUEL MCCLELLAND","02/27/1987","MALE","BLACK"
"HOMER MCCLELLAND","01/27/1982","MALE","BLACK"
"LADARIUS MCCLELLAND","01/24/1995","MALE","BLACK"
"THOMAS MCCLELLAND","10/08/1993","MALE","BLACK"
"EUGENE MCCLEMORE","10/24/1982","MALE","BLACK"
"ANTHONY MCCLENDON","03/11/1972","MALE","BLACK"
"ANTONIO MCCLENDON","03/14/1979","MALE","BLACK"
"ARMONI MCCLENDON","04/09/1995","MALE","BLACK"
"CARL MCCLENDON","10/12/1959","MALE","BLACK"
"DEBROSKI MCCLENDON","06/12/1993","MALE","BLACK"
"DONALD MCCLENDON","01/30/1977","MALE","BLACK"
"JACOB MCCLENDON","12/17/1986","MALE","BLACK"
"JALYNN MCCLENDON","05/15/2000","MALE","BLACK"
"LINNON MCCLENDON","06/03/1947","MALE","BLACK"
"LOUIS MCCLENDON","02/22/1963","MALE","BLACK"
"MACK MCCLENDON","01/14/1964","MALE","BLACK"
"MARVIN MCCLENDON","12/17/1977","MALE","BLACK"
"RYAN MCCLENDON","12/29/1990","MALE","BLACK"
"KYRA MCCLENTON","10/28/1995","FEMALE","BLACK"
"LAKENDRICK MCCLINE","08/13/1990","MALE","BLACK"
"TERRY MCCLINE","02/05/1978","MALE","BLACK"
"ANDREW MCCLINTON","09/11/1971","MALE","BLACK"
"ANTHONY MCCLINTON","09/07/1992","MALE","BLACK"
"CHRISTOPHER MCCLINTON","07/23/1983","MALE","BLACK"
"KADEDRON MCCLINTON","12/23/1992","MALE","BLACK"
"RICHARD MCCLINTON","08/12/1993","MALE","BLACK"
"MICHAEL MCCLLEAN","07/26/1984","MALE","BLACK"
"ANDREW MCCLUNG","07/19/1995","MALE","WHITE"
"DARRELL MCCLUNG","02/26/1985","MALE","BLACK"
"FREDRICK MCCLUNG","09/17/1988","MALE","BLACK"
"JAMES MCCLUNG","10/08/1973","MALE","WHITE"
"JAMES MCCLUNG","08/01/1990","MALE","BLACK"
"KEVIN MCCLUNG","09/09/1966","MALE","BLACK"
"HOWARD MCCLURE","11/21/1964","MALE","WHITE"
"JERMAINE MCCLURE","01/12/1979","MALE","BLACK"
"RYAN MCCLURE","11/26/1981","MALE","WHITE"
"WALTER MCCLURE","07/31/1941","MALE","WHITE"
"ANTONIO MCCOLLINS","12/13/1976","MALE","BLACK"
"ANNA MCCOLLUM","05/21/1998","FEMALE","WHITE"
"BRANDON MCCOLLUM","09/23/1986","MALE","WHITE"
"GEORGE MCCOLLUM","09/22/1981","MALE","WHITE"
"JEREMY MCCOLLUM","12/30/1983","MALE","WHITE"
"JONATHAN MCCOLLUM","02/13/1984","MALE","WHITE"
"KADRICK MCCOLLUM","01/09/1975","MALE","BLACK"
"KALAND MCCOLLUM","07/18/1991","MALE","BLACK"
"LEE MCCOLLUM","06/30/1962","MALE","WHITE"
"WILLIE MCCOLLUM","05/25/1972","MALE","BLACK"
"RONNIE MCCOMAS","04/04/1969","MALE","WHITE"
"LEE MCCONN","08/22/1977","MALE","BLACK"
"STEVEN MCCONNEHEA","04/17/1982","MALE","WHITE"
"CLEDARREYELL MCCONNELL","08/15/1987","MALE","BLACK"
"HAILEY MCCONNELL","03/16/1991","FEMALE","WHITE"
"JACK MCCONNELL","07/21/1964","MALE","WHITE"
"AUDY MCCOOL","01/05/1952","MALE","WHITE"
"JAMES MCCOOL","03/18/1992","MALE","WHITE"
"MICHAEL MCCOOL","10/24/1986","MALE","WHITE"
"MICHAEL MCCOOL","04/09/1979","MALE","WHITE"
"COURTNEY MCCORD","05/23/1986","MALE","BLACK"
"DEQUARIUS MCCORD","10/11/1998","MALE","BLACK"
"ADRIAN MCCORMICK","07/28/1986","MALE","BLACK"
"ANDREW MCCORMICK","07/10/1970","MALE","BLACK"
"EUGIE MCCORMICK","03/16/1974","MALE","WHITE"
"JOE MCCORMICK","12/26/1972","MALE","BLACK"
"MASON MCCORMICK","09/01/1993","MALE","BLACK"
"SHAWN MCCORMICK","06/07/1988","MALE","WHITE"
"TIMOTHY MCCORMICK","02/10/1966","MALE","BLACK"
"LABARRION MCCOVERY","08/13/1976","MALE","BLACK"
"ADRIAN MCCOY","07/03/1995","MALE","BLACK"
"AMANDA MCCOY","03/26/1985","FEMALE","WHITE"
"BONNIE MCCOY","07/07/1978","FEMALE","BLACK"
"BRANT MCCOY","10/04/1974","MALE","WHITE"
"BRODERICK MCCOY","03/23/1979","MALE","BLACK"
"BRUCE MCCOY","11/27/1952","MALE","BLACK"
"CHRISTOPHER MCCOY","09/27/1986","MALE","WHITE"
"CHRISTOPHER MCCOY","10/26/1969","MALE","WHITE"
"CLARENCE MCCOY","11/05/1957","MALE","WHITE"
"CRUZ MCCOY","10/01/1987","MALE","BLACK"
"DWAYNE MCCOY","07/29/1982","MALE","BLACK"
"EDDIE MCCOY","01/09/1983","MALE","BLACK"
"ERIC MCCOY","08/17/1964","MALE","BLACK"
"JAMES MCCOY","11/28/1970","MALE","BLACK"
"JAMES MCCOY","10/22/1980","MALE","BLACK"
"JEREMY MCCOY","09/10/1975","MALE","WHITE"
"JESSIE MCCOY","11/02/1973","MALE","BLACK"
"KENTURES MCCOY","03/01/1991","MALE","BLACK"
"KEVIN MCCOY","09/19/1974","MALE","BLACK"
"LACARIUS MCCOY","09/20/1994","MALE","BLACK"
"MARLENE MCCOY","02/05/1977","FEMALE","BLACK"
"PATRICK MCCOY","08/21/1974","MALE","BLACK"
"PURVIS MCCOY","12/31/1959","MALE","BLACK"
"TIMOTHY MCCOY","04/14/1971","MALE","WHITE"
"TRAVIS MCCOY","01/22/1975","MALE","BLACK"
"TRAVIS MCCOY","08/17/1980","MALE","BLACK"
"VERNON MCCOY","01/29/1989","MALE","BLACK"
"WILLIAM MCCOY","02/17/1984","MALE","BLACK"
"HAILEY MCCRACKEN","09/05/1997","FEMALE","WHITE"
"STEPHEN MCCRAINE","10/29/1980","MALE","WHITE"
"JIMMY MCCRAW","06/28/1984","MALE","WHITE"
"CEDRICK MCCRAY","05/21/1998","MALE","BLACK"
"DEMONTA MCCRAY","06/27/1992","MALE","BLACK"
"JEFFERY MCCRAY","06/21/1966","MALE","WHITE"
"JOHNNIE MCCRAY","09/15/1951","MALE","BLACK"
"JOSHUA MCCRAY","04/08/1997","MALE","BLACK"
"K V MCCRAY","11/04/1998","MALE","BLACK"
"LA'DARRIAN MCCRAY","05/12/1996","MALE","BLACK"
"PURNELL MCCRAY","08/18/1995","MALE","BLACK"
"RENARDO MCCRAY","06/30/1987","MALE","BLACK"
"ROBERT MCCRAY","10/06/1995","MALE","BLACK"
"ROBIN MCCRAY","01/25/1985","MALE","BLACK"
"ROY MCCRAY","08/08/1983","MALE","BLACK"
"ROY MCCRAY","08/10/1963","MALE","BLACK"
"SAMUEL MCCRAY","08/13/1987","MALE","BLACK"
"STEVEN MCCRAY","05/30/1994","MALE","BLACK"
"TRENTON MCCRAY","12/15/1982","MALE","WHITE"
"JAMES MCCREARY","12/04/1954","MALE","BLACK"
"MARLIN MCCRORY","08/30/1972","MALE","WHITE"
"NATHAN MCCRORY","07/12/1991","MALE","WHITE"
"TARRELL MCCRORY","06/19/1978","MALE","WHITE"
"TOMMY MCCRORY","11/25/1983","MALE","WHITE"
"TULLEY MCCRORY","07/31/1987","MALE","WHITE"
"JESSE MCCUIN","06/29/1989","MALE","WHITE"
"GRADY MCCULLAR","03/25/1983","MALE","WHITE"
"LEROY MCCULLAR","08/24/1980","MALE","BLACK"
"TORONTO MCCULLAR","05/04/1989","MALE","BLACK"
"ANTONIO MCCULLEN","05/10/1977","MALE","BLACK"
"KYLE MCCULLER","11/07/1983","MALE","BLACK"
"STEVEN MCCULLER","03/25/1986","MALE","BLACK"
"JOSHUA MCCULLOUCH","09/08/1983","MALE","WHITE"
"CHRISTOPHER MCCULLOUGH","09/01/1978","MALE","WHITE"
"JOHNNY MCCULLOUGH","12/06/1945","MALE","WHITE"
"KARL MCCULLOUGH","03/31/1959","MALE","WHITE"
"MATTHEW MCCULLOUGH","05/27/1983","MALE","WHITE"
"CEDRIC MCCULLUM","08/29/1971","MALE","BLACK"
"CHRISTOPHER MCCULLUM","03/27/1985","MALE","BLACK"
"DEWAYNE MCCULLUM","06/11/1985","MALE","BLACK"
"JOHN MCCULLUM","12/04/1978","MALE","BLACK"
"CHRISTOPHER MCCUNE","03/02/1973","MALE","BLACK"
"QUINCY MCCURDY","10/27/1998","MALE","BLACK"
"MICHAEL MCDADE","03/02/1965","MALE","BLACK"
"ANTWON MCDANIEL","05/07/1981","MALE","BLACK"
"CHARLES MCDANIEL","09/21/1968","MALE","BLACK"
"CHRISTOPHER MCDANIEL","12/11/1974","MALE","WHITE"
"JAMARIS MCDANIEL","08/18/2000","MALE","BLACK"
"JONATHAN MCDANIEL","07/26/1989","MALE","WHITE"
"LONNIE MCDANIEL","09/08/1974","MALE","WHITE"
"LUCAS MCDANIEL","10/05/1987","MALE","WHITE"
"MICHAEL MCDANIEL","11/16/1985","MALE","WHITE"
"THOMAS MCDANIEL","07/08/1953","MALE","WHITE"
"VOIN MCDANIEL","04/21/1985","MALE","WHITE"
"RAFAEL MCDAVIS","09/29/1991","MALE","BLACK"
"AKIRA MCDONALD","01/22/1983","MALE","BLACK"
"ALBERT MCDONALD","09/27/1980","MALE","BLACK"
"ALFONZO MCDONALD","06/29/1986","MALE","BLACK"
"ANTHONY MCDONALD","06/06/1968","MALE","BLACK"
"CHRISTOPHER MCDONALD","01/11/1979","MALE","BLACK"
"CLAXTON MCDONALD","08/21/1978","MALE","BLACK"
"CORDARIUS MCDONALD","04/28/1995","MALE","BLACK"
"DANNY MCDONALD","05/11/1991","MALE","BLACK"
"DERRIC MCDONALD","01/22/1975","MALE","BLACK"
"DERRICK MCDONALD","07/30/1992","MALE","BLACK"
"ERIC MCDONALD","06/11/1975","MALE","BLACK"
"ERIC MCDONALD","12/18/1978","MALE","BLACK"
"JERMAINE MCDONALD","11/05/1987","MALE","BLACK"
"JEROME MCDONALD","03/02/1983","MALE","BLACK"
"JOHN MCDONALD","04/13/1978","MALE","BLACK"
"JUANTEZ MCDONALD","07/28/1996","MALE","BLACK"
"LAFAYETTE MCDONALD","08/12/1973","MALE","BLACK"
"LAMAR MCDONALD","07/18/1979","MALE","BLACK"
"LEONARD MCDONALD","11/09/1967","MALE","BLACK"
"MICHAEL MCDONALD","03/08/1969","MALE","WHITE"
"PAUL MCDONALD","11/04/1987","MALE","BLACK"
"REGINALD MCDONALD","02/24/1968","MALE","BLACK"
"RICKY MCDONALD","09/07/1973","MALE","BLACK"
"ROBERT MCDONALD","07/14/1969","MALE","BLACK"
"ROBERT MCDONALD","05/10/1990","MALE","BLACK"
"RODNEY MCDONALD","03/20/1990","MALE","WHITE"
"TY MCDONALD","07/17/1998","MALE","BLACK"
"ALEXANDER MCDOUGAL","11/25/1999","MALE","WHITE"
"JONATHAN MCDOUGAL","05/20/1982","MALE","BLACK"
"MARCUS MCDOUGAL","10/20/1973","MALE","BLACK"
"ANTONIO MCDOUGLE","01/20/1990","MALE","BLACK"
"DEBOSKIE MCDOUGLE","04/27/1978","MALE","BLACK"
"DIRECO MCDOUGLE","09/07/1995","MALE","BLACK"
"ANTONIO MCDOWELL","05/15/1982","MALE","BLACK"
"GABRIEL MCDOWELL","11/01/1964","MALE","BLACK"
"JAMES MCDOWELL","07/04/1988","MALE","WHITE"
"JOHN MCDOWELL","12/23/1981","MALE","WHITE"
"KADARIUS MCDOWELL","01/31/1997","MALE","BLACK"
"LAQURRIEL MCDOWELL","08/21/1969","MALE","BLACK"
"REGINALD MCDOWELL","07/05/1964","MALE","BLACK"
"TYLER MCDOWELL","10/15/1999","MALE","BLACK"
"KENDRICK MCDUFFIE","09/13/2001","MALE","BLACK"
"EDWIN MCDYESS","11/28/1974","MALE","BLACK"
"RICKY MCELVEEN","03/17/1964","MALE","BLACK"
"ANTOINE MCENTYRE","01/10/1984","MALE","BLACK"
"CODY MCENTYRE","07/15/1992","MALE","WHITE"
"CASEY MCEWEN","03/28/1996","MALE","BLACK"
"JEREMY MCFADDEN","06/17/1992","MALE","BLACK"
"RUFUS MCFADDEN","12/17/1980","MALE","BLACK"
"DEVONDRA MCFALL","12/03/1990","MALE","BLACK"
"ZACHARIAH MCFALL","11/26/1975","MALE","WHITE"
"BOBBY MCFALLS","05/09/1956","MALE","WHITE"
"DAQUAN MCFARLAND","11/29/1996","MALE","BLACK"
"JOSEPH MCFARLAND","04/22/1964","MALE","BLACK"
"MARCUS MCFARLAND","09/19/1983","MALE","BLACK"
"DAVID MCFEE","08/27/1955","MALE","WHITE"
"RODERICK MCFIELD","01/24/1991","MALE","BLACK"
"CORY MCGAHA","12/08/1977","MALE","BLACK"
"KALA MCGAHA","06/03/1982","FEMALE","BLACK"
"MARCUS MCGAHA","09/27/1988","MALE","BLACK"
"COURTNEY MCGAHEE","06/06/1988","MALE","BLACK"
"DEDRICK MCGAHEE","01/22/1986","MALE","BLACK"
"JOHN MCGARITY","04/05/1980","MALE","WHITE"
"JEREMY MCGAUGHEY","07/11/1979","MALE","BLACK"
"MARIO MCGAUGHY","09/18/1973","MALE","BLACK"
"TIMOTHY MCGAUGHY","06/10/1995","MALE","BLACK"
"ANTHONY MCGEE","12/22/1998","MALE","BLACK"
"BARON MCGEE","04/30/1975","MALE","BLACK"
"BRADLEY MCGEE","12/05/1987","MALE","WHITE"
"CRAIG MCGEE","08/27/1972","MALE","WHITE"
"DARNELL MCGEE","03/01/1990","MALE","BLACK"
"DARRELL MCGEE","01/29/1956","MALE","BLACK"
"FREDRICK MCGEE","11/03/1970","MALE","BLACK"
"HAVEN MCGEE","12/12/1990","MALE","WHITE"
"HERMAN MCGEE","08/09/1983","MALE","BLACK"
"JAMES MCGEE","11/10/1980","MALE","BLACK"
"JEREMY MCGEE","09/10/1998","MALE","WHITE"
"JOSHUA MCGEE","04/18/1984","MALE","BLACK"
"KENYATTA MCGEE","02/12/1984","MALE","BLACK"
"KIM MCGEE","05/31/1979","MALE","BLACK"
"LARRY MCGEE","07/20/1948","MALE","WHITE"
"LARRY MCGEE","06/28/1968","MALE","WHITE"
"LARRY MCGEE","05/06/1991","MALE","BLACK"
"MARK MCGEE","03/05/1974","MALE","WHITE"
"PATRICK MCGEE","01/30/1987","MALE","BLACK"
"PATRICK MCGEE","07/25/1965","MALE","BLACK"
"PATRICK MCGEE","05/23/1994","MALE","WHITE"
"RALPH MCGEE","12/29/1961","MALE","WHITE"
"REGINALD MCGEE","10/05/1969","MALE","BLACK"
"RENICA MCGEE","04/08/1992","FEMALE","BLACK"
"ROBERT MCGEE","01/28/1980","MALE","WHITE"
"SETH MCGEE","10/15/1997","MALE","WHITE"
"SHAKUR MCGEE","12/14/1993","MALE","BLACK"
"SHATARA MCGEE","07/27/1988","FEMALE","BLACK"
"SHAWNZELL MCGEE","11/27/1990","MALE","BLACK"
"VINCENT MCGEE","08/10/1987","MALE","BLACK"
"VINCENT MCGEE","02/17/1988","MALE","BLACK"
"DESMOND MCGHAW","02/28/1989","MALE","BLACK"
"DEQUANTAE MCGHEE","11/15/1996","MALE","BLACK"
"GEORGE MCGHEE","12/07/1969","MALE","BLACK"
"LEVEAL MCGHEE","01/08/1959","MALE","BLACK"
"RENO MCGHEE","10/19/1981","MALE","BLACK"
"XAVIER MCGHEE","10/16/1988","MALE","BLACK"
"PHILLIP MCGILBERRY","12/26/1964","MALE","BLACK"
"STEPHEN MCGILBERRY","02/07/1978","MALE","WHITE"
"ANTHONY MCGILL","11/18/1989","MALE","BLACK"
"DAN MCGILL","03/19/1981","MALE","BLACK"
"JERRY MCGILL","12/23/1996","MALE","BLACK"
"JOSEPH MCGILL","12/27/1983","MALE","BLACK"
"KASHKA MCGILL","08/04/1989","MALE","BLACK"
"LADARREN MCGILL","01/01/1989","MALE","BLACK"
"TIMOTHY MCGILLIVARY","07/27/1981","MALE","WHITE"
"ROBERT MCGILVARY","06/02/1959","MALE","WHITE"
"AMOS MCGINISTER","07/29/1989","MALE","BLACK"
"CEDRICK MCGINNIS","02/10/1981","MALE","BLACK"
"THOMAS MCGINTEY","11/25/1968","MALE","WHITE"
"STANLEY MCGLASTON","08/11/1964","MALE","BLACK"
"MARCUS MCGLAUN","03/16/1986","MALE","BLACK"
"TARVORIS MCGLOTHIN","11/01/1994","MALE","BLACK"
"ARTAVIUS MCGOWAN","11/01/1990","MALE","BLACK"
"BRANDON MCGOWAN","02/01/1999","MALE","BLACK"
"BRANDON MCGOWAN","07/01/1986","MALE","WHITE"
"BRANDY MCGOWAN","11/14/1986","MALE","BLACK"
"CHARLES MCGOWAN","10/29/1980","MALE","BLACK"
"CHARLIE MCGOWAN","07/04/1977","MALE","BLACK"
"CHRISTOPHER MCGOWAN","05/26/1987","MALE","BLACK"
"CLEVERLAND MCGOWAN","09/23/1969","MALE","BLACK"
"DAVID MCGOWAN","05/04/1988","MALE","BLACK"
"DEERIC MCGOWAN","02/27/1991","MALE","BLACK"
"EDDIE MCGOWAN","01/16/1985","MALE","BLACK"
"JAMES MCGOWAN","06/09/1985","MALE","BLACK"
"JAQUANTAY MCGOWAN","01/11/1999","MALE","BLACK"
"LADARIUS MCGOWAN","10/31/1998","MALE","BLACK"
"MAURICE MCGOWAN","08/22/1981","MALE","BLACK"
"MELVIN MCGOWAN","07/17/1974","MALE","BLACK"
"MICHAEL MCGOWAN","07/27/1979","MALE","BLACK"
"WILLIE MCGOWAN","08/18/1957","MALE","BLACK"
"HUGH MCGOWEN","09/24/1964","MALE","WHITE"
"JASON MCGRATH","02/08/1969","MALE","WHITE"
"ANDREW MCGRAW","08/26/1964","MALE","BLACK"
"JOHN MCGRAW","07/27/1983","MALE","WHITE"
"MICHAEL MCGREGOR","01/26/1980","MALE","WHITE"
"EDDIE MCGREGORY","10/25/1980","MALE","BLACK"
"WILLIE MCGREGORY","05/07/1983","MALE","BLACK"
"AUSTIN MCGREW","08/14/1994","MALE","WHITE"
"JAMES MCGREW","12/30/1989","MALE","BLACK"
"JOE MCGREW","01/30/1987","MALE","BLACK"
"VINCENT MCGREW","02/04/1969","MALE","BLACK"
"PAMELA MCGRIFF","03/20/1984","FEMALE","WHITE"
"CHARLES MCGRIGGS","11/09/1963","MALE","BLACK"
"JONATHAN MCGRIGGS","10/11/1978","MALE","BLACK"
"AARON MCGRUDER","03/26/1989","MALE","BLACK"
"ANTHONY MCGRUDER","03/28/1957","MALE","BLACK"
"DEMONTRAE MCGRUDER","10/11/1993","MALE","BLACK"
"IRA MCGRUDER","03/16/1992","MALE","BLACK"
"DESTINEY MCGUIRE","07/10/1988","FEMALE","WHITE"
"ROBERT MCGUIRE","02/02/1964","MALE","WHITE"
"BENNIE MCHARRIS","08/09/1962","MALE","BLACK"
"DAVID MCINNIS","06/03/1967","MALE","WHITE"
"MICHAEL MCINNIS","02/18/1965","MALE","WHITE"
"ANDREW MCINTOSH","09/29/1972","MALE","BLACK"
"CHRISTOPHER MCINTOSH","04/24/1991","MALE","BLACK"
"DEWON MCINTOSH","03/10/1971","MALE","BLACK"
"SHAWN MCINTOSH","03/09/1973","MALE","BLACK"
"TYRONE MCINTOSH","04/19/1976","MALE","BLACK"
"WILLIE MCINTOSH","11/30/1983","MALE","BLACK"
"DAMIAN MCINTYRE","11/22/1991","MALE","BLACK"
"JACERIOUS MCINTYRE","11/14/1997","MALE","BLACK"
"RICHARD MCINTYRE","12/24/1976","MALE","WHITE"
"MATTHEW MCKAMEY","03/28/1985","MALE","WHITE"
"ANDREA MCKAY","12/30/1974","FEMALE","BLACK"
"KIPP MCKAY","11/17/1987","MALE","WHITE"
"CHRISTOPHER MCKEE","09/16/1975","MALE","WHITE"
"LABARRON MCKEE","06/28/1990","MALE","BLACK"
"RANDY MCKEE","04/04/1993","MALE","BLACK"
"NATHANIEL MCKEITHAN","12/27/1988","MALE","BLACK"
"CAMERON MCKENZIE","06/26/1989","MALE","WHITE"
"JEREMY MCKENZIE","10/26/1993","MALE","WHITE"
"REGINALD MCKENZIE","01/01/1974","MALE","BLACK"
"RODNEY MCKENZIE","04/21/1991","MALE","BLACK"
"GABRIEL MCKEY","02/07/1991","MALE","BLACK"
"ANTHONY MCKINLEY","04/21/1957","MALE","WHITE"
"BILLY MCKINLEY","10/11/1965","MALE","WHITE"
"DANA MCKINLEY","06/29/1982","FEMALE","WHITE"
"DARLENA MCKINLEY","03/15/1960","FEMALE","WHITE"
"DERRICK MCKINLEY","06/30/1983","MALE","BLACK"
"DONNELL MCKINLEY","04/26/1969","MALE","BLACK"
"JASON MCKINLEY","05/08/1979","MALE","WHITE"
"RAPHAEL MCKINLEY","09/12/1971","MALE","BLACK"
"CARL MCKINNEY","09/27/1999","MALE","BLACK"
"CHARLES MCKINNEY","11/17/1998","MALE","BLACK"
"CHRISTOPHER MCKINNEY","04/06/1989","MALE","WHITE"
"DANIEL MCKINNEY","02/07/1984","MALE","WHITE"
"DARRIN MCKINNEY","06/25/1996","MALE","BLACK"
"DEANGELO MCKINNEY","05/05/1984","MALE","BLACK"
"DESHONE MCKINNEY","10/02/1983","MALE","BLACK"
"DEVONTE MCKINNEY","09/21/1995","MALE","BLACK"
"JAMES MCKINNEY","10/22/1981","MALE","BLACK"
"JAMIE MCKINNEY","11/26/1994","MALE","BLACK"
"JASPER MCKINNEY","11/23/1990","MALE","BLACK"
"MARQUIS MCKINNEY","08/30/1993","MALE","BLACK"
"REGINALD MCKINNEY","04/21/1990","MALE","BLACK"
"ROBERT MCKINNEY","09/29/1983","MALE","BLACK"
"TERRANCE MCKINNEY","08/29/1981","MALE","BLACK"
"TYRUS MCKINNEY","09/01/1996","MALE","BLACK"
"WILLIAM MCKINNEY","09/12/1985","MALE","WHITE"
"TONY MCKINNIS","03/21/1969","MALE","BLACK"
"DILLON MCKINNON","08/26/1992","MALE","BLACK"
"JOSHUA MCKINNON","01/10/1991","MALE","WHITE"
"NATHAN MCKINNON","08/25/1988","MALE","WHITE"
"JARREN MCKINZIE","07/08/1996","MALE","BLACK"
"DESMOND MCKNIGHT","10/04/1982","MALE","BLACK"
"JAMES MCKNIGHT","07/29/1963","MALE","BLACK"
"KEJORIUM MCKNIGHT","12/23/1998","MALE","BLACK"
"KELVIN MCKNIGHT","08/24/1983","MALE","BLACK"
"RANDY MCKNIGHT","07/31/1970","MALE","BLACK"
"TIMOTHY MCKNIGHT","05/09/1990","MALE","BLACK"
"JULIUS MCKNIGHT,","10/16/1982","MALE","BLACK"
"TERRY MCKNUCKLES","01/20/1962","MALE","BLACK"
"BILLY MCLAIN","10/22/1983","MALE","WHITE"
"CLIFFORD MCLAIN","10/02/1974","MALE","WHITE"
"JERRY MCLAIN","03/01/1983","MALE","WHITE"
"NELSON MCLAIN","09/21/1976","MALE","WHITE"
"RYAN MCLAIN","06/04/1983","MALE","WHITE"
"WAYNE MCLAIN","07/04/1958","MALE","BLACK"
"DAVID MCLARTY","10/13/1971","MALE","WHITE"
"JOHNNY MCLARTY","01/17/1974","MALE","WHITE"
"MALCOLM MCLAUGHLIN","03/12/1990","MALE","BLACK"
"AHMAD MCLAURIN","09/15/1994","MALE","BLACK"
"MOSES MCLAURIN","10/20/1981","MALE","BLACK"
"ROBERT MCLAURIN","12/15/1983","MALE","BLACK"
"SHAWN MCLAURIN","07/12/1974","MALE","BLACK"
"ANITA MCLEMORE","11/12/1965","FEMALE","WHITE"
"JACKIE MCLEMORE","04/19/1966","MALE","WHITE"
"JOE MCLEMORE","06/23/1969","MALE","WHITE"
"MARK MCLEMORE","11/03/1974","MALE","BLACK"
"QUINTON MCLEMORE","10/26/1990","MALE","BLACK"
"CHRISTOPHER MCLENDON","02/07/1983","MALE","WHITE"
"ERIC MCLENDON","12/12/1980","MALE","BLACK"
"KELLY MCLENDON","08/23/1985","MALE","WHITE"
"BRIAN MCLEOD","12/21/1972","MALE","WHITE"
"DANIEL MCLEOD","02/17/1991","MALE","WHITE"
"JEREMY MCLEOD","04/26/1987","MALE","BLACK"
"JOHN MCLEOD","10/25/1947","MALE","WHITE"
"MARCUS MCLEOD","12/05/1972","MALE","BLACK"
"WESLEY MCLEOD","10/21/1954","MALE","BLACK"
"BRANDON MCLEON","04/23/1995","MALE","BLACK"
"NICHOLAS MCLIN","03/19/1989","MALE","BLACK"
"DAVID MCLYMONT","04/17/1989","MALE","BLACK"
"CHRISTOPHER MCMAHON","06/07/1984","MALE","WHITE"
"CHRISTOPHER MCMAHON","10/21/1977","MALE","BLACK"
"BERTRAM MCMANIS","09/02/1975","MALE","BLACK"
"JASON MCMANUS","05/23/1981","MALE","WHITE"
"JOHN MCMANUS","12/26/1975","MALE","WHITE"
"ARTHUR MCMASTER","11/25/1962","MALE","WHITE"
"JOSEPH MCMILLAN","06/30/1980","MALE","BLACK"
"LEAH MCMILLAN","08/20/1988","FEMALE","AMERICAN"
"WILLIAM MCMILLAN","08/26/1987","MALE","WHITE"
"JAMES MCMILLEN","06/27/1964","MALE","WHITE"
"JOSHUA MCMILLEN","11/15/1995","MALE","WHITE"
"ARTHUR MCMILLIAN","10/22/1969","MALE","WHITE"
"BERNARD MCMILLIAN","12/24/1970","MALE","BLACK"
"CORTEZ MCMILLIAN","10/27/1991","MALE","BLACK"
"DAVID MCMILLIAN","02/09/1970","MALE","BLACK"
"DEJUANTE MCMILLIAN","06/01/1999","MALE","BLACK"
"LARRY MCMILLIAN","07/15/1950","MALE","BLACK"
"WILLIE MCMILLIAN","01/09/1966","MALE","BLACK"
"IZOLA MCMILLON","10/13/1987","FEMALE","BLACK"
"CHRISTOPHER MCMORRIS","02/11/1991","MALE","BLACK"
"DALTON MCMULLAN","10/27/1999","MALE","WHITE"
"STEVE MCMULLIN","11/08/1981","MALE","WHITE"
"TRAVIS MCMURRAY","01/02/1987","MALE","WHITE"
"RANDALL MCMURRY","07/20/1993","MALE","WHITE"
"DEMARCUS MCMURTERY","03/07/1987","MALE","BLACK"
"WENDELL MCNABB","10/22/1973","MALE","WHITE"
"AARON MCNAIR","07/20/1988","MALE","BLACK"
"BRANDON MCNAIR","02/09/1987","MALE","BLACK"
"DANIEL MCNAIR","06/25/1977","MALE","BLACK"
"DANIEL MCNAIR","10/28/1996","MALE","BLACK"
"JONATHAN MCNAIR","05/27/1996","MALE","BLACK"
"JTOREY MCNAIR","03/11/1991","MALE","BLACK"
"OLIVER MCNAIR","11/19/1990","MALE","BLACK"
"ROCHA MCNAIR","06/03/1976","MALE","BLACK"
"RUMOND MCNAIR","05/27/1986","MALE","BLACK"
"MICHAEL MCNAMEE","09/20/1965","MALE","BLACK"
"DONALD MCNEAL","03/15/1958","MALE","WHITE"
"GARDREKUS MCNEAL","03/21/2000","MALE","BLACK"
"LASHUANDRA MCNEAL","07/07/1986","FEMALE","BLACK"
"LAWRENCE MCNEAL","04/18/1992","MALE","BLACK"
"QUINN MCNEAL","04/25/1993","MALE","BLACK"
"TANNER MCNEAL","11/11/1992","MALE","WHITE"
"TERANCE MCNEAL","12/25/1982","MALE","BLACK"
"TERRY MCNEAL","02/27/1990","MALE","BLACK"
"YOLANDA MCNEELY","07/29/1967","FEMALE","BLACK"
"BLAKE MCNEER","09/29/1984","MALE","WHITE"
"RICHARD MCNEER","01/13/1964","MALE","WHITE"
"RICKY MCNEER","04/10/1966","MALE","WHITE"
"JAMES MCNEESE","12/01/1971","MALE","WHITE"
"CARRIO MCNEIL","06/26/1989","MALE","BLACK"
"DONALD MCNEIL","05/16/1952","MALE","BLACK"
"EDDIE MCNEIL","04/11/1984","MALE","BLACK"
"JAMIE MCNEIL","11/07/1990","MALE","BLACK"
"KENNETH MCNEIL","09/25/1961","MALE","WHITE"
"KENTRELL MCNEIL","04/06/1989","MALE","BLACK"
"STANLEY MCNEIL","03/04/1980","MALE","BLACK"
"WILLIAM MCNEIL","08/17/1953","MALE","WHITE"
"CHRISTOPHER MCNELSON","05/21/1999","MALE","BLACK"
"CHRISTOPHER MCNULTY","10/08/1983","MALE","BLACK"
"PHILLIP MCNULTY","12/08/1979","MALE","BLACK"
"DEMETRIUS MCNUTT","03/14/1986","MALE","BLACK"
"DORSIE MCNUTT","07/08/1983","FEMALE","WHITE"
"GEORGE MCPHAIL","07/30/1980","MALE","WHITE"
"TAYLOR MCPHAIL","08/10/1995","MALE","WHITE"
"MONTRELL MCPHERSON","10/07/1992","MALE","BLACK"
"JOSEPH MCQUAIN","03/21/1983","MALE","WHITE"
"JEROME MCQUARTER","09/13/1971","MALE","BLACK"
"JASON MCQUEEN","11/16/1978","MALE","WHITE"
"WILLIE MCQUEEN","04/07/1954","MALE","BLACK"
"OBIE MCQUILLER","05/28/1971","MALE","BLACK"
"TRA MCQUILLER","11/28/1982","MALE","BLACK"
"WESLEY MCQUOID","06/28/1983","MALE","WHITE"
"THOMAS MCRAE","03/20/1997","MALE","BLACK"
"CHRISTOPHER MCRANEY","10/28/1986","MALE","WHITE"
"MICAH MCREE","04/14/1998","MALE","BLACK"
"KEITHA MCROY","02/16/1992","FEMALE","BLACK"
"CHARLES MCSHAN","01/19/1969","MALE","BLACK"
"BOBBI JO MCSWAIN","07/07/1989","FEMALE","BLACK"
"JONATHAN MCSWAIN","04/07/1988","MALE","BLACK"
"JACOB MCTAGGART","09/07/1976","MALE","WHITE"
"STEVEN MCVEY","07/14/1961","MALE","WHITE"
"DAMIEN MCWHORTER","06/17/1974","MALE","WHITE"
"SARAH MCWHORTER","11/06/1981","FEMALE","WHITE"
"ANTRON MCWILLIAMS","10/09/1988","MALE","BLACK"
"CORNELIUS MCWILLIAMS","02/18/1984","MALE","BLACK"
