"CHRISTOPHER MOAK","05/18/1976","MALE","WHITE"
"MATTHEW MOBERG","09/04/1994","MALE","WHITE"
"MICHAEL MOBLEY","08/07/1979","MALE","WHITE"
"KEITH MOESTA","06/23/1977","MALE","WHITE"
"LIZABETH MOESTA","03/02/1976","FEMALE","WHITE"
"RYAN MOFFATT","12/28/1988","MALE","WHITE"
"ERIC MOFFETT","12/13/1973","MALE","BLACK"
"GREG MOFFETT","10/29/1974","MALE","BLACK"
"JAQUAN MOFFETT","05/26/1998","MALE","BLACK"
"JOE MOFFETT","06/03/1971","MALE","BLACK"
"JOHN MOFFETT","10/22/1974","MALE","WHITE"
"PAUL MOFFETT","03/25/1968","MALE","BLACK"
"RICHARD MOFFETT","04/23/1993","MALE","BLACK"
"SHAWN MOFFETT","01/31/1991","MALE","BLACK"
"SIRNARDO MOFFETT","07/19/1969","MALE","BLACK"
"WILLIAM MOFFETT","03/28/1982","MALE","WHITE"
"DERRICK MOFFITE","07/25/1983","MALE","BLACK"
"CODY MOFFITT","04/11/1989","MALE","WHITE"
"MOHAMED MOHAMED","03/02/1971","MALE","ASIAN"
"KELVIN MOHEAD","07/11/2000","MALE","BLACK"
"MARK MOHLER","01/01/1981","MALE","WHITE"
"RAUL MOLINAR","05/01/1953","MALE","WHITE"
"RYAN MOLING","08/31/1986","MALE","WHITE"
"ROBERT MONCADA SANCHE","06/15/1964","MALE","SPANISH"
"CESAR MONCIVAIZ","06/26/1982","MALE","ASIAN"
"VONTARIUS MONCREE","08/18/1990","MALE","BLACK"
"COURTNEY MONCRIEF","10/07/1986","MALE","BLACK"
"DAMIEN MONCRIEF","12/14/1992","MALE","BLACK"
"GLENN MONCRIEF","11/03/1970","MALE","BLACK"
"TERRY MONCRIEF","08/05/1979","MALE","BLACK"
"KELLY MONEY","08/08/1977","MALE","WHITE"
"KEVIN MONEY","12/10/1979","MALE","WHITE"
"RONALD MONGEON","07/08/1974","MALE","ASIAN"
"MICHAEL MONGOMERY","01/11/1982","MALE","WHITE"
"ALFREDO MONGOY","09/20/1986","MALE","SPANISH"
"ASHLEY MONK","09/14/1982","FEMALE","WHITE"
"FELICIA MONROE","02/11/1978","FEMALE","BLACK"
"JERRY MONROE","08/31/1965","MALE","BLACK"
"KOREY MONROE","07/13/1998","MALE","BLACK"
"KYLE MONROE","07/27/1999","MALE","BLACK"
"BREESHON MONS","11/10/1997","MALE","WHITE"
"STEPHEN MONTALTO","10/01/1975","MALE","WHITE"
"JOSEPH MONTANA","10/07/1974","MALE","WHITE"
"RYAN MONTANA","06/21/1974","MALE","WHITE"
"ALEJANDRO MONTENEGRO","08/22/1981","MALE","SPANISH"
"BENITO MONTES","08/15/1962","MALE","SPANISH"
"JUSTIN MONTEZ","05/29/1984","MALE","SPANISH"
"ADRIAN MONTGOMERY","06/15/1983","MALE","BLACK"
"BRANDON MONTGOMERY","05/08/1985","MALE","BLACK"
"CHARLES MONTGOMERY","03/30/1954","MALE","BLACK"
"CREIGHTON MONTGOMERY","03/26/1987","MALE","BLACK"
"DEANDRE MONTGOMERY","12/01/1981","MALE","BLACK"
"GLENN MONTGOMERY","11/13/1960","MALE","BLACK"
"HARRISON MONTGOMERY","01/03/1972","MALE","BLACK"
"JOSEPH MONTGOMERY","10/07/1994","MALE","WHITE"
"JOVITHA MONTGOMERY","04/04/1996","FEMALE","BLACK"
"KALEB MONTGOMERY","12/10/1999","MALE","BLACK"
"KENDEL MONTGOMERY","04/20/1989","MALE","BLACK"
"KENNAN MONTGOMERY","09/03/1990","MALE","BLACK"
"LASHONDA MONTGOMERY","09/19/1973","FEMALE","BLACK"
"NAKIEER MONTGOMERY","04/15/1975","MALE","BLACK"
"PATRICK MONTGOMERY","11/09/1963","MALE","BLACK"
"SHELTON MONTGOMERY","11/19/1978","MALE","BLACK"
"VERNON MONTGOMERY","08/03/1981","MALE","BLACK"
"WILLIE MONTGOMERY","12/13/1988","MALE","BLACK"
"XAVIER MONTGOMERY","03/07/1994","MALE","BLACK"
"ESTEBAN MONTOYA","11/28/1981","MALE","SPANISH"
"WAYNE MONTS","02/02/1981","MALE","WHITE"
"WHITNEY MONTS","09/26/1991","FEMALE","WHITE"
"BOBBY MONTSON","05/05/1971","MALE","BLACK"
"ALBERT MOODY","11/04/1974","MALE","BLACK"
"ANTHONY MOODY","08/15/1978","MALE","BLACK"
"CARLOS MOODY","01/03/1984","MALE","BLACK"
"DAVID MOODY","10/28/1980","MALE","WHITE"
"DEMEATRIUS MOODY","10/12/1992","FEMALE","BLACK"
"DERRICK MOODY","04/03/1990","MALE","BLACK"
"DESTIN MOODY","03/16/1994","MALE","BLACK"
"DONTAE MOODY","11/18/1996","MALE","BLACK"
"GRETCHIN MOODY","07/08/1972","FEMALE","WHITE"
"JOHNNA MOODY","12/28/1981","FEMALE","WHITE"
"JUSTIN MOODY","04/30/1990","MALE","WHITE"
"KENNETH MOODY","02/21/1975","MALE","WHITE"
"KEVIN MOODY","09/11/1972","MALE","WHITE"
"LARRY MOODY","08/09/1982","MALE","BLACK"
"LARRY MOODY","05/22/1975","MALE","BLACK"
"MALACHI MOODY","11/29/1992","MALE","BLACK"
"OMAR MOODY","09/25/1981","MALE","BLACK"
"TIQUESE MOODY","10/18/1989","MALE","BLACK"
"WOODY MOODY","10/22/1960","MALE","WHITE"
"ZARPHYA MOODY","12/21/1990","MALE","BLACK"
"ALLEN MOON","10/02/1999","MALE","BLACK"
"ALVIN MOON","01/16/1957","MALE","BLACK"
"LARRY MOON","01/06/1951","MALE","WHITE"
"BRIAN MOONEY","06/10/1978","MALE","WHITE"
"JAMIE MOONEY","07/14/1984","MALE","WHITE"
"JERAMY MOONEY","10/02/1974","MALE","WHITE"
"CHRISTOPHER MOONEYHAM","04/13/1991","MALE","WHITE"
"RICKY MOONEYHAM","09/18/1959","MALE","WHITE"
"AARON MOORE","08/29/1993","MALE","BLACK"
"ADRIAN MOORE","04/25/1987","MALE","BLACK"
"ANDRE MOORE","05/09/1991","MALE","BLACK"
"ANDRE MOORE","09/24/1967","MALE","BLACK"
"ANDREIUS MOORE","08/18/1990","MALE","BLACK"
"ANTHONY MOORE","12/06/1970","MALE","BLACK"
"ANTHONY MOORE","08/07/1976","MALE","BLACK"
"ANTONIO MOORE","05/18/1980","MALE","BLACK"
"ARTAVIOUS MOORE","08/13/1992","MALE","BLACK"
"ARTHUR MOORE","08/07/1991","MALE","BLACK"
"ASHLEY MOORE","02/18/1983","FEMALE","WHITE"
"BELL MOORE","08/30/1972","MALE","BLACK"
"BENJAMIN MOORE","02/28/1965","MALE","BLACK"
"BILLY MOORE","10/23/1978","MALE","WHITE"
"BILLY MOORE","01/01/1964","MALE","BLACK"
"BILLY MOORE","02/06/1960","MALE","WHITE"
"BRANDON MOORE","11/27/1982","MALE","WHITE"
"BRANDON MOORE","10/15/1988","MALE","WHITE"
"BRIANNA MOORE","02/26/1995","FEMALE","BLACK"
"BRODERICK MOORE","02/08/1998","MALE","BLACK"
"CALVIN MOORE","01/29/1976","MALE","BLACK"
"CAMERON MOORE","11/08/1978","MALE","WHITE"
"CARL MOORE","07/12/1978","MALE","BLACK"
"CARLOS MOORE","11/02/1982","MALE","BLACK"
"CARTRELL MOORE","12/27/1986","MALE","BLACK"
"CARVELLE MOORE","05/13/1990","MALE","BLACK"
"CEDRIC MOORE","12/04/1986","MALE","BLACK"
"CHAD MOORE","11/22/1992","MALE","WHITE"
"CHARLES MOORE","10/22/1976","MALE","WHITE"
"CHARLES MOORE","06/30/1976","MALE","BLACK"
"CHARLES MOORE","02/05/1974","MALE","BLACK"
"CHRISTOPHER MOORE","04/30/1980","MALE","WHITE"
"CHRISTOPHER MOORE","04/13/1993","MALE","BLACK"
"CHRISTOPHER MOORE","07/06/1979","MALE","BLACK"
"COREY MOORE","04/25/1972","MALE","BLACK"
"CUNDRA MOORE","06/16/1957","MALE","BLACK"
"DANIEL MOORE","02/04/1986","MALE","WHITE"
"DANIEL MOORE","03/23/1973","MALE","BLACK"
"DARRIS MOORE","02/24/1976","MALE","BLACK"
"DARRIUS MOORE","03/25/1991","MALE","BLACK"
"DARRYL MOORE","09/15/1963","MALE","BLACK"
"DAVID MOORE","11/07/1959","MALE","BLACK"
"DAVID MOORE","10/29/1974","MALE","BLACK"
"DAVID MOORE","10/09/1967","MALE","BLACK"
"DAVID MOORE","10/18/1983","MALE","BLACK"
"DAZMOND MOORE","12/15/1990","MALE","BLACK"
"DECARLOS MOORE","06/08/1981","MALE","BLACK"
"DEJAMES MOORE","06/14/1994","MALE","BLACK"
"DEMION MOORE","08/20/1994","MALE","BLACK"
"DERRICK MOORE","11/07/1997","MALE","BLACK"
"DERRICK MOORE","04/23/1988","MALE","BLACK"
"DERRICK MOORE","07/21/1967","MALE","BLACK"
"DERRICK MOORE","01/10/1980","MALE","BLACK"
"DESTINY MOORE","08/18/1979","MALE","BLACK"
"DEVANTAE MOORE","06/12/1997","MALE","BLACK"
"DEXTER MOORE","03/21/1986","MALE","BLACK"
"DOMIMIQUE MOORE","08/31/1968","MALE","BLACK"
"DRARUS MOORE","08/27/1987","MALE","BLACK"
"EARNEST MOORE","09/01/1979","MALE","BLACK"
"EMILY MOORE","05/22/1991","FEMALE","WHITE"
"ERIS MOORE","10/29/1990","MALE","BLACK"
"EVERETT MOORE","05/17/1974","MALE","BLACK"
"FELICIA MOORE","05/31/1988","FEMALE","BLACK"
"FRANK MOORE","03/03/1965","MALE","BLACK"
"GARY MOORE","09/28/1961","MALE","WHITE"
"GEORGE MOORE","05/21/1999","MALE","BLACK"
"GEROME MOORE","03/22/1997","MALE","BLACK"
"GEROME MOORE","08/20/1979","MALE","BLACK"
"GREG MOORE","03/26/1964","MALE","BLACK"
"GREGORY MOORE","01/26/1992","MALE","WHITE"
"GREGORY MOORE","02/21/1994","MALE","BLACK"
"HOLLISE MOORE","07/06/1980","MALE","BLACK"
"ISAAC MOORE","10/25/1998","MALE","BLACK"
"IVERY MOORE","11/17/1994","MALE","BLACK"
"JACK MOORE","04/25/1970","MALE","WHITE"
"JACOB MOORE","09/19/1980","MALE","WHITE"
"JAMES MOORE","06/26/1972","MALE","BLACK"
"JAMES MOORE","09/17/1966","MALE","BLACK"
"JAMES MOORE","09/18/1980","MALE","BLACK"
"JAMES MOORE","08/24/1980","MALE","BLACK"
"JAMIE MOORE","11/22/1970","MALE","WHITE"
"JAMONE MOORE","03/13/1996","MALE","BLACK"
"JEFFREY MOORE","03/10/1986","MALE","BLACK"
"JEREMIAH MOORE","08/12/1993","MALE","BLACK"
"JERMAINE MOORE","09/20/1974","MALE","BLACK"
"JMARQUIS MOORE","04/18/1980","MALE","BLACK"
"JOHN MOORE","04/18/1985","MALE","BLACK"
"JONTE MOORE","02/02/1980","MALE","BLACK"
"JORDAN MOORE","05/14/1987","MALE","WHITE"
"JOSHUA MOORE","08/10/1990","MALE","WHITE"
"JOSHUA MOORE","12/05/1987","MALE","BLACK"
"JOY MOORE","04/24/1986","FEMALE","BLACK"
"JUSTIN MOORE","02/13/1989","MALE","BLACK"
"KALEGUO MOORE","11/16/1994","MALE","BLACK"
"KATONYIA MOORE","06/27/1977","FEMALE","BLACK"
"KEITH MOORE","07/22/1997","MALE","BLACK"
"KENDALL MOORE","11/14/1983","MALE","BLACK"
"KENDRICH MOORE","03/24/1966","MALE","BLACK"
"KENNETH MOORE","10/29/1987","MALE","BLACK"
"KEVIN MOORE","11/13/1982","MALE","BLACK"
"KEVIN MOORE","11/24/1980","MALE","BLACK"
"KEVONTA MOORE","10/27/1998","MALE","BLACK"
"KRISTEN MOORE","09/16/1973","MALE","BLACK"
"LADWAYNE MOORE","04/28/1983","MALE","BLACK"
"LAKENDRA MOORE","06/30/1988","FEMALE","BLACK"
"LAPRAVIS MOORE","05/22/1992","MALE","BLACK"
"LAYFUN MOORE","05/01/1967","MALE","BLACK"
"LEAVY MOORE","08/08/1962","MALE","WHITE"
"LECORDARRO MOORE","05/14/1991","MALE","BLACK"
"LEON MOORE","11/22/1960","MALE","BLACK"
"MARCUS MOORE","01/24/1992","MALE","BLACK"
"MARCUS MOORE","01/06/1984","MALE","BLACK"
"MARQUIS MOORE","05/08/1975","MALE","BLACK"
"MARTIN MOORE","02/03/1988","MALE","WHITE"
"MATTHEW MOORE","01/31/1988","MALE","BLACK"
"MICHAEL MOORE","05/03/1985","MALE","BLACK"
"MICHAEL MOORE","05/16/1989","MALE","BLACK"
"MICHAEL MOORE","03/08/1961","MALE","BLACK"
"MICHAEL MOORE","03/07/1976","MALE","WHITE"
"MISTY MOORE","03/20/1982","FEMALE","WHITE"
"NED MOORE","06/08/1957","MALE","BLACK"
"NICHOLAS MOORE","07/13/1989","MALE","WHITE"
"OLIVIA MOORE","01/05/1965","FEMALE","BLACK"
"PATRICK MOORE","05/28/1984","MALE","BLACK"
"PHILLIP MOORE","02/06/1983","MALE","BLACK"
"RACHEL MOORE","06/24/1972","FEMALE","WHITE"
"RAYMOND MOORE","08/04/1967","MALE","BLACK"
"REGINA MOORE","12/02/1974","FEMALE","WHITE"
"RENARD MOORE","12/10/1978","MALE","BLACK"
"RICHARD MOORE","02/08/1984","MALE","WHITE"
"RICKY MOORE","01/26/1976","MALE","BLACK"
"RICKY MOORE","01/14/1985","MALE","BLACK"
"ROBERT MOORE","11/02/1983","MALE","WHITE"
"ROBERT MOORE","08/24/1973","MALE","BLACK"
"ROBERT MOORE","09/25/1976","MALE","BLACK"
"ROBERT MOORE","07/19/2001","MALE","BLACK"
"RONALD MOORE","06/25/1979","MALE","BLACK"
"SCOTT MOORE","12/14/1977","MALE","WHITE"
"SHAWN MOORE","04/05/1978","MALE","BLACK"
"STEVEN MOORE","01/21/1993","MALE","WHITE"
"TARRIUS MOORE","01/18/1978","MALE","BLACK"
"TERESA MOORE","05/31/1976","FEMALE","BLACK"
"TOMMY MOORE","06/30/1990","MALE","BLACK"
"TRACY MOORE","08/13/1973","MALE","BLACK"
"TREVOR MOORE","10/03/1995","MALE","BLACK"
"TRISTAN MOORE","11/01/1989","MALE","BLACK"
"WILLIE MOORE","04/19/1975","MALE","BLACK"
"ZAWAUNTAE MOORE","09/27/1993","MALE","BLACK"
"ZAWON MOORE","01/16/1979","MALE","BLACK"
"ROSE MOORE LUCKY","03/02/1977","FEMALE","WHITE"
"CHAD MOOREHEAD","12/17/1970","MALE","WHITE"
"WALTER MOOREHEAD","12/23/1984","MALE","BLACK"
"IKIE MOORING","03/10/1996","MALE","BLACK"
"GREGORY MOOTYE","12/25/1988","MALE","BLACK"
"DEMARLO MOPPINS","01/04/1990","MALE","BLACK"
"TAYLOR MORADO","04/08/1980","MALE","SPANISH"
"EVAN MORAGA","07/31/1987","MALE","WHITE"
"JONATHAN MORALES","12/21/1994","MALE","WHITE"
"JUAN MORALES","08/16/1974","MALE","SPANISH"
"LUCY MORALES","09/21/1976","FEMALE","SPANISH"
"MARCO MORALES-VELASQ","09/02/1963","MALE","SPANISH"
"EDWIN MORAN","09/24/1971","MALE","BLACK"
"JAMES MORAN","08/18/1992","MALE","WHITE"
"LAVERN MORAN","08/30/1970","MALE","WHITE"
"NEIL MORAN","03/10/1983","MALE","WHITE"
"BRENT MOREE","06/20/1982","MALE","WHITE"
"JOSE MORENO","07/11/1960","MALE","WHITE"
"ALBERT MORGAN","08/20/1987","MALE","WHITE"
"ALBERT MORGAN","10/02/1998","MALE","BLACK"
"ANDREW MORGAN","04/06/1967","MALE","BLACK"
"ANGIE MORGAN","09/09/1976","FEMALE","WHITE"
"ANTHONY MORGAN","10/27/1979","MALE","BLACK"
"BOBBY MORGAN","08/09/1996","MALE","WHITE"
"BRIANNA MORGAN","01/22/1994","FEMALE","BLACK"
"CHRISTOPHER MORGAN","08/20/1990","MALE","WHITE"
"CLAYFORD MORGAN","10/05/1989","MALE","WHITE"
"CORMEL MORGAN","06/12/1979","MALE","BLACK"
"CURTIS MORGAN","12/21/1967","MALE","WHITE"
"DARYL MORGAN","11/09/1974","MALE","BLACK"
"EDMON MORGAN","01/21/1986","MALE","BLACK"
"ETHAN MORGAN","03/02/1964","MALE","WHITE"
"EVERETT MORGAN","08/20/1984","MALE","BLACK"
"FERNANDO MORGAN","06/18/1988","MALE","SPANISH"
"HOLLY MORGAN","04/19/1988","FEMALE","WHITE"
"ISAAC MORGAN","12/08/1980","MALE","BLACK"
"JERRY MORGAN","04/12/1987","MALE","BLACK"
"JESSICA MORGAN","12/31/1987","FEMALE","WHITE"
"JESSIE MORGAN","12/05/1973","MALE","BLACK"
"JIMMY MORGAN","09/30/1971","MALE","WHITE"
"JOE MORGAN","08/21/1988","MALE","BLACK"
"JOEY MORGAN","11/28/1985","MALE","WHITE"
"JONATHAN MORGAN","12/05/1986","MALE","WHITE"
"KERRY MORGAN","05/09/1959","MALE","WHITE"
"LEE MORGAN","01/16/1987","MALE","WHITE"
"LORI MORGAN","08/23/1963","FEMALE","WHITE"
"MARCUS MORGAN","05/24/1983","MALE","BLACK"
"MARQUISE MORGAN","11/01/1997","MALE","BLACK"
"MICHAEL MORGAN","10/23/1956","MALE","BLACK"
"MICHAEL MORGAN","07/27/1980","MALE","BLACK"
"OWEN MORGAN","12/02/1989","MALE","WHITE"
"RALPH MORGAN","03/28/1993","MALE","WHITE"
"RICHARD MORGAN","10/11/1983","MALE","WHITE"
"SEDWEN MORGAN","09/18/1987","MALE","BLACK"
"SPENCER MORGAN","07/06/1972","MALE","BLACK"
"STANLEY MORGAN","08/22/1973","MALE","BLACK"
"TERRANCE MORGAN","08/28/1994","MALE","BLACK"
"TIMOTHY MORGAN","02/18/1976","MALE","BLACK"
"TRANESA MORGAN","03/17/1999","FEMALE","BLACK"
"ZACHARY MORGAN","07/12/1978","MALE","WHITE"
"SHAWN MORISON","06/16/1977","MALE","WHITE"
"THOMAS MORPHIS","03/31/1976","MALE","WHITE"
"CODY MORRELL","06/06/1988","MALE","WHITE"
"ALEX MORRIS","09/27/1986","MALE","BLACK"
"ALEX MORRIS","12/17/1979","MALE","BLACK"
"ARLAND MORRIS","01/10/1978","MALE","BLACK"
"CHARLES MORRIS","06/29/1948","MALE","WHITE"
"CHARLES MORRIS","09/28/1970","MALE","BLACK"
"CHRISTINA MORRIS","06/22/1989","FEMALE","WHITE"
"CHRISTOPHER MORRIS","12/11/1986","MALE","WHITE"
"CHRISTOPHER MORRIS","06/05/1983","MALE","BLACK"
"CLAY MORRIS","02/07/1992","MALE","WHITE"
"DARYL MORRIS","11/23/1981","MALE","BLACK"
"DEANDRE MORRIS","04/19/1991","MALE","BLACK"
"DONALD MORRIS","06/15/1975","MALE","WHITE"
"EDWARD MORRIS","08/17/1952","MALE","WHITE"
"FREDRICK MORRIS","08/14/1975","MALE","WHITE"
"JEFFERY MORRIS","02/08/1967","MALE","WHITE"
"JEREMIAH MORRIS","03/26/1995","MALE","WHITE"
"JEREMY MORRIS","07/06/1986","MALE","BLACK"
"JEREMY MORRIS","05/20/1988","MALE","WHITE"
"JERRY MORRIS","10/09/1980","MALE","WHITE"
"JONTAE MORRIS","03/29/1977","MALE","BLACK"
"JUDSON MORRIS","10/25/1977","MALE","WHITE"
"KAYLA MORRIS","11/03/1982","FEMALE","BLACK"
"KEITH MORRIS","09/08/1959","MALE","BLACK"
"KENDRICK MORRIS","10/12/1986","MALE","BLACK"
"LESLIE MORRIS","03/11/1980","FEMALE","WHITE"
"MARCUS MORRIS","12/17/1970","MALE","BLACK"
"MARREKA MORRIS","10/12/1984","MALE","BLACK"
"MICHAEL MORRIS","01/04/1994","MALE","BLACK"
"PRINCETON MORRIS","04/03/1993","MALE","BLACK"
"RANDAL MORRIS","01/12/1984","MALE","WHITE"
"ROBERT MORRIS","02/20/1965","MALE","BLACK"
"ROGER MORRIS","08/27/1986","MALE","WHITE"
"ROMELLOW MORRIS","01/15/2001","MALE","BLACK"
"TALVIN MORRIS","08/29/1992","MALE","BLACK"
"TARYNCE MORRIS","02/09/1990","MALE","BLACK"
"TOBARIS MORRIS","08/11/1981","MALE","BLACK"
"VINCENT MORRIS","12/21/1988","MALE","BLACK"
"WILLIE MORRIS","02/11/1985","MALE","BLACK"
"YASMINE MORRIS","08/11/1989","FEMALE","BLACK"
"ALICIA MORRISON","04/03/1989","FEMALE","WHITE"
"DANIEL MORRISON","12/29/1991","MALE","WHITE"
"DEREK MORRISON","04/04/1982","MALE","WHITE"
"JUSTIN MORRISON","04/16/1991","MALE","WHITE"
"MICHAEL MORRISON","07/08/1985","MALE","WHITE"
"OCTAVIOUS MORRISON","01/24/1993","MALE","BLACK"
"ROBERT MORRISON","02/29/1992","MALE","WHITE"
"DAVID MORRISSETTE","06/06/1973","MALE","BLACK"
"ALDERIUS MORROW","09/27/1995","MALE","BLACK"
"BOBBY MORROW","09/10/1974","MALE","WHITE"
"CALVIN MORROW","06/27/1962","MALE","WHITE"
"JACK MORROW","10/24/1962","MALE","WHITE"
"RICHARD MORROW","05/25/1963","MALE","WHITE"
"TAMARCUS MORROW","07/22/1990","MALE","BLACK"
"BRYAN MORTON","06/03/1981","MALE","WHITE"
"CORNELIUS MORTON","08/11/1988","MALE","BLACK"
"WENDY MORTON","01/26/1990","FEMALE","WHITE"
"WILLIE MORTON","11/07/1982","MALE","BLACK"
"BRITTNEY MOSBY","03/18/1995","FEMALE","WHITE"
"DEBORAH MOSBY","12/29/1954","FEMALE","WHITE"
"JOHNATHAN MOSBY","08/19/1974","MALE","BLACK"
"KHADIJAH MOSBY","03/16/1993","MALE","BLACK"
"MALIK MOSBY","06/26/1995","MALE","BLACK"
"MARCUS MOSBY","02/27/1977","MALE","BLACK"
"ERIC MOSELY","06/28/1993","MALE","BLACK"
"CLIFFORD MOSES","12/11/1972","MALE","BLACK"
"HENRY MOSES","07/02/1962","MALE","WHITE"
"MARK MOSES","02/15/1965","MALE","WHITE"
"MICHAEL MOSES","08/20/1984","MALE","BLACK"
"WILLIE MOSES","09/15/1951","MALE","BLACK"
"JOHN MOSKOWITZ","12/26/1973","MALE","WHITE"
"AARON MOSLEY","12/15/1998","MALE","BLACK"
"BRANDON MOSLEY","10/28/1991","MALE","BLACK"
"CORNELIUS MOSLEY","03/04/1987","MALE","BLACK"
"CURTIS MOSLEY","03/27/1987","MALE","BLACK"
"DERRICK MOSLEY","05/11/1978","MALE","BLACK"
"DEXTER MOSLEY","04/15/1991","MALE","BLACK"
"EDGAR MOSLEY","10/10/1964","MALE","BLACK"
"EDMOND MOSLEY","09/26/1984","MALE","BLACK"
"EDWARD MOSLEY","01/15/1995","MALE","BLACK"
"FREDDIE MOSLEY","12/01/1950","MALE","BLACK"
"FREDERICK MOSLEY","07/02/1958","MALE","WHITE"
"JAMES MOSLEY","04/08/1978","MALE","BLACK"
"JAMES MOSLEY","09/27/1991","MALE","BLACK"
"JOSHUA MOSLEY","06/14/1989","MALE","BLACK"
"MARKEE MOSLEY","11/18/1989","MALE","BLACK"
"MICHAEL MOSLEY","03/14/1989","MALE","WHITE"
"QUINTON MOSLEY","08/08/1988","MALE","BLACK"
"RICARDO MOSLEY","03/10/1989","MALE","BLACK"
"RICARDO MOSLEY","04/18/1988","MALE","BLACK"
"SHAWN MOSLEY","05/02/1968","MALE","BLACK"
"TELLY MOSLEY","08/19/1974","MALE","BLACK"
"TRAMENDEZ MOSLEY","05/19/1987","MALE","BLACK"
"WILLIE MOSLEY","09/26/1982","MALE","BLACK"
"AMARTRIE MOSS","05/26/1997","MALE","BLACK"
"CHARLES MOSS","07/23/1976","MALE","WHITE"
"GAGE MOSS","06/15/1990","MALE","WHITE"
"JACOB MOSS","06/01/1990","MALE","BLACK"
"JESSIE MOSS","03/14/1961","MALE","WHITE"
"JOSEPH MOSS","12/27/1986","MALE","BLACK"
"MONTERRIE MOSS","02/14/1979","MALE","BLACK"
"RAFER MOSS","07/10/1993","MALE","BLACK"
"REGINALD MOSS","08/03/1967","MALE","WHITE"
"ROBERT MOSS","03/05/1975","MALE","BLACK"
"SHANE MOSS","07/14/1988","MALE","WHITE"
"HARVEA MOTALLEBI","09/09/1991","MALE","BLACK"
"STEVEN MOTES","02/28/1991","MALE","WHITE"
"GREGORY MOTON","06/19/1982","MALE","BLACK"
"KEVIN MOTON","01/14/1987","MALE","BLACK"
"BRADLEY MOTT","07/19/1961","MALE","WHITE"
"CHARLES MOTT","01/06/1983","MALE","WHITE"
"JOSHUA MOTT","10/21/1985","MALE","WHITE"
"ZACHARY MOTT","11/22/1987","MALE","WHITE"
"TIMOTHY MOTTA","10/24/1984","MALE","WHITE"
"BENNIE MOTTEN","11/13/1992","MALE","BLACK"
"TODD MOUDY","08/08/1972","MALE","WHITE"
"ROBERT MOULTRIE","10/05/1972","MALE","BLACK"
"GAYLA MOUNCE","06/16/1981","FEMALE","WHITE"
"JESSE MOUTON","12/13/1982","MALE","WHITE"
"MARCO MOUTON","11/28/1978","MALE","BLACK"
"JANICE MOWDY","01/06/1965","FEMALE","WHITE"
"ANGELA MOXLEY","06/28/1975","FEMALE","WHITE"
"KENNETH MOXON","07/19/1966","MALE","WHITE"
"JAMICHAEL MOY","03/01/1998","MALE","BLACK"
"DAVID MOYA","06/03/1960","MALE","WHITE"
"FRANKO MOYE","03/06/1985","MALE","BLACK"
"KAREEM MOYE","04/11/1998","MALE","BLACK"
"LUCIOUS MOYE","01/31/1989","MALE","BLACK"
"RONNIE MOYE","12/27/1979","MALE","BLACK"
"WILLIAM MOZINGO","01/15/1980","MALE","WHITE"
