"DANIEL MYATT","12/28/1985","MALE","WHITE"
"ADAM MYERS","08/30/1996","MALE","WHITE"
"ARTHUR MYERS","10/28/1950","MALE","BLACK"
"CHRISTOPHER MYERS","02/11/1981","MALE","WHITE"
"DAVID MYERS","08/12/1975","MALE","WHITE"
"DAVID MYERS","08/12/1969","MALE","WHITE"
"DIAMONT'E MYERS","04/22/1993","MALE","BLACK"
"JAMES MYERS","10/09/1981","MALE","WHITE"
"JAMES MYERS","07/09/1979","MALE","WHITE"
"JAMES MYERS","07/16/1966","MALE","WHITE"
"JEREMY MYERS","12/30/1988","MALE","BLACK"
"JON MYERS","09/17/1960","MALE","WHITE"
"JORDAN MYERS","04/13/1999","MALE","BLACK"
"LYNDON MYERS","11/11/1984","MALE","BLACK"
"MICHAEL MYERS","05/15/1971","MALE","WHITE"
"RAHEEM MYERS","01/22/1992","MALE","BLACK"
"ROYCE MYERS","06/21/1980","MALE","WHITE"
"TERRELL MYERS","09/11/1985","MALE","BLACK"
"TIMOTHY MYERS","08/13/1961","MALE","WHITE"
"JESSICA MYHAND","04/09/1981","FEMALE","WHITE"
"BILLY MYLES","03/17/1985","MALE","BLACK"
"DANYALL MYLES","03/25/1977","MALE","BLACK"
"JACQUITA MYLES","05/15/1992","MALE","BLACK"
"JAMES MYLES","10/27/1975","MALE","BLACK"
"JOHN MYLES","01/01/1967","MALE","BLACK"
"JOHNNY MYLES","10/17/1969","MALE","BLACK"
"REBECCA MYLES","06/24/1964","FEMALE","BLACK"
"TYLER MYLES","02/08/1997","MALE","BLACK"
"WILLIE MYLES","09/22/1986","MALE","BLACK"
"CHRISTOPHER MYLES-WILLIAMS","09/15/1997","MALE","BLACK"
"CODY MYRICK","01/20/1986","MALE","WHITE"
"JUSTIN MYRICK","03/13/1994","MALE","WHITE"
"RYAN MYRICK","11/23/1986","MALE","WHITE"
"STEVEN MYRICK","05/27/1971","MALE","WHITE"
