"JUSTIN NABORS","04/12/1992","MALE","WHITE"
"TYLER NABORS","08/08/1997","MALE","BLACK"
"TRAVIS NAILS","06/28/1997","MALE","BLACK"
"CHARLES NALLEY","06/19/1991","MALE","WHITE"
"JEUDARIAN NALLS","10/17/1991","MALE","BLACK"
"PATRICK NALLS","11/01/1968","MALE","BLACK"
"BRENT NANCE","01/11/1982","MALE","WHITE"
"CHARLES NANCE","03/28/1961","MALE","BLACK"
"CHARLES NANCE","01/05/1993","MALE","BLACK"
"CHRISTOPHER NANCE","06/14/1971","MALE","WHITE"
"COTY NANCE","10/20/1988","MALE","WHITE"
"JERRY NANCE","04/23/1960","MALE","BLACK"
"JIMMY NANNEY","06/10/1967","MALE","WHITE"
"DEIDRA NAPIER","03/26/1991","FEMALE","WHITE"
"MICHAEL NAQUIN","12/28/1972","MALE","WHITE"
"WARREN NARCISSE","11/15/1979","MALE","BLACK"
"THOMAS NARMOUR","09/15/1970","MALE","WHITE"
"CARROLL NARON","09/25/1962","MALE","WHITE"
"ANTHONY NASH","12/12/1974","MALE","BLACK"
"GEORGE NASH","11/24/1988","MALE","WHITE"
"LESTER NASH","02/11/1974","MALE","BLACK"
"LOUIS NASH","09/27/1995","MALE","BLACK"
"MATTHEW NASH","11/21/1978","MALE","BLACK"
"WILLIE NASH","07/21/1980","MALE","BLACK"
"DEVERIO NASON","02/27/1987","MALE","BLACK"
"GEVANTE NASON","03/13/1999","MALE","BLACK"
"MICHAEL NASON","10/07/1975","MALE","BLACK"
"MONQUEL NASON","05/17/1992","MALE","BLACK"
"WILLIAM NASON","02/22/1985","MALE","BLACK"
"JOE NATHAN III","11/04/1993","MALE","BLACK"
"KADARRIAN NATHANIEL","09/03/1997","MALE","BLACK"
"BILLY NATIONS","06/22/1986","MALE","WHITE"
"JAMES NATIONS","03/25/1966","MALE","WHITE"
"JUSTINE NATIONS","08/21/1963","FEMALE","WHITE"
"HALEY NAUSE","04/23/1992","FEMALE","WHITE"
"JOSE' NAVARRETE","03/19/1980","MALE","SPANISH"
"RAMON NAVARRETTE","09/19/1971","MALE","WHITE"
"JOHN NAVOLT","11/27/1979","MALE","WHITE"
"ANTHONY NAYLOR","07/15/1975","MALE","BLACK"
"CHARLES NAYLOR","10/30/1961","MALE","BLACK"
"DARRELL NAYLOR","12/29/1975","MALE","BLACK"
"LADARIUS NAYLOR","04/12/1990","MALE","BLACK"
"TERRANCE NAYLOR","12/01/1990","MALE","BLACK"
"ALLEN NEAL","10/03/1961","MALE","WHITE"
"ANTONIO NEAL","03/11/1975","MALE","BLACK"
"BARON NEAL","11/05/1967","MALE","WHITE"
"BOBBY NEAL","10/21/1987","MALE","BLACK"
"CARTER NEAL","12/03/1987","MALE","BLACK"
"CHRISTOPHER NEAL","04/26/1990","MALE","WHITE"
"EDWARD NEAL","01/08/1989","MALE","BLACK"
"FRANK NEAL","01/19/1968","MALE","WHITE"
"GARY NEAL","08/12/1980","MALE","BLACK"
"HENRY NEAL","07/29/1991","MALE","BLACK"
"HOWARD NEAL","09/14/1953","MALE","WHITE"
"JAMES NEAL","08/28/1964","MALE","BLACK"
"JERMAINE NEAL","08/25/1974","MALE","BLACK"
"JOHNNY NEAL","01/16/1977","MALE","WHITE"
"JOHNTAVUS NEAL","03/15/1996","MALE","BLACK"
"MATTHEW NEAL","04/06/1985","MALE","BLACK"
"ROBERT NEAL","01/23/1981","MALE","BLACK"
"TRADENNIS NEAL","02/11/1989","MALE","BLACK"
"TRUITT NEAL","12/31/1961","MALE","WHITE"
"WILLIE NEAL","01/26/1978","MALE","BLACK"
"MAURICE NEALY","11/12/1987","MALE","BLACK"
"ROY NEALY","03/17/1982","MALE","BLACK"
"CARL NEAVEILL","01/27/1971","MALE","WHITE"
"BRANDON NECAISE","02/03/1987","MALE","WHITE"
"DYLAN NECAISE","07/21/1993","MALE","WHITE"
"JOHNATHAN NECAISE","06/06/1983","MALE","WHITE"
"LYNNIE NECAISE","12/09/1970","MALE","WHITE"
"JESSIE NEEL","09/12/1978","MALE","WHITE"
"TERRY NEEL","06/09/1960","MALE","WHITE"
"MARY NEELEY","04/26/1955","FEMALE","WHITE"
"ANTHONY NEELY","08/12/1962","MALE","BLACK"
"BOBBY NEELY","11/23/1963","MALE","WHITE"
"DOUGLAS NEELY","12/18/1985","MALE","BLACK"
"MICHAEL NEELY","07/04/1986","MALE","BLACK"
"TIMMY NEELY","04/28/1980","MALE","WHITE"
"BILLY NEESE","02/07/1993","MALE","WHITE"
"DANIEL NEESE","01/31/1994","MALE","WHITE"
"JOE NEESE","09/29/1961","MALE","WHITE"
"OTIS NEESE","03/26/1949","MALE","WHITE"
"PRENTICE NEESE","10/25/1969","MALE","WHITE"
"ROSCOE NEIGHBORS","07/28/1955","MALE","WHITE"
"BRIAN NEIHAUS","07/12/1988","MALE","WHITE"
"ELIZABETH NEISLEIN","04/24/1988","FEMALE","WHITE"
"GEROD NELLUM","04/06/1994","MALE","BLACK"
"BENJAMIN NELSON","05/17/1992","MALE","BLACK"
"BRIAN NELSON","12/19/1990","MALE","BLACK"
"BRUCE NELSON","07/06/1970","MALE","BLACK"
"CALVIN NELSON","10/19/1984","MALE","BLACK"
"CHARLES NELSON","11/07/1982","MALE","WHITE"
"CORDARIOUS NELSON","07/07/1991","MALE","BLACK"
"DANIEL NELSON","12/25/1990","MALE","BLACK"
"DANNY NELSON","07/04/1963","MALE","WHITE"
"DAVID NELSON","10/08/1946","MALE","WHITE"
"DERRICK NELSON","10/29/1993","MALE","BLACK"
"DEVON NELSON","10/07/1991","MALE","BLACK"
"DUWANTE NELSON","12/18/1988","MALE","BLACK"
"DWIGHT NELSON","01/15/1967","MALE","BLACK"
"ERIC NELSON","02/04/1989","MALE","BLACK"
"GREGORY NELSON","03/07/1987","MALE","BLACK"
"HUNTER NELSON","11/20/1994","MALE","WHITE"
"ISSAC NELSON","08/22/1988","MALE","BLACK"
"JERCODY NELSON","10/18/1993","MALE","BLACK"
"JESSIE NELSON","01/18/1988","MALE","WHITE"
"JOHN NELSON","04/11/1989","MALE","WHITE"
"JOHN NELSON","06/10/1972","MALE","WHITE"
"JOSEPH NELSON","10/27/1979","MALE","BLACK"
"JOSHUA NELSON","08/04/1986","MALE","BLACK"
"JOSHUA NELSON","11/27/1998","MALE","BLACK"
"JUSTIN NELSON","10/17/1977","MALE","WHITE"
"KRISTOPHER NELSON","02/19/1999","MALE","BLACK"
"LEROY NELSON","07/06/1981","MALE","BLACK"
"LEVI NELSON","08/14/1987","MALE","WHITE"
"MICHAEL NELSON","12/27/1980","MALE","WHITE"
"OWEN NELSON","02/03/1963","MALE","BLACK"
"PATRICK NELSON","09/11/1981","MALE","BLACK"
"PATRICK NELSON","05/19/1996","MALE","BLACK"
"QUAN NELSON","10/20/1979","MALE","BLACK"
"SIDNEY NELSON","05/16/1975","MALE","BLACK"
"STACEY NELSON","06/19/1997","MALE","BLACK"
"STEPHEN NELSON","02/27/1993","MALE","WHITE"
"STEVEN NELSON","03/07/1987","MALE","WHITE"
"WESLEY NELSON","10/29/1989","MALE","BLACK"
"WILLIAM NELSON","09/09/1983","MALE","WHITE"
"WILLIAM NELSON","10/15/1977","MALE","BLACK"
"CHAZZ NERO","02/02/1991","MALE","BLACK"
"WILLIAM NETHERY","05/04/1974","MALE","WHITE"
"CHARLES NETTERVILLE","03/06/1980","MALE","WHITE"
"AARON NETTLES","11/22/1995","MALE","WHITE"
"BRIAN NETTLES","07/12/1982","MALE","WHITE"
"CHARLES NETTLES","09/21/1993","MALE","WHITE"
"MICHAEL NETTLES","08/28/1959","MALE","BLACK"
"SHERRICK NETTLES","09/26/1987","FEMALE","BLACK"
"MASON NETTO","05/08/1993","MALE","WHITE"
"JAMES NEVEL","12/18/1990","MALE","WHITE"
"CALVIN NEVELS","11/23/1982","MALE","WHITE"
"GARY NEVELS","11/24/1960","MALE","WHITE"
"JOHNNY NEVELS","01/03/1970","MALE","WHITE"
"LEO NEVITTE","12/15/1964","MALE","BLACK"
"CHRISTOPHER NEW","01/31/1991","MALE","WHITE"
"ASHANTE NEWBERRY","01/26/1983","MALE","BLACK"
"JEREMY NEWBURN","05/12/1981","MALE","WHITE"
"BRANDY NEWBURY","10/24/1977","FEMALE","WHITE"
"DAN NEWCOMB","11/05/1946","MALE","WHITE"
"ADAM NEWELL","02/22/1985","MALE","WHITE"
"BRYAN NEWELL","05/17/1999","MALE","WHITE"
"CASEY NEWELL","02/11/1992","FEMALE","WHITE"
"DERRICK NEWELL","11/11/1977","MALE","BLACK"
"GEORGE NEWELL","10/15/1971","MALE","BLACK"
"JACOLBY NEWELL","09/13/1990","MALE","BLACK"
"JAYNES NEWELL","08/27/1987","MALE","BLACK"
"LEONARD NEWELL","06/27/1994","MALE","BLACK"
"ORLAND NEWELL","01/21/1987","MALE","BLACK"
"PATRICK NEWELL","10/14/1982","MALE","BLACK"
"WILLIAM NEWELL","09/05/1986","MALE","BLACK"
"ANTHONY NEWMAN","05/03/1989","MALE","BLACK"
"DANIEL NEWMAN","11/28/1994","MALE","WHITE"
"DAVID NEWMAN","07/12/1974","MALE","WHITE"
"JERRY NEWMAN","08/17/1963","MALE","WHITE"
"LINDSEY NEWMAN","11/17/1988","FEMALE","WHITE"
"RICHARD NEWMAN","10/27/1953","MALE","WHITE"
"BRANDON NEWSOM","03/24/1994","MALE","WHITE"
"FLOYD NEWSOM","03/24/1992","MALE","BLACK"
"JESSICA NEWSOM","09/10/1993","FEMALE","BLACK"
"KEITH NEWSOM","07/05/1973","MALE","BLACK"
"MARQUISE NEWSOME","12/16/1993","MALE","BLACK"
"RICARDO NEWSOME","09/07/1979","MALE","BLACK"
"TEVIN NEWSOME","10/03/1995","MALE","BLACK"
"WILLIAM NEWSOME","09/22/1967","MALE","WHITE"
"ADRIAN NEWSON","10/09/1981","MALE","BLACK"
"ALFRED NEWSON","08/09/1990","MALE","BLACK"
"KIPPY NEWSON","04/02/1975","MALE","BLACK"
"CHRISTOPHER NEWTON","10/08/1987","MALE","WHITE"
"JOHNNY NEWTON","10/18/1987","MALE","WHITE"
"JONATHAN NEWTON","11/23/1990","MALE","WHITE"
"JOVON NEWTON","08/14/1996","MALE","BLACK"
"AVERY NEYLAND","10/20/1989","MALE","BLACK"
"ANTHONY NGUYEN","12/13/1991","MALE","ASIAN"
"ANTHONY NGUYEN","09/27/1994","MALE","ASIAN"
"CHAN NGUYEN","08/10/1964","MALE","ASIAN"
"DUNG NGUYEN","12/09/1982","MALE","WHITE"
"FRANCIS NGUYEN","09/11/1987","MALE","ASIAN"
"GIANG NGUYEN","05/11/1986","MALE","ASIAN"
"HUNG NGUYEN","12/26/1968","MALE","ASIAN"
"LOAN NGUYEN","10/11/1965","FEMALE","ASIAN"
"LY NGUYEN","03/16/1976","MALE","ASIAN"
"VIET NGUYEN","09/29/1972","MALE","ASIAN"
"ANDREW NICHOLAS","10/13/1987","MALE","WHITE"
"DWAUN NICHOLAS","04/17/1982","MALE","BLACK"
"GERARD NICHOLAS","03/11/1975","MALE","WHITE"
"BRIAN NICHOLS","01/12/1978","MALE","WHITE"
"CARRIE NICHOLS","08/14/1978","FEMALE","WHITE"
"CEDRICK NICHOLS","09/26/1995","MALE","BLACK"
"CHET NICHOLS","03/28/1980","MALE","WHITE"
"CHRISTOPHER NICHOLS","04/02/1984","MALE","WHITE"
"CLARENCE NICHOLS","08/16/1987","MALE","BLACK"
"DARRYL NICHOLS","09/03/1988","MALE","WHITE"
"DAVID NICHOLS","04/23/1951","MALE","WHITE"
"DEVONTE NICHOLS","10/24/1992","MALE","BLACK"
"DOYLE NICHOLS","05/20/1954","MALE","WHITE"
"EDUARDO NICHOLS","07/01/1972","MALE","BLACK"
"EDWARD NICHOLS","04/05/1978","MALE","WHITE"
"EMARI NICHOLS","04/04/1974","MALE","BLACK"
"FRANK NICHOLS","11/13/1986","MALE","BLACK"
"GARY NICHOLS","05/21/1975","MALE","WHITE"
"JOHN NICHOLS","12/09/1990","MALE","WHITE"
"JOHNNY NICHOLS","04/26/1973","MALE","WHITE"
"KADARIUS NICHOLS","09/28/1995","MALE","BLACK"
"LEBARRON NICHOLS","03/22/1989","MALE","BLACK"
"LERONDA NICHOLS","02/04/1978","FEMALE","BLACK"
"LONZIE NICHOLS","11/29/1970","MALE","BLACK"
"MICHAEL NICHOLS","08/03/1990","MALE","BLACK"
"MICHAEL NICHOLS","05/02/1994","MALE","WHITE"
"PATRICK NICHOLS","03/11/1979","MALE","BLACK"
"PATRICK NICHOLS","01/09/1998","MALE","WHITE"
"SHAD NICHOLS","08/04/1970","MALE","WHITE"
"STEVEN NICHOLS","01/29/1971","MALE","WHITE"
"STEVEN NICHOLS","10/27/1991","MALE","BLACK"
"STEVIE NICHOLS","12/09/1976","MALE","BLACK"
"THOMAS NICHOLS","05/06/1977","MALE","WHITE"
"TIMOTHY NICHOLS","01/11/1974","MALE","WHITE"
"WILLIE NICHOLS","10/11/1983","MALE","BLACK"
"DANIEL NICHOLSON","10/24/1979","MALE","BLACK"
"DORIS NICHOLSON","01/10/1968","FEMALE","WHITE"
"GLENNIE NICHOLSON","06/10/1987","MALE","BLACK"
"JAMES NICHOLSON","09/07/1961","MALE","BLACK"
"ROY NICHOLSON","05/30/1953","MALE","BLACK"
"ANTHONY NICK","06/08/1969","MALE","BLACK"
"MICHAEL NICKELS","10/03/1975","MALE","WHITE"
"CLIFTON NICKENS","01/08/1961","MALE","WHITE"
"CHARLES NICKEY","05/13/1982","MALE","AMERICAN"
"DEXTON NICKEY","08/07/1997","MALE","BLACK"
"PATRICK NICKLEBERRY","04/19/1993","MALE","BLACK"
"JOE NICKS","12/01/1980","MALE","BLACK"
"REGINALD NICKS","09/16/1989","MALE","BLACK"
"ALLEN NICOLAOU","03/31/1965","MALE","WHITE"
"JUSTIN NIEHOFF","09/13/1982","MALE","WHITE"
"BRIAN NIELSEN","11/05/1987","MALE","BLACK"
"ERICH NIEVES","05/24/1974","MALE","SPANISH"
"MANUEL NIEVES","10/18/1983","MALE","SPANISH"
"EDUADRO NINO","05/12/1985","MALE","SPANISH"
"DOMINIQUE NIX","04/30/1987","FEMALE","BLACK"
"JESSIE NIX","10/01/1979","FEMALE","WHITE"
"LAWRENCE NIX","12/30/1977","MALE","WHITE"
"LEE NIX","09/03/1962","MALE","BLACK"
"MICHAEL NIX","05/10/1971","MALE","WHITE"
"ROBERT NIX","04/24/1995","MALE","WHITE"
"SHANNON NIX","06/03/1992","MALE","BLACK"
"TOMMY NIX","01/20/1978","MALE","BLACK"
"TROY NIX","04/03/1983","MALE","WHITE"
"WILLIE NIX","02/18/1979","MALE","BLACK"
"FRANKIE NIXON","05/12/1958","MALE","BLACK"
"LAMONT NIXON","05/12/1998","MALE","BLACK"
"MALCOLM NIXON","12/26/1990","MALE","BLACK"
"MARCUS NIXON","12/21/1988","MALE","BLACK"
"MELVIN NIXON","08/20/1977","MALE","BLACK"
"MONIQUE NOBLE","09/28/1993","FEMALE","BLACK"
"PERRIN NOBLE","07/02/1991","MALE","WHITE"
"DANNY NOBLES","05/20/1985","MALE","WHITE"
"JEREMIAH NOBLES","03/26/1994","MALE","BLACK"
"JERRY NOBLES","06/21/1962","MALE","WHITE"
"JOSEPH NOBLES","05/30/1983","MALE","WHITE"
"JOSHUA NOBLES","05/28/1981","MALE","BLACK"
"MARVIN NOBLES","08/04/1962","MALE","WHITE"
"KENNETH NOBLIN","06/20/1957","MALE","BLACK"
"GINGER NOE","07/17/1981","FEMALE","WHITE"
"SHAWN NOE","07/16/1987","MALE","WHITE"
"TRENT NOE","06/12/1989","MALE","WHITE"
"ANDREW NOEL","06/15/1962","MALE","BLACK"
"BENNIE NOEL","04/26/1969","MALE","BLACK"
"CHRISTOPER NOLAN","07/05/1984","MALE","WHITE"
"CLIFFORD NOLAN","06/11/1959","MALE","WHITE"
"DENARIO NOLAN","01/04/1998","MALE","BLACK"
"JUNE NOLAN","12/08/1969","FEMALE","WHITE"
"KENTAVIOUS NOLAN","10/12/1998","MALE","BLACK"
"KIMBERLY NOLAN","06/09/1984","FEMALE","WHITE"
"WILLIE NOLAN","09/04/1984","MALE","BLACK"
"EDDIE NOLDON","02/28/1979","MALE","BLACK"
"MICHAEL NOLF","08/07/1990","MALE","WHITE"
"AMIR NORMAN","11/11/1997","MALE","BLACK"
"BRIAN NORMAN","07/29/1982","MALE","BLACK"
"CEDRICK NORMAN","12/10/1993","MALE","BLACK"
"GEORGE NORMAN","05/22/1978","MALE","BLACK"
"JAMES NORMAN","08/09/1985","MALE","WHITE"
"JOSHUA NORMAN","08/27/1985","MALE","BLACK"
"LORENZO NORMAN","09/06/1991","MALE","BLACK"
"MICHAEL NORMAN","06/27/1978","MALE","BLACK"
"RODRIQUEZ NORMAN","08/17/1995","MALE","BLACK"
"BYRON NORRIS","06/21/1982","MALE","WHITE"
"DILLION NORRIS","05/18/1994","MALE","BLACK"
"JOHNNY NORRIS","11/13/1969","MALE","BLACK"
"JONATHAN NORRIS","06/19/1972","MALE","WHITE"
"LUTHER NORRIS","04/25/1942","MALE","BLACK"
"MARGO NORRIS","12/09/1974","FEMALE","BLACK"
"MARLIN NORRIS","05/13/1980","MALE","BLACK"
"MARVIN NORRIS","05/02/1978","MALE","BLACK"
"PAUL NORRIS","07/16/1981","MALE","WHITE"
"RINALDO NORRIS","04/14/1985","MALE","BLACK"
"STEVEN NORRIS","12/25/1994","MALE","WHITE"
"WALTER NORRIS","08/02/1980","MALE","BLACK"
"CHARLES NORTHROP","05/27/1977","MALE","WHITE"
"MICHAEL NORTHUP","06/26/1968","MALE","WHITE"
"JAMES NORTON","02/14/1961","MALE","BLACK"
"MICHAEL NORTON","12/30/1982","MALE","WHITE"
"RONALD NORTON","12/22/1959","MALE","WHITE"
"ALANA NORWOOD","05/31/1990","FEMALE","WHITE"
"ANTHONY NORWOOD","12/15/1972","MALE","BLACK"
"DEMICHAEL NORWOOD","04/17/1991","MALE","BLACK"
"DEXTER NORWOOD","02/20/1969","MALE","BLACK"
"ELMER NORWOOD","02/17/1983","MALE","BLACK"
"GARY NORWOOD","10/06/1983","MALE","BLACK"
"GREGORY NORWOOD","10/06/1969","MALE","BLACK"
"MICHAEL NORWOOD","10/31/1987","MALE","WHITE"
"MICHAEL NORWOOD","12/27/1967","MALE","BLACK"
"SHANA NORWOOD","04/30/1985","FEMALE","BLACK"
"SHANNON NORWOOD","11/24/1981","MALE","BLACK"
"KENNETH NOSSER","08/03/1959","MALE","WHITE"
"SAMUEL NUCKOLLS","07/30/1978","MALE","WHITE"
"TRACY NUCKOLLS","08/30/1972","FEMALE","WHITE"
"MATTHEW NUGENT","02/04/1988","MALE","WHITE"
"RENE NUNEZ","06/15/1985","MALE","SPANISH"
"JOHNNY NUNN","04/08/1967","MALE","WHITE"
"TIMOTHY NUNN","04/01/1986","MALE","BLACK"
"CHARLES NUNNALLY","06/24/1981","MALE","BLACK"
"DWAIN NUNNERY","02/12/1953","MALE","WHITE"
"JAYMON NUNNERY","09/18/1993","MALE","BLACK"
"KENNETH NUNNERY","08/13/1962","MALE","BLACK"
"QUINTIN NUNNERY","12/08/1984","MALE","WHITE"
"TWILA NUNNERY","10/19/1970","FEMALE","WHITE"
"DALIZE NUTALL","06/06/2000","MALE","BLACK"
"MELINDA NUTT","01/23/1981","FEMALE","WHITE"
