"NATASHA O'BANNER","02/17/1983","FEMALE","BLACK"
"JERRY O'BRIEN","01/09/1979","MALE","BLACK"
"KEITH O'BRIEN","01/07/1981","MALE","WHITE"
"TRAVON O'BRYANT","05/03/1992","MALE","BLACK"
"BILLY O'CAIN","01/04/1970","MALE","WHITE"
"DAVID O'CONNOR","03/02/1990","MALE","WHITE"
"RICHARD O'KELLEY","11/12/1983","MALE","WHITE"
"SKYLAR O'KELLY","12/25/1992","MALE","WHITE"
"JAMES O'LEARY","03/02/1982","MALE","BLACK"
"CODY O'NEAL","11/18/1990","MALE","WHITE"
"GABRIEL O'NEAL","12/10/1985","MALE","BLACK"
"JOE O'NEAL","06/19/1964","MALE","WHITE"
"JOSHUA O'NEAL","12/02/1983","MALE","BLACK"
"KIERRE O'NEAL","09/01/1999","MALE","BLACK"
"LADARIOUS O'NEAL","05/13/1998","MALE","BLACK"
"MARK O'NEIL","01/29/1985","MALE","WHITE"
"DWAYNE O'QUINN","07/15/1967","MALE","BLACK"
"JAMES OAKES","06/02/1981","MALE","WHITE"
"TIMOTHY OAKES","11/28/1967","MALE","WHITE"
"WILLIAM OAKMAN","03/15/1990","MALE","WHITE"
"EDWARD OATES","02/13/1953","MALE","WHITE"
"KARLOS OATIS","10/01/1992","MALE","BLACK"
"MARK OATIS","03/02/1977","MALE","BLACK"
"MICHAEL OATIS","06/02/1975","MALE","BLACK"
"ROBERT OATIS","04/19/1974","MALE","BLACK"
"THELONIUS OATIS","08/16/1977","MALE","BLACK"
"DAVID OBERMILLER","01/18/1988","MALE","WHITE"
"RALPH OBRYANT","10/10/1960","MALE","BLACK"
"SHERMAN OBY","01/16/1958","MALE","BLACK"
"JEREMY ODDS","09/15/1991","MALE","BLACK"
"ARSENIO ODEMS","11/05/1990","MALE","BLACK"
"HARVEY ODEMS","01/30/1964","MALE","BLACK"
"BRANDEN ODOM","09/09/1998","MALE","WHITE"
"BRYAN ODOM","08/17/1993","MALE","BLACK"
"CHRISTOPHER ODOM","09/15/1970","MALE","WHITE"
"COLLIE ODOM","03/26/1976","MALE","WHITE"
"COLLIE ODOM","06/27/1951","MALE","WHITE"
"DEVON ODOM","05/27/1992","MALE","BLACK"
"FONZIE ODOM","09/16/1968","MALE","BLACK"
"FRANKLIN ODOM","09/23/1977","MALE","WHITE"
"HEATH ODOM","03/05/1988","MALE","WHITE"
"JERRY ODOM","01/21/1976","MALE","WHITE"
"JONATHAN ODOM","08/23/1989","MALE","WHITE"
"JOSHUA ODOM","09/06/1984","MALE","WHITE"
"KEVIN ODOM","10/07/1975","MALE","BLACK"
"MITCHELL ODOM","08/17/1982","MALE","WHITE"
"RICHARD ODOM","08/13/1960","MALE","WHITE"
"RYAN ODOM","06/08/1987","MALE","WHITE"
"STEVEN ODOM","05/20/1984","MALE","WHITE"
"TOMESHIA ODOM","02/21/1995","FEMALE","BLACK"
"WILLIE ODOMS","10/24/1995","MALE","BLACK"
"JOHN OFLYNN","11/15/1979","MALE","WHITE"
"JORDAN OGDEN","04/16/1991","MALE","WHITE"
"BRANDON OGLE","06/09/1997","MALE","WHITE"
"JEREMY OGLE","08/05/1980","MALE","WHITE"
"STEPHEN OGLE","08/09/1996","MALE","WHITE"
"TEVIN OGLEN","06/29/1993","MALE","BLACK"
"NIEVES OGLESBY","08/06/1993","MALE","BLACK"
"PABLO OLIVA","08/17/1972","MALE","SPANISH"
"JOSHUA OLIVE","10/21/1992","MALE","BLACK"
"ANQUON OLIVER","07/22/1995","MALE","BLACK"
"DEONDRE OLIVER","09/12/1995","MALE","BLACK"
"DERICEO OLIVER","03/09/1990","MALE","BLACK"
"JAMES OLIVER","11/04/1974","MALE","WHITE"
"JERRELL OLIVER","11/08/1992","MALE","BLACK"
"JESSIE OLIVER","05/16/1979","MALE","BLACK"
"JOHN OLIVER","03/21/1978","MALE","WHITE"
"JOHN OLIVER","07/14/1995","MALE","BLACK"
"JOHNATHAN OLIVER","05/09/1987","MALE","WHITE"
"MARCUS OLIVER","07/15/1981","MALE","BLACK"
"MICHAEL OLIVER","02/09/1974","MALE","BLACK"
"RODRIGUST OLIVER","12/06/1985","MALE","BLACK"
"TIMOTHY OLIVER","03/20/1978","MALE","BLACK"
"TREY OLIVER","12/10/1992","MALE","BLACK"
"BRIAN OLSEN","09/06/1991","MALE","WHITE"
"JESSE OLSON","01/14/1978","MALE","WHITE"
"ALVARO OLVERA","06/11/1990","MALE","SPANISH"
"KEENAN ONEAL","04/08/1976","MALE","BLACK"
"ROBERT ONEAL","12/17/1976","MALE","WHITE"
"RONNIE ONEAL","09/09/1977","MALE","BLACK"
"ZAKIYA ONEAL","07/17/1977","FEMALE","BLACK"
"SHAWN OPPIE","08/17/1977","MALE","WHITE"
"JEAN OQUIN","05/15/1968","FEMALE","WHITE"
"RANDY ORDOYNE","10/14/1977","MALE","WHITE"
"CHRISTOPHER OREJEL","12/10/1974","MALE","BLACK"
"GRANVILLE ORGAN","11/17/1973","MALE","WHITE"
"CHRISTOPHER ORGERON","11/30/1982","MALE","WHITE"
"J ORMAND","07/17/1929","MALE","BLACK"
"MIGUEL OROS","07/19/1976","MALE","SPANISH"
"CHARLES ORR","09/16/1965","MALE","BLACK"
"DEWAYNE ORR","12/25/1982","MALE","BLACK"
"ELI ORR","07/29/1983","MALE","BLACK"
"KELVIS ORR","01/11/1990","MALE","BLACK"
"ZACKARY ORR","09/16/1994","MALE","WHITE"
"MICHAEL ORRELL","11/13/1968","MALE","WHITE"
"JAMES ORSBORN","02/22/1975","MALE","WHITE"
"BENJAMIN ORTIZ","03/13/1984","MALE","SPANISH"
"RONTAVIAN OSBEY","05/01/1998","MALE","BLACK"
"TONIO OSBEY","11/01/1990","MALE","BLACK"
"CHERYL OSBORN","04/04/1990","FEMALE","WHITE"
"SHANNA OSBORN","01/11/1983","FEMALE","WHITE"
"CHRISTOPHER OSBORNE","06/11/1983","MALE","BLACK"
"EMMERSON OSBORNE","01/21/1969","MALE","BLACK"
"HILLARD OSBORNE","06/16/1991","MALE","BLACK"
"JOSEPH OSBORNE","05/25/1967","MALE","WHITE"
"KELTON OSBORNE","08/18/1999","MALE","BLACK"
"L C OSBORNE","10/22/1952","MALE","BLACK"
"TIMOTHY OSBORNE","02/28/1967","MALE","WHITE"
"TRAVIS OSBORNE","12/31/1981","MALE","BLACK"
"BOBBY OSBOURNE","10/09/1959","MALE","BLACK"
"JEFFERY OSBOURNE","12/10/1985","MALE","BLACK"
"CHARLIE OSBY","11/21/1961","MALE","BLACK"
"GEORGE OSBY","08/04/1964","MALE","BLACK"
"LADARIUS OSBY","03/27/1991","MALE","BLACK"
"JOE OSGOOD","01/30/1991","MALE","BLACK"
"AQUILES OSORI0","12/13/1985","MALE","WHITE"
"CHRISTOPHER OSTRAND","10/26/1980","MALE","WHITE"
"ROBERT OSTRAND","11/07/1978","MALE","WHITE"
"ANDREW OSWALT","09/23/1996","MALE","WHITE"
"LATASHA OSWALT","05/07/1983","FEMALE","WHITE"
"MARTY OSWALT","05/30/1977","MALE","WHITE"
"TOMMY OSWALT","07/22/1970","MALE","WHITE"
"VICTOR OTEMPONG","07/01/1995","MALE","BLACK"
"JAMES OTIS","03/08/1958","MALE","BLACK"
"NICHOLAS OTIS","09/17/1975","MALE","BLACK"
"QURON OTIS","01/24/1991","MALE","BLACK"
"CHRIS OTT","03/01/1971","MALE","WHITE"
"EDWARD OTTESON","09/19/1961","MALE","WHITE"
"RICKY OTTS","03/21/1977","MALE","WHITE"
"MATTHEW OTWELL","02/15/1987","MALE","WHITE"
"HAROLD OUSLEY","10/06/1973","MALE","BLACK"
"TAMARCUS OUSLEY","04/16/1997","MALE","BLACK"
"WILLIE OUSLEY","03/29/1985","MALE","BLACK"
"DANIEL OUTERBRIDGE","07/02/1981","MALE","BLACK"
"DAVID OUTLAW","10/12/1966","MALE","BLACK"
"DEVIERRE OUTLAW","11/28/1992","MALE","BLACK"
"RANDY OUTLAW","09/01/1978","MALE","BLACK"
"RODNEY OUTLAW","09/12/1972","MALE","BLACK"
"RONAGAL OUTLAW","02/23/1995","MALE","BLACK"
"THALIA OUTLAW","06/15/1968","FEMALE","BLACK"
"TYLER OVERALL","09/07/1983","MALE","WHITE"
"EINN OVERBAY","12/15/1977","MALE","WHITE"
"JOHN OVERBY","05/19/1954","MALE","WHITE"
"ANTHONY OVERMAN","02/14/1979","MALE","BLACK"
"AMANDA OVERSTREET","01/03/1983","FEMALE","WHITE"
"GARY OVERSTREET","05/18/1967","MALE","WHITE"
"JASON OVERSTREET","06/22/1979","MALE","WHITE"
"SANCARIOUS OVERSTREET","01/12/1995","MALE","BLACK"
"SHCOUR OVERSTREET","12/16/1999","MALE","BLACK"
"WILLIAM OVERSTREET","11/23/1955","MALE","WHITE"
"ARLIE OVERTON","01/21/1974","MALE","WHITE"
"WILLIAM OVERTON","12/13/1966","MALE","WHITE"
"KEVIN OWEN","02/20/1966","MALE","WHITE"
"SHANNON OWEN","08/27/1970","MALE","WHITE"
"TONI OWEN","09/28/1988","FEMALE","WHITE"
"ANTOINE OWENS","09/26/1988","MALE","BLACK"
"BRANDON OWENS","08/17/2000","MALE","WHITE"
"CARLOS OWENS","08/06/1982","MALE","BLACK"
"CHARLES OWENS","09/25/1978","MALE","WHITE"
"CHRISTOPHER OWENS","03/17/1978","MALE","BLACK"
"CLYDE OWENS","06/14/1958","MALE","BLACK"
"CODY OWENS","12/01/1998","MALE","BLACK"
"COREY OWENS","03/30/1999","MALE","BLACK"
"CORY OWENS","09/17/1996","MALE","BLACK"
"CRYSTAL OWENS","08/27/1982","FEMALE","BLACK"
"DARION OWENS","03/30/1994","MALE","BLACK"
"DAVID OWENS","04/25/1976","MALE","WHITE"
"DAVIN OWENS","10/22/1982","MALE","BLACK"
"DEMETRIUS OWENS","06/29/1974","MALE","BLACK"
"DENNIS OWENS","04/03/1973","MALE","WHITE"
"DEXTER OWENS","03/27/1982","MALE","BLACK"
"DORINDA OWENS","08/27/1968","FEMALE","WHITE"
"JARED OWENS","09/13/1993","MALE","BLACK"
"JESSIE OWENS","03/27/1993","MALE","BLACK"
"JOHN OWENS","06/04/1986","MALE","WHITE"
"JOHN OWENS","12/12/1966","MALE","BLACK"
"JOHNATHAN OWENS","01/29/1991","MALE","WHITE"
"JOHNATHAN OWENS","09/17/1997","MALE","BLACK"
"JOHNNY OWENS","06/16/1972","MALE","BLACK"
"KAMICHAEL OWENS","12/02/1986","MALE","BLACK"
"LEON OWENS","10/28/1975","MALE","BLACK"
"LEON OWENS","06/29/1977","MALE","BLACK"
"LEWIS OWENS","04/14/1984","MALE","BLACK"
"MARCUS OWENS","06/07/1995","MALE","WHITE"
"MARCUS OWENS","09/24/1982","MALE","BLACK"
"MICHAEL OWENS","04/28/1964","MALE","WHITE"
"RICARDO OWENS","02/18/1976","MALE","BLACK"
"SHONYADA OWENS","08/14/1985","MALE","BLACK"
"SPURLON OWENS","05/03/1989","MALE","WHITE"
"STEVEN OWENS","09/23/1989","MALE","BLACK"
"STEVEN OWENS","08/01/1960","MALE","WHITE"
"TERRY OWENS","09/10/1961","MALE","WHITE"
"TIMOTHY OWENS","01/18/1967","MALE","BLACK"
"WESLEY OWENS","03/04/1979","MALE","WHITE"
"DAVID OZBORN","07/29/1968","MALE","WHITE"
"WILLIAM OZBORN","01/11/1996","MALE","WHITE"
