"ANTHONY PACE","06/22/1987","MALE","BLACK"
"CEDRIC PACE","08/20/1991","MALE","BLACK"
"CHARICHARD PACE","08/11/1991","MALE","BLACK"
"DAMION PACE","10/20/1991","MALE","BLACK"
"DERRICK PACE","04/15/1977","MALE","BLACK"
"HENRY PACE","02/29/1964","MALE","WHITE"
"RALPH PACE","05/14/1970","MALE","WHITE"
"ROBERT PACE","11/05/1977","MALE","WHITE"
"STANLEY PACE","09/07/1968","MALE","WHITE"
"STEVIE PACE","11/10/1983","MALE","WHITE"
"ZACHARY PACHECO","12/15/1998","MALE","BLACK"
"DARMARCUS PACK","03/02/1994","MALE","BLACK"
"NICHOLAS PACK","09/29/1992","MALE","BLACK"
"REMOAN PACK","11/18/1991","MALE","BLACK"
"TORRY PACK","08/03/1985","MALE","BLACK"
"VINCENT PACK","03/09/1989","MALE","BLACK"
"MICHAEL PADEN","04/27/1993","MALE","WHITE"
"BRUCE PADGETT","01/05/1959","MALE","WHITE"
"ANDREAS PAESLER","12/13/1989","MALE","WHITE"
"AARON PAGE","03/23/1988","MALE","WHITE"
"ANTONIO PAGE","06/25/1970","MALE","BLACK"
"CEDRIC PAGE","09/25/1980","MALE","BLACK"
"CEDRICK PAGE","02/23/1983","MALE","BLACK"
"CORY PAGE","12/19/1983","MALE","WHITE"
"DANIEL PAGE","08/24/1983","MALE","BLACK"
"DUSTIN PAGE","12/09/1996","MALE","WHITE"
"ISREAL PAGE","12/16/1974","MALE","BLACK"
"JERRY PAGE","10/31/1957","MALE","BLACK"
"JIMMY PAGE","01/21/1997","MALE","WHITE"
"JOHN PAGE","12/30/1978","MALE","BLACK"
"JOHN PAGE","10/08/1976","MALE","WHITE"
"JULIUS PAGE","05/28/1972","MALE","BLACK"
"LLOYD PAGE","02/20/1981","MALE","BLACK"
"ROY PAGE","07/28/1975","MALE","BLACK"
"SOLOMAN PAGE","07/02/1973","MALE","BLACK"
"TERRY PAGE","05/14/1973","MALE","WHITE"
"TOMMY PAGE","05/20/1959","MALE","BLACK"
"ZACKERISE PAGE","09/24/1976","MALE","BLACK"
"CHRISTAL PAIGE","10/09/1979","FEMALE","WHITE"
"DENZEL PAIGE","06/08/1997","MALE","BLACK"
"DEONTRA PAIGE","08/02/1997","MALE","BLACK"
"KELVIN PAIGE","02/27/1982","MALE","BLACK"
"LEROY PAIGE","09/13/1999","MALE","BLACK"
"STEVEN PAIGE","03/19/1970","MALE","BLACK"
"TERRANCE PAIGE","09/02/1994","MALE","BLACK"
"TONY PAIGE","12/03/1991","MALE","BLACK"
"ALLAN PALMER","04/28/1989","MALE","BLACK"
"CLEVLAND PALMER","06/09/1958","MALE","BLACK"
"ERIC PALMER","01/10/1980","MALE","WHITE"
"EUGENE PALMER","02/21/1984","MALE","BLACK"
"GREGORY PALMER","03/15/1974","MALE","WHITE"
"JEREMIAH PALMER","08/29/1988","MALE","BLACK"
"JESSE PALMER","05/19/1977","MALE","WHITE"
"MICHAEL PALMER","01/17/1964","MALE","BLACK"
"MICHAEL PALMER","04/06/1985","MALE","WHITE"
"MICHAEL PALMER","12/05/1995","MALE","WHITE"
"NATHAN PALMER","04/07/1980","MALE","BLACK"
"RICHARD PALMER","03/10/1962","MALE","BLACK"
"RONNIE PALMER","09/03/1980","MALE","WHITE"
"THOMAS PALMER","10/14/1953","MALE","WHITE"
"HARVEY PALMER JR","01/24/1977","MALE","WHITE"
"DERRICK PAM","01/27/1992","MALE","BLACK"
"FREDDIE PAM","03/22/1997","MALE","BLACK"
"JAMES PAM","11/21/1998","MALE","BLACK"
"JESSTON PAM","07/24/1998","MALE","BLACK"
"ROBERT PAM","07/13/1962","MALE","BLACK"
"WILLIE PAM","09/29/1982","MALE","BLACK"
"CHRISTOPHER PANKEY","01/11/1992","MALE","WHITE"
"JAWAN PANKEY","09/29/1993","MALE","BLACK"
"FRANCHESKA PANNELL","05/26/1985","FEMALE","BLACK"
"JASON PANNELL","11/13/1977","MALE","WHITE"
"JENNIFER PANNELL","12/12/1973","FEMALE","WHITE"
"MICHAEL PANNELL","05/08/1973","MALE","WHITE"
"TINA PANNELL","10/26/1971","FEMALE","WHITE"
"TOMMY PANNELL","06/13/1951","MALE","BLACK"
"MACKELL PAPA","08/15/1964","MALE","BLACK"
"CHARLES PAPPA","07/07/1975","MALE","WHITE"
"FREDDY PARADES","03/13/1984","MALE","SPANISH"
"BILLY PARDUE","11/06/1980","MALE","WHITE"
"SAMUEL PARDUE","03/12/1961","MALE","WHITE"
"JAVIAN PARHAM","06/10/1992","MALE","BLACK"
"SHELBY PARHAM","09/30/1966","MALE","WHITE"
"JAGGER PARIMON","10/04/1993","MALE","BLACK"
"ANTHONY PARISH","12/15/1968","MALE","WHITE"
"JAMES PARISH","11/25/1963","MALE","BLACK"
"MARTY PARISI","06/17/1970","MALE","WHITE"
"JOHN PARISIE","10/25/1948","MALE","WHITE"
"ADRIAN PARKER","10/25/1981","MALE","BLACK"
"ALTON PARKER","04/04/1971","MALE","WHITE"
"ANTONIO PARKER","11/16/1983","MALE","BLACK"
"ATIBA PARKER","09/01/1977","MALE","BLACK"
"BILLY PARKER","09/11/1983","MALE","BLACK"
"CHAD PARKER","10/11/1980","MALE","WHITE"
"CHARLES PARKER","01/02/1979","MALE","WHITE"
"CHARLES PARKER","05/15/1975","MALE","WHITE"
"CHRISTOPHER PARKER","09/26/1977","MALE","WHITE"
"DAMEON PARKER","07/26/1999","MALE","BLACK"
"DAVID PARKER","06/27/1983","MALE","WHITE"
"DENNIS PARKER","03/01/1991","MALE","WHITE"
"DERRICK PARKER","08/31/1980","MALE","WHITE"
"DESMOND PARKER","11/10/1992","MALE","BLACK"
"DONKEVIOUS PARKER","07/31/1994","MALE","BLACK"
"EZRA PARKER","01/06/1993","MALE","BLACK"
"FERNANDO PARKER","09/17/1981","MALE","BLACK"
"GARY PARKER","10/04/1972","MALE","BLACK"
"GLEN PARKER","01/17/1981","MALE","BLACK"
"GLENN PARKER","02/10/1960","MALE","BLACK"
"JAMES PARKER","06/05/2000","MALE","BLACK"
"JEFFERY PARKER","02/13/1973","MALE","BLACK"
"JERRY PARKER","09/10/1982","MALE","BLACK"
"JESSIE PARKER","01/12/1951","MALE","BLACK"
"JOHN PARKER","03/20/1980","MALE","WHITE"
"JOHN PARKER","06/11/1975","MALE","WHITE"
"JOHNATHAN PARKER","12/05/1993","MALE","BLACK"
"JOHNNY PARKER","11/29/1961","MALE","WHITE"
"JONATHAN PARKER","04/28/1979","MALE","WHITE"
"JOSEPH PARKER","10/22/1990","MALE","WHITE"
"JOSHUA PARKER","12/21/1990","MALE","WHITE"
"JOSHUA PARKER","05/03/1980","MALE","WHITE"
"KARI PARKER","09/12/1981","FEMALE","WHITE"
"KEITH PARKER","03/14/1988","MALE","BLACK"
"KENDALL PARKER","09/03/1993","MALE","WHITE"
"KENDELL PARKER","09/03/1993","MALE","WHITE"
"KODIE PARKER","12/26/1989","MALE","WHITE"
"LEROY PARKER","10/26/1958","MALE","BLACK"
"LESTER PARKER","05/20/1995","MALE","WHITE"
"LUCAS PARKER","03/02/1982","MALE","BLACK"
"MARCUS PARKER","08/02/1988","MALE","BLACK"
"MARIO PARKER","12/01/1970","MALE","BLACK"
"MICHAEL PARKER","03/30/1991","MALE","WHITE"
"MURRIA PARKER","10/13/1965","MALE","BLACK"
"QUINTARIUS PARKER","02/11/1998","MALE","BLACK"
"RAIMUNDO PARKER","10/13/1978","MALE","BLACK"
"RAY PARKER","08/09/1990","MALE","BLACK"
"REX PARKER","11/08/1953","MALE","WHITE"
"RICKY PARKER","01/12/1968","MALE","BLACK"
"RONNIE PARKER","03/17/1963","MALE","WHITE"
"ROY PARKER","12/09/1950","MALE","WHITE"
"SAMMIE PARKER","02/19/1962","MALE","BLACK"
"SHANNON PARKER","02/11/1970","MALE","WHITE"
"STEVEN PARKER","09/20/1965","MALE","WHITE"
"TATEANNA PARKER","02/19/1997","FEMALE","BLACK"
"THOMAS PARKER","09/21/1954","MALE","WHITE"
"THOMAS PARKER","10/20/1979","MALE","WHITE"
"THOMAS PARKER","09/30/1964","MALE","WHITE"
"TIERRE PARKER","03/13/1978","MALE","BLACK"
"TIMOTHY PARKER","03/04/1980","MALE","BLACK"
"TRADARIUS PARKER","07/25/1996","MALE","BLACK"
"TRAVIS PARKER","12/01/1959","MALE","BLACK"
"VICTOR PARKER","02/05/1980","MALE","WHITE"
"VIRIE PARKER","01/04/1988","MALE","BLACK"
"LEE PARKERSON","09/05/1986","MALE","AMERICAN"
"CHARLES PARKINSON","12/22/1963","MALE","WHITE"
"BLADE PARKS","04/09/1994","MALE","BLACK"
"CLAUDE PARKS","01/18/1973","MALE","WHITE"
"EDDIE PARKS","08/03/1958","MALE","BLACK"
"GEORGE PARKS","07/19/1971","MALE","BLACK"
"JAMES PARKS","09/13/1983","MALE","BLACK"
"JODY PARKS","10/27/1993","MALE","BLACK"
"JOHN PARKS","01/23/1973","MALE","WHITE"
"KEVINE PARKS","07/07/1973","MALE","BLACK"
"LUCIOUS PARKS","07/21/1960","MALE","BLACK"
"QUANTAURUS PARKS","11/30/1992","MALE","BLACK"
"TROY PARKS","08/07/1982","MALE","WHITE"
"WILLIAM PARKS","06/08/1961","MALE","WHITE"
"CHELSEA PARMENTER","09/24/1993","FEMALE","WHITE"
"DUSTEN WRIGH PARMENTER","07/11/1990","MALE","WHITE"
"CLYDE PARMER","06/06/1965","MALE","WHITE"
"DWAN PARNELL","07/14/1986","MALE","BLACK"
"JAMES PARNELL","07/16/1989","MALE","WHITE"
"JOHNATHAN PARNELL","08/12/1986","MALE","BLACK"
"NIKKIE PARNELL","10/27/1964","FEMALE","WHITE"
"JAMES PARR","10/16/1987","MALE","WHITE"
"CALAN PARRAM-WADE","12/26/1993","MALE","BLACK"
"SAMUEL PARRAMORE","08/24/1975","MALE","BLACK"
"CLAYTON PARRAMOURE","05/19/1964","MALE","WHITE"
"PHILLIP PARRETT","11/25/1986","MALE","WHITE"
"ANDREW PARRIS","10/01/1986","MALE","WHITE"
"BRIAN PARRISH","09/14/1972","MALE","WHITE"
"MATTHEW PARRISH","11/02/1981","MALE","WHITE"
"MITCHELL PARRISH","01/20/1990","MALE","WHITE"
"WILLIAM PARRISH","11/17/1989","MALE","WHITE"
"GERALD PARROW","10/17/1969","MALE","BLACK"
"JAMES PARSON","09/18/1977","MALE","BLACK"
"JOHNATHAN PARSON","04/23/1983","MALE","WHITE"
"BRITTEN PARSONS","02/15/1993","MALE","WHITE"
"ZACHARY PARSONS","09/15/1981","MALE","WHITE"
"BOBBY PARTEE","05/12/1984","MALE","BLACK"
"FREDERICK PARTEE","11/01/1973","MALE","BLACK"
"TRAVIS PARTEE","11/02/1978","MALE","BLACK"
"COREY PARTLOW","04/19/1979","MALE","BLACK"
"MICHAEL PARTRIDGE","03/24/1987","MALE","WHITE"
"STANLEY PASCHALL","05/14/1960","MALE","WHITE"
"TRAVIS PASKEL","10/26/1984","MALE","BLACK"
"JOEY PASS","02/20/1975","MALE","BLACK"
"AARON PATANE","07/11/1978","MALE","WHITE"
"DOMINIC PATE","02/27/1985","MALE","BLACK"
"GEORGE PATE","01/29/1953","MALE","WHITE"
"LESTANFORD PATE","09/25/1999","MALE","BLACK"
"LONDELL PATE","04/27/1998","MALE","BLACK"
"TIONNA PATE","01/19/1993","FEMALE","BLACK"
"CHRISTOPHER PATEN","01/11/1988","MALE","BLACK"
"EDWARD PATEN","07/10/1999","MALE","BLACK"
"AMONTEEL PATES","08/31/1993","MALE","BLACK"
"JUAN PATINO","01/05/1995","MALE","SPANISH"
"FRED PATMON","05/07/1989","MALE","BLACK"
"JAMES PATMON","01/21/1983","MALE","BLACK"
"CADARRIO PATRICK","07/27/1991","MALE","BLACK"
"CALVIN PATRICK","02/05/1973","MALE","BLACK"
"CARL PATRICK","08/14/1977","MALE","BLACK"
"DEXTER PATRICK","09/01/1968","MALE","BLACK"
"ERIC PATRICK","08/04/1987","MALE","BLACK"
"JACKIE PATRICK","07/30/1968","MALE","BLACK"
"JOEL PATRICK","04/15/1975","MALE","BLACK"
"JOSHUA PATRICK","05/11/1997","MALE","BLACK"
"MARY PATRICK","06/26/1960","FEMALE","BLACK"
"RAYMOND PATRICK","12/25/1983","MALE","WHITE"
"RAYSHAD PATRICK","12/20/1991","MALE","BLACK"
"NICHOLAS PATRY","05/22/1986","MALE","WHITE"
"JIMMY PATT","01/12/1979","MALE","WHITE"
"BILLY PATTERSON","04/06/1975","MALE","BLACK"
"BRADLEY PATTERSON","05/11/1978","MALE","WHITE"
"BRYAN PATTERSON","07/10/1976","MALE","WHITE"
"CHRISTOPHER PATTERSON","11/05/1991","MALE","BLACK"
"DANIEL PATTERSON","10/12/1991","MALE","WHITE"
"DAREN PATTERSON","11/02/1984","MALE","BLACK"
"DEANGELO PATTERSON","10/18/1984","MALE","BLACK"
"DERRICK PATTERSON","07/16/1981","MALE","BLACK"
"DESMOND PATTERSON","02/13/1995","MALE","BLACK"
"DONALD PATTERSON","09/12/1984","MALE","BLACK"
"DUSTIN PATTERSON","03/25/1987","MALE","WHITE"
"FLOYD PATTERSON","10/19/1967","MALE","BLACK"
"FRANKLIN PATTERSON","06/10/1987","MALE","WHITE"
"FREDRICK PATTERSON","10/03/1964","MALE","BLACK"
"JEREMIAH PATTERSON","10/12/1988","MALE","BLACK"
"JEREMY PATTERSON","02/24/1978","MALE","BLACK"
"JERRY PATTERSON","08/30/1974","MALE","BLACK"
"JIMMY PATTERSON","10/20/1977","MALE","WHITE"
"JOSHUS PATTERSON","03/08/1974","MALE","BLACK"
"LEWIS PATTERSON","03/25/1987","MALE","BLACK"
"PATRICK PATTERSON","03/17/1993","MALE","BLACK"
"PINKSTON PATTERSON","06/16/1982","MALE","BLACK"
"RANDERICK PATTERSON","07/17/1992","MALE","BLACK"
"RAY PATTERSON","01/09/1980","MALE","WHITE"
"RICK PATTERSON","06/20/1984","MALE","WHITE"
"ROGER PATTERSON","09/18/1954","MALE","BLACK"
"TIMOTHY PATTERSON","08/02/1987","MALE","WHITE"
"TOMMIE PATTERSON","03/15/1978","MALE","WHITE"
"ANTWAN PATTON","11/20/1985","MALE","BLACK"
"BOBBY PATTON","06/12/1971","MALE","BLACK"
"CHRISTOPHER PATTON","03/03/1992","MALE","BLACK"
"DANIEL PATTON","08/29/1980","MALE","WHITE"
"DAYLA PATTON","04/19/1990","FEMALE","BLACK"
"DEBORAH PATTON","05/17/1979","FEMALE","BLACK"
"ERIC PATTON","02/10/1990","MALE","WHITE"
"FRANK PATTON","09/16/1978","MALE","BLACK"
"FREDRICK PATTON","04/30/1978","MALE","BLACK"
"JEREMIAH PATTON","02/21/1976","MALE","BLACK"
"JOSEPH PATTON","03/29/1980","MALE","BLACK"
"KESHIA PATTON","09/18/1987","FEMALE","BLACK"
"NORMAN PATTON","02/03/1981","MALE","BLACK"
"QUENTIN PATTON","02/11/1987","MALE","WHITE"
"RANDY PATTON","11/23/1969","MALE","BLACK"
"RUSSELL PATTON","06/23/1960","MALE","WHITE"
"SENICA PATTON","08/24/1974","MALE","BLACK"
"THADDEUS PATTON","07/04/1991","MALE","BLACK"
"WILLIE PATTON","11/03/1990","MALE","BLACK"
"DANNY PATTY","10/25/1990","MALE","BLACK"
"TERRELL PATTY","03/15/1973","MALE","BLACK"
"TRABORRACE PATTY","10/24/1991","MALE","BLACK"
"HERB PAUL","11/08/1973","MALE","WHITE"
"JUSTIN PAUL","09/05/1992","MALE","WHITE"
"RICHARD PAUL","07/09/1955","MALE","WHITE"
"TIMOTHY PAUL","03/31/1982","MALE","WHITE"
"LEROY PAVOLINI","08/16/1988","MALE","WHITE"
"JEFFERY PAXTON","12/28/1979","MALE","BLACK"
"DESHAWN PAYMON","11/16/1993","MALE","BLACK"
"ANTHONY PAYNE","10/11/1973","MALE","WHITE"
"ANTONIO PAYNE","09/27/1971","MALE","BLACK"
"CORVEY PAYNE","11/30/1991","MALE","BLACK"
"COTY PAYNE","02/19/1987","MALE","WHITE"
"DAVID PAYNE","11/24/1960","MALE","WHITE"
"DE'NEAL PAYNE","12/11/1992","MALE","BLACK"
"DE'QUAN PAYNE","10/23/1995","MALE","BLACK"
"GEINO PAYNE","04/23/1993","MALE","BLACK"
"IRVIN PAYNE","08/29/1985","MALE","BLACK"
"JALEN PAYNE","12/06/1995","MALE","BLACK"
"JAMES PAYNE","12/07/1987","MALE","WHITE"
"JAMIE PAYNE","10/09/1989","MALE","BLACK"
"JAMON PAYNE","10/14/1979","MALE","BLACK"
"JERRY PAYNE","09/04/1977","MALE","BLACK"
"JESSE PAYNE","05/02/1990","MALE","BLACK"
"JUAN PAYNE","03/12/1984","MALE","BLACK"
"MASHAWN PAYNE","07/16/1997","MALE","BLACK"
"MICHAEL PAYNE","09/09/1980","MALE","BLACK"
"TERRY PAYNE","03/26/1960","MALE","WHITE"
"TRAVIS PAYNE","02/26/1988","MALE","WHITE"
"WAYLAN PAYNE","05/19/1981","MALE","WHITE"
"ANDREW PAYTON","01/05/1971","MALE","BLACK"
"DAVID PAYTON","07/31/1980","MALE","BLACK"
"DEANDRE PAYTON","03/17/1996","MALE","BLACK"
"EDWARD PAYTON","05/21/1981","MALE","BLACK"
"GLEN PAYTON","07/14/1970","MALE","BLACK"
"HENRY PAYTON","03/30/1958","MALE","BLACK"
"JEREMY PAYTON","03/21/1976","MALE","WHITE"
"KALINSKI PAYTON","11/09/1984","MALE","BLACK"
"KENDELL PAYTON","10/15/1987","MALE","BLACK"
"ROBERT PAYTON","11/13/1986","MALE","BLACK"
"TONY PAYTON","10/19/1969","MALE","BLACK"
"VALORIE PAYTON","04/23/1969","FEMALE","BLACK"
"WILEY PAYTON","08/15/1982","MALE","BLACK"
"JONATHAN PEACHER","07/16/1984","MALE","WHITE"
"JIMMY PEACOCK","12/12/1986","MALE","BLACK"
"KRISTOPHER PEACOCK","07/25/1985","MALE","WHITE"
"MICHAEL PEACOCK","02/23/1974","MALE","WHITE"
"MARCUS PEAIRS","11/25/1990","MALE","BLACK"
"KENNETH PEAL","01/15/1959","MALE","WHITE"
"KESHA PEARINE","09/23/1981","FEMALE","BLACK"
"BOBBY PEARL","07/10/1977","MALE","WHITE"
"ALBERT PEARSON","12/28/1955","MALE","BLACK"
"ALEX PEARSON","08/24/1950","MALE","WHITE"
"BOBBY PEARSON","09/16/1982","MALE","WHITE"
"CORTEZ PEARSON","11/04/1991","MALE","BLACK"
"COURTNEY PEARSON","01/08/1993","MALE","BLACK"
"CURTIS PEARSON","08/20/1957","MALE","BLACK"
"DREW PEARSON","11/10/1990","MALE","WHITE"
"MARVIN PEARSON","11/28/1987","MALE","BLACK"
"MELISSA PEARSON","07/27/1979","FEMALE","WHITE"
"RICKY PEARSON","07/14/1986","MALE","BLACK"
"RONNIE PEARSON","06/05/1994","MALE","WHITE"
"SUZZIE PEARSON","12/29/1990","FEMALE","BLACK"
"FLOYD PEAVEY","07/29/1966","MALE","WHITE"
"JESSICA PEAVY","07/29/1981","FEMALE","WHITE"
"TANJA PEAVY","05/15/1970","FEMALE","WHITE"
"LYNTRELL PECK","08/23/1986","MALE","BLACK"
"DONALD PECKINPAUGH","07/29/1984","MALE","WHITE"
"MICHAEL PEDEN","01/02/1991","MALE","BLACK"
"CHARLES PEDIGO","09/09/1985","MALE","WHITE"
"BRIAN PEEKS","02/07/1980","MALE","WHITE"
"GARY PEEKS","11/13/1968","MALE","WHITE"
"MICHAEL PEEKS","03/05/1972","MALE","WHITE"
"FABIYONEE PEEL","01/06/1992","MALE","BLACK"
"SCOTTY PEEL","07/24/1985","MALE","WHITE"
"JAMES PEEPLES","04/14/1985","MALE","BLACK"
"WILLIAM PEEPLES","04/01/1971","MALE","WHITE"
"JONATHAN PEERY","02/12/1979","MALE","WHITE"
"PRESTON PEGG","10/16/1973","MALE","WHITE"
"RODERICK PEGQUES","03/05/1977","MALE","BLACK"
"ANDRICO PEGUES","06/24/1996","MALE","BLACK"
"CHARLES PEGUES","09/01/1977","MALE","BLACK"
"KENDALL PEGUES","08/03/1990","MALE","BLACK"
"TARIK PEGUES","03/20/1992","MALE","BLACK"
"TAVION PEGUES","01/20/1995","MALE","BLACK"
"ERIC PELLETIER","05/19/1986","MALE","WHITE"
"BENJAMIN PEMBERTON","06/29/1979","MALE","WHITE"
"DAVID PENA","09/18/1984","MALE","WHITE"
"STEPHEN PENA","02/14/1990","MALE","SPANISH"
"ALCIDES PENA-JORGE","12/18/1972","MALE","SPANISH"
"COREY PENDLETON","09/15/1983","MALE","BLACK"
"JAMES PENDLETON","10/17/1969","MALE","BLACK"
"JERREKUS PENDLETON","10/15/1987","MALE","BLACK"
"MATTHEW PENDLETON","05/10/1991","MALE","WHITE"
"DAMAZIO PENN","06/26/1982","MALE","BLACK"
"JOHN PENN","02/08/1984","MALE","WHITE"
"JOSEPH PENNELL","01/13/1982","MALE","WHITE"
"AUSTIN PENNINGTON","10/12/1999","MALE","WHITE"
"CHAD PENNINGTON","02/24/1991","MALE","WHITE"
"JAMES PENNINGTON","11/13/1991","MALE","WHITE"
"JEFFREY PENNINGTON","03/02/1989","MALE","WHITE"
"JERRY PENNINGTON","09/11/1970","MALE","WHITE"
"JONATHAN PENNINGTON","07/09/1988","MALE","BLACK"
"REBECCA PENNINGTON","11/16/1983","FEMALE","WHITE"
"WALTER PENNINGTON","08/18/1945","MALE","WHITE"
"VARTAURSE PENNS","10/24/1983","MALE","BLACK"
"DARWIN PENROSE","05/28/1986","MALE","BLACK"
"MELANDUS PENSON","12/18/1982","MALE","BLACK"
"RAUDREIKUS PENSON","05/10/1995","MALE","BLACK"
"CHARLES PENTON","12/04/1971","MALE","WHITE"
"JERRY PENTON","12/07/1973","MALE","WHITE"
"JESSE PENTON","08/16/1972","MALE","WHITE"
"KAYLA PENTON","07/13/1990","FEMALE","WHITE"
"WHITNEY PENTON","09/12/1991","FEMALE","WHITE"
"WILLIAM PENTON","11/26/1976","MALE","WHITE"
"NORMAN PEOPLES","08/21/1979","MALE","WHITE"
"RYAN PEOPLES","11/19/1992","MALE","WHITE"
"TAMIRA PEOPLES","12/12/1974","FEMALE","BLACK"
"ERIC PEPPER","10/09/1980","MALE","WHITE"
"KENDRICH PEPPERS","01/09/1978","MALE","BLACK"
"ANTHONY PEREZ","10/05/1983","MALE","SPANISH"
"HUELQUIN PEREZ","09/15/1971","MALE","SPANISH"
"JACOB PEREZ","08/28/1986","MALE","WHITE"
"MARCOS PEREZ","08/21/1969","MALE","SPANISH"
"TARA PEREZ","05/31/1987","FEMALE","WHITE"
"HULEN PERILLOUX","07/27/1939","MALE","WHITE"
"ADAM PERKINS","03/29/1966","MALE","BLACK"
"ANDREW PERKINS","05/12/1986","MALE","BLACK"
"DAMON PERKINS","11/19/1974","MALE","BLACK"
"DANTE PERKINS","10/21/1997","MALE","BLACK"
"DAVID PERKINS","05/20/1961","MALE","WHITE"
"EDDIE PERKINS","09/17/1960","MALE","BLACK"
"ELDRICK PERKINS","04/07/1989","MALE","BLACK"
"GARY PERKINS","12/16/1996","MALE","BLACK"
"HOWARD PERKINS","02/27/1980","MALE","WHITE"
"JAKEEL PERKINS","01/08/1996","MALE","BLACK"
"JEREMY PERKINS","09/01/1986","MALE","WHITE"
"JIMMY PERKINS","03/30/1969","MALE","WHITE"
"JOHN PERKINS","09/27/1980","MALE","WHITE"
"JOSHUA PERKINS","03/21/1995","MALE","BLACK"
"JUSTIN PERKINS","08/19/1988","MALE","WHITE"
"LAJERRIOUS PERKINS","10/31/1995","MALE","BLACK"
"MAXINE PERKINS","08/18/1983","FEMALE","BLACK"
"MELVIN PERKINS","08/20/1967","MALE","BLACK"
"NICHOLAS PERKINS","05/20/1985","MALE","WHITE"
"NOLAN PERKINS","03/22/1986","MALE","BLACK"
"PARISH PERKINS","10/23/1968","MALE","BLACK"
"RICKY PERKINS","06/19/1998","MALE","BLACK"
"RODNEY PERKINS","09/01/1983","MALE","WHITE"
"ROMIKA PERKINS","02/19/1975","MALE","BLACK"
"TABITHA PERKINS","09/06/1989","FEMALE","WHITE"
"VICKIE PERKINS","01/03/1962","FEMALE","BLACK"
"WENDY PERKINS","06/29/1982","FEMALE","WHITE"
"ZAN PERKINS","03/15/1995","MALE","BLACK"
"JEANETTE PERNELL","12/25/1975","FEMALE","BLACK"
"BILLY PERNICIARO","01/19/1975","MALE","WHITE"
"THOMAS PERRIE","07/02/1973","MALE","WHITE"
"ROBERT PERRIGIN","08/31/1964","MALE","WHITE"
"ROBERT PERRINE","06/07/1977","MALE","WHITE"
"KENNETH PERRON","01/17/1990","MALE","WHITE"
"BYRON PERRY","12/22/1985","MALE","BLACK"
"CHRISTOPHER PERRY","09/05/1979","MALE","WHITE"
"DAVID PERRY","09/09/1967","MALE","BLACK"
"DEMARCO PERRY","08/30/2001","MALE","BLACK"
"DEMONTARIOUS PERRY","10/19/1995","MALE","BLACK"
"DEVON PERRY","11/25/1991","MALE","BLACK"
"DEVONTA PERRY","01/30/1996","MALE","BLACK"
"DEWAYNE PERRY","03/11/1981","MALE","BLACK"
"JORDAN PERRY","11/11/1995","MALE","BLACK"
"JUAN PERRY","02/07/1971","MALE","BLACK"
"JUSTIN PERRY","01/25/1985","MALE","WHITE"
"KELVIN PERRY","11/06/1976","MALE","BLACK"
"LARRY PERRY","04/12/1974","MALE","BLACK"
"MARCUS PERRY","02/03/1982","MALE","WHITE"
"MCARTHUR PERRY","06/07/1973","MALE","BLACK"
"RANDY PERRY","03/17/1962","MALE","WHITE"
"RICHARD PERRY","07/12/1985","MALE","BLACK"
"TIMOTHY PERRY","11/24/1968","MALE","WHITE"
"LACEDRICK PERRYMAN","07/24/1999","MALE","BLACK"
"LATRAVION PERRYMAN","08/26/1990","MALE","BLACK"
"SHELDON PERRYMAN","08/10/1979","MALE","BLACK"
"VICTOR PERRYMAN","06/23/1962","MALE","BLACK"
"CALVIN PERSON","10/27/1976","MALE","BLACK"
"JAMES PERSON","09/26/1974","MALE","BLACK"
"DONALD PERVEL","10/17/1967","MALE","WHITE"
"JOSHUA PETERMAN","11/15/1986","MALE","WHITE"
"ADAM PETERS","11/04/1962","MALE","BLACK"
"ANTHONY PETERS","04/18/1964","MALE","BLACK"
"DONNIFER PETERS","04/29/1969","MALE","BLACK"
"EDDIE PETERS","04/11/1963","MALE","BLACK"
"JEFFERY PETERS","10/10/1961","MALE","WHITE"
"JOHNNY PETERS","01/06/1981","MALE","BLACK"
"KATIE PETERS","09/06/1989","FEMALE","WHITE"
"MICHAEL PETERS","11/17/1977","MALE","BLACK"
"MINKAH PETERS","07/23/1997","MALE","BLACK"
"SAMUEL PETERS","12/22/1996","MALE","BLACK"
"ALBERT PETERSON","11/12/1976","MALE","WHITE"
"AMIE PETERSON","04/10/1985","MALE","WHITE"
"CHRISTOPHER PETERSON","06/18/1972","MALE","WHITE"
"CLARENCE PETERSON","11/25/1971","MALE","WHITE"
"DERRICK PETERSON","02/28/1983","MALE","BLACK"
"JAMES PETERSON","02/28/1977","MALE","BLACK"
"JARIEL PETERSON","08/30/1991","MALE","BLACK"
"JIMVIERRE PETERSON","08/22/1990","MALE","BLACK"
"JOHN PETERSON","06/08/1989","MALE","BLACK"
"JON PETERSON","07/14/1972","MALE","WHITE"
"JUSTIN PETERSON","02/27/1982","MALE","WHITE"
"KENTAUIA PETERSON","12/02/1981","MALE","BLACK"
"MAVEN PETERSON","12/09/1962","MALE","WHITE"
"STANLEY PETERSON","08/22/1967","MALE","BLACK"
"THOMAS PETERSON","08/05/1994","MALE","BLACK"
"WILLIE PETERSON","12/31/1999","MALE","BLACK"
"CHAYNE PETRONE","07/28/1982","MALE","WHITE"
"DONNIE PETRUS","03/28/1977","MALE","WHITE"
"ANDY PETTIGO","12/04/1962","MALE","WHITE"
"JAMARCUS PETTIGREW","03/30/1991","MALE","BLACK"
"CLARENCE PETTIS","08/30/1966","MALE","BLACK"
"DARWIN PETTIS","01/06/1978","MALE","BLACK"
"JEROME PETTIS","01/28/1989","MALE","BLACK"
"SAMMIE PETTIS","12/16/1970","MALE","BLACK"
"WILLIAM PETTIT","02/03/1983","MALE","WHITE"
"RODNEY PETTUS","10/08/1987","MALE","BLACK"
"ANDREA PETTUS, JR","05/28/1998","MALE","BLACK"
"THOMAS PETTWAY","08/09/1982","MALE","WHITE"
"ALFRED PETTY","09/11/1971","MALE","BLACK"
"BRANDON PETTY","08/15/1985","MALE","BLACK"
"DAVID PETTY","09/21/1979","MALE","WHITE"
"MICHAEL PETTY","05/18/1985","MALE","WHITE"
"SCOTTIE PETTY","08/25/1963","MALE","WHITE"
"TERRY PETTY","02/19/1982","MALE","BLACK"
"TYKEAL PETTY","08/09/1996","MALE","BLACK"
"TIMOTHY PEUGH","07/26/1980","MALE","WHITE"
"COLBY PEYTON","09/13/1985","MALE","BLACK"
"DERRICK PEYTON","10/19/1976","MALE","BLACK"
"FREDDIE PEYTON","05/07/1955","MALE","BLACK"
"JOSEPH PEYTON","01/31/1970","MALE","BLACK"
"KEGERRAN PEYTON","02/18/1991","MALE","BLACK"
"KENNETH PEYTON","06/25/1973","MALE","BLACK"
"SABRINA PEYTON","02/15/1982","FEMALE","BLACK"
"WARREN PFETZER","12/29/1975","MALE","WHITE"
"CUONG PHAM","07/02/1974","MALE","ASIAN"
"KHA PHAM","11/05/1969","MALE","ASIAN"
"JIMMY PHAN","08/12/1986","MALE","ASIAN"
"ASHTON PHELPS","08/30/1994","FEMALE","WHITE"
"AUSTIN PHELPS","10/22/1994","MALE","WHITE"
"BOBBI PHELPS","04/08/1976","FEMALE","WHITE"
"CHARLES PHELPS","01/03/1954","MALE","WHITE"
"HENRY PHELPS","10/13/1988","MALE","WHITE"
"JOSHUA PHELPS","05/10/1987","MALE","WHITE"
"ADAM PHILLIPS","06/30/1980","MALE","WHITE"
"ANTHONY PHILLIPS","10/01/1994","MALE","BLACK"
"ARNETT PHILLIPS","05/07/1979","MALE","WHITE"
"ARTHUR PHILLIPS","12/29/1975","MALE","WHITE"
"BOBBY PHILLIPS","05/05/1985","MALE","WHITE"
"CARLOS PHILLIPS","03/22/1975","MALE","BLACK"
"CHARLES PHILLIPS","04/07/1989","MALE","BLACK"
"CHARLES PHILLIPS","10/30/1983","MALE","BLACK"
"DANIEL PHILLIPS","09/05/1982","MALE","WHITE"
"DONALD PHILLIPS","06/26/1992","MALE","WHITE"
"DONNA PHILLIPS","12/15/1977","FEMALE","WHITE"
"EDDIE PHILLIPS","03/28/1977","MALE","BLACK"
"ELTON PHILLIPS","10/13/1954","MALE","BLACK"
"FRANKLIN PHILLIPS","01/15/1943","MALE","WHITE"
"HEATHER PHILLIPS","10/29/1989","FEMALE","WHITE"
"HENRY PHILLIPS","12/16/1956","MALE","BLACK"
"JAMES PHILLIPS","08/03/1990","MALE","WHITE"
"JAMONTE PHILLIPS","05/04/1996","MALE","BLACK"
"JAVONTA PHILLIPS","03/22/1996","MALE","BLACK"
"JOHN PHILLIPS","08/28/1969","MALE","WHITE"
"JOHNNY PHILLIPS","01/27/1996","MALE","WHITE"
"JONATHAN PHILLIPS","01/04/1981","MALE","BLACK"
"JOSEPH PHILLIPS","08/04/1996","MALE","WHITE"
"JUSTIN PHILLIPS","11/11/1984","FEMALE","WHITE"
"KELVIN PHILLIPS","10/19/1991","MALE","BLACK"
"KENDERRICK PHILLIPS","11/14/1994","MALE","BLACK"
"LAMAR PHILLIPS","05/10/1972","MALE","BLACK"
"LAMIKI PHILLIPS","05/15/1983","MALE","BLACK"
"MARCUS PHILLIPS","05/27/1978","MALE","BLACK"
"MARSHALL PHILLIPS","03/29/1967","MALE","BLACK"
"MATTHEW PHILLIPS","06/21/1990","MALE","WHITE"
"MICHAEL PHILLIPS","06/05/1980","MALE","WHITE"
"MICHELLE PHILLIPS","06/29/1978","FEMALE","WHITE"
"MOODY PHILLIPS","07/17/1992","MALE","BLACK"
"PATRICK PHILLIPS","02/11/1993","MALE","BLACK"
"PRESTON PHILLIPS","03/12/1998","MALE","BLACK"
"RANDY PHILLIPS","01/08/1964","MALE","WHITE"
"ROBERT PHILLIPS","01/26/1964","MALE","WHITE"
"ROBERT PHILLIPS","09/10/1950","MALE","WHITE"
"RONNELL PHILLIPS","07/14/1991","MALE","BLACK"
"ROOSEVELT PHILLIPS","04/25/1989","MALE","BLACK"
"RUSSELL PHILLIPS","01/17/1985","MALE","BLACK"
"SCHRON PHILLIPS","10/12/1991","MALE","BLACK"
"STANLEY PHILLIPS","01/12/1970","MALE","WHITE"
"STEPHEN PHILLIPS","02/08/2001","MALE","WHITE"
"TIMOTHY PHILLIPS","02/27/1989","MALE","BLACK"
"TIMOTHY PHILLIPS","03/10/1967","MALE","WHITE"
"XAVIER PHILLIPS","07/02/1986","MALE","BLACK"
"XAVIER PHILLIPS-BOWMA","09/28/1988","MALE","BLACK"
"MICHAEL PHILPOT","02/22/1977","MALE","WHITE"
"STEWARDY PHINISEE","09/23/1993","MALE","BLACK"
"JOHN PHINIZEE","08/18/1952","MALE","BLACK"
"BILLY PICARD","12/24/1979","MALE","WHITE"
"TROY PICCALUGA","10/17/1969","MALE","WHITE"
"CHRISTOPHER PICKENS","03/02/1988","MALE","BLACK"
"DARYL PICKENS","03/04/1974","MALE","BLACK"
"DEMARCUS PICKENS","12/09/1993","MALE","BLACK"
"JAMES PICKENS","07/09/1981","MALE","BLACK"
"JOHNNY PICKENS","12/04/1987","MALE","BLACK"
"KEONTA PICKENS","03/03/1996","MALE","BLACK"
"KIARA PICKENS","11/17/1993","FEMALE","BLACK"
"MARK PICKENS","10/03/1972","MALE","WHITE"
"MICHAEL PICKENS","06/01/1971","MALE","BLACK"
"PHARES PICKENS","01/10/1982","MALE","BLACK"
"ROCKIE PICKENS","12/08/1969","MALE","BLACK"
"SAMUEL PICKENS","01/03/1963","MALE","BLACK"
"ELIZABETH PICKERING","10/18/1980","FEMALE","WHITE"
"GEORGE PICKERING","09/04/1944","MALE","BLACK"
"BRIAN PICKETT","02/15/1968","MALE","BLACK"
"CHARLES PICKETT","05/28/1955","MALE","WHITE"
"CYNTHIA PICKETT","05/12/1955","FEMALE","BLACK"
"DAMARIUS PICKETT","09/01/1999","MALE","BLACK"
"DENNIS PICKETT","04/02/1995","MALE","BLACK"
"JACARRUS PICKETT","06/25/1983","MALE","BLACK"
"MACK PICKETT","07/10/1959","MALE","WHITE"
"MARIO PICKETT","11/02/1985","MALE","BLACK"
"MAUREKA PICKETT","07/31/1979","MALE","BLACK"
"PRINCE PICKETT","06/14/1980","MALE","BLACK"
"ROBERT PICKETT","01/29/1987","MALE","WHITE"
"RODNEY PICKETT","01/04/1984","MALE","BLACK"
"WILLIE PICKETT","11/06/1970","MALE","BLACK"
"WILLIE PICKETT","08/10/1982","MALE","BLACK"
"C PICKLE","06/06/1958","MALE","WHITE"
"DUSTON PICKLE","07/22/1989","MALE","WHITE"
"MATTHEW PIELE","04/16/1971","MALE","WHITE"
"ANTHONY PIERCE","09/03/1970","MALE","BLACK"
"BRADLEY PIERCE","02/15/1986","MALE","WHITE"
"CLEOTHA PIERCE","10/06/1996","MALE","BLACK"
"CLINTON PIERCE","02/07/1991","MALE","WHITE"
"DEMETRIUS PIERCE","07/30/1980","MALE","BLACK"
"DENNIS PIERCE","12/29/1959","MALE","WHITE"
"ERIC PIERCE","02/08/1991","MALE","BLACK"
"GEORGE PIERCE","02/24/1974","MALE","BLACK"
"JAMES PIERCE","11/20/1993","MALE","BLACK"
"RICKY PIERCE","02/21/1973","MALE","WHITE"
"SCOTTIE PIERCE","09/22/1964","MALE","WHITE"
"STEVEN PIERCE","05/09/1972","MALE","WHITE"
"TERRY PIERCE","02/26/1989","MALE","BLACK"
"THOMAS PIERCE","03/25/1953","MALE","BLACK"
"TRAVIS PIERCE","06/27/1993","MALE","BLACK"
"WILLIAM PIERCE","01/22/1994","MALE","WHITE"
"WILLIAM PIERCE","08/03/1974","MALE","WHITE"
"JAMES PIERCY","10/27/1960","MALE","WHITE"
"LORETTA PIERRE","06/07/1965","FEMALE","WHITE"
"BRIAN PIERSON","07/02/1987","MALE","WHITE"
"GAVIN PIERSON","02/18/1990","MALE","WHITE"
"COURTNEY PIGEE","11/20/1996","MALE","BLACK"
"EDDIE PIGG","08/20/1960","MALE","WHITE"
"TONY PIGGS","04/02/1984","MALE","BLACK"
"ANTHONY PIGOTT","12/22/1969","MALE","WHITE"
"KHALEED PIGRAM","11/27/1996","MALE","BLACK"
"TAVARUS PIGRAM","10/05/1995","MALE","BLACK"
"DAQUARIANN PILCHER","01/24/1997","MALE","BLACK"
"JAMES PILCHER","07/19/1952","MALE","BLACK"
"JERMORRIS PILCHER","05/28/1986","MALE","BLACK"
"KENNETH PILCHER","12/11/1974","MALE","BLACK"
"CHRISTOPHER PILGRIM","11/14/1982","MALE","WHITE"
"SHANE PILGRIM","09/21/1974","MALE","WHITE"
"RICHARDO PIMENTEL-TEPEC","09/12/1994","MALE","SPANISH"
"AARON PINDER","10/09/1966","MALE","BLACK"
"JERRY PINE","03/23/1962","MALE","WHITE"
"ZACHARY PINEDA","05/18/1992","MALE","WHITE"
"JESSE PINION","09/28/1987","MALE","WHITE"
"WILLIAM PINION","02/10/1979","MALE","WHITE"
"BOBBY PINKNEY","01/25/1957","MALE","BLACK"
"JEREMY PINKNEY","04/04/1995","MALE","BLACK"
"CHAZ PINKSTON","08/29/1987","MALE","BLACK"
"DEUNDRE PINKSTON","03/17/1995","MALE","BLACK"
"ADAM PINKTON","04/24/1962","MALE","BLACK"
"JOE PINO","09/04/1964","MALE","WHITE"
"TRAVONTE PINSON","06/18/1996","MALE","BLACK"
"JOSEPH PIOT","09/07/1971","MALE","WHITE"
"DEVONTA PIPKIN","09/16/1994","MALE","BLACK"
"BOBBY PIPKINS","02/27/1988","MALE","WHITE"
"DANIEL PIPKINS","05/25/1975","MALE","WHITE"
"DELIQUINTON PIPPEN","02/26/1992","MALE","BLACK"
"ROBERT PIPPEN","03/14/1981","MALE","WHITE"
"SYBORIS PIPPENS","06/10/1998","MALE","BLACK"
"BETTY PITCHFORD","09/04/1962","FEMALE","BLACK"
"JEREMY PITCHFORD","04/06/1986","MALE","BLACK"
"TERRY PITCHFORD","12/30/1985","MALE","BLACK"
"CHARLES PITCOCK","05/23/1960","MALE","WHITE"
"TARKUS PITRE","10/04/1973","MALE","WHITE"
"ANTHONY PITTMAN","02/28/1983","MALE","BLACK"
"AUSTIN PITTMAN","07/16/1968","MALE","WHITE"
"CHRISTOPHER PITTMAN","01/27/1997","MALE","BLACK"
"COLT PITTMAN","10/30/1984","MALE","WHITE"
"COREY PITTMAN","12/19/1996","MALE","BLACK"
"DAMON PITTMAN","05/27/1979","MALE","BLACK"
"DAVID PITTMAN","07/10/1959","MALE","BLACK"
"ERIC PITTMAN","11/06/1972","MALE","BLACK"
"GRANDVILLE PITTMAN","12/03/1976","MALE","WHITE"
"JACOBI PITTMAN","02/06/1986","MALE","BLACK"
"JANICE PITTMAN","09/30/1972","FEMALE","WHITE"
"JASON PITTMAN","05/24/1993","MALE","BLACK"
"JAVOSKI PITTMAN","12/30/1981","MALE","BLACK"
"JEREMIAH PITTMAN","07/02/2000","MALE","BLACK"
"JOHN PITTMAN","02/18/1974","MALE","BLACK"
"JUSTIN PITTMAN","11/22/1993","MALE","BLACK"
"KENNETH PITTMAN","05/20/1977","MALE","BLACK"
"LADXACIOUS PITTMAN","12/01/1993","MALE","BLACK"
"LAQUINN PITTMAN","03/08/1993","MALE","BLACK"
"LATIMORE PITTMAN","02/20/1993","MALE","BLACK"
"MARK PITTMAN","03/12/1977","MALE","BLACK"
"MARK PITTMAN","07/20/1960","MALE","BLACK"
"MORECKIA PITTMAN","02/14/2001","MALE","BLACK"
"PAUL PITTMAN","03/12/1976","MALE","BLACK"
"RANDALL PITTMAN","07/23/1964","MALE","WHITE"
"RICKY PITTMAN","12/09/1968","MALE","BLACK"
"ROBERT PITTMAN","06/17/1997","MALE","BLACK"
"SEDRICK PITTMAN","07/02/1980","MALE","BLACK"
"THOMAS PITTMAN","01/07/1985","MALE","WHITE"
"TYLER PITTMAN","12/08/1985","MALE","BLACK"
"WILLIE PITTMAN","09/24/1970","MALE","BLACK"
"ZANNOTOES PITTMAN","09/21/1998","MALE","BLACK"
"BENJAMIN PITTS","09/26/1970","MALE","WHITE"
"CLIFFORD PITTS","12/31/1949","MALE","WHITE"
"CODY PITTS","09/28/1988","MALE","WHITE"
"JEREMY PITTS","04/02/1977","MALE","WHITE"
"JEREMY PITTS","09/21/1979","MALE","WHITE"
"JOHN PITTS","11/18/1992","MALE","WHITE"
"JOHN PITTS","01/16/1980","MALE","WHITE"
"KALEB PITTS","08/10/1993","MALE","WHITE"
"NATHAN PITTS","05/13/1988","MALE","WHITE"
"RAYMOND PITTS","08/15/1979","MALE","WHITE"
"XAVIER PITTS","02/07/1994","MALE","BLACK"
"JUDY PITTS-DEARMAN","02/09/1953","FEMALE","WHITE"
"FREDDIE PLAIR","02/22/1967","MALE","BLACK"
"BRADLEY PLATT","03/01/1979","MALE","WHITE"
"CORANDUS PLEDGE","06/16/1980","MALE","BLACK"
"CRANDALL PLEDGE","03/07/1976","MALE","BLACK"
"CHRISTOPHER PLEMMONS","04/20/1985","MALE","WHITE"
"GREGORY PLUMMER","09/30/1963","MALE","BLACK"
"JOHN PLUMMER","06/12/1951","MALE","BLACK"
"JOHN PLUMMER","06/12/1997","MALE","WHITE"
"JUSTIN PLUNK","11/26/1986","MALE","WHITE"
"DON PLYLER","03/16/1989","MALE","WHITE"
"JERRY POARCH","06/18/1977","MALE","WHITE"
"DAVID POCHE","05/08/1982","MALE","WHITE"
"CASIMIR POE","10/20/2000","MALE","BLACK"
"KENNY POE","09/18/1964","MALE","WHITE"
"RODERICK POE","02/21/1980","MALE","BLACK"
"RANDY POGMORE","02/20/1978","MALE","WHITE"
"TIMOTHY POILLION","10/21/1985","MALE","WHITE"
"ADRAIN POINDEXTER","08/30/1975","MALE","BLACK"
"BOBBY POINDEXTER","08/08/1971","MALE","BLACK"
"CHRISTOPHER POINDEXTER","04/03/1998","MALE","BLACK"
"FREDDIE POINDEXTER","10/27/1948","MALE","BLACK"
"LARRY POINTER","04/22/1993","MALE","BLACK"
"ADRIAN POLK","12/09/1992","MALE","BLACK"
"BRANDON POLK","02/28/2000","MALE","BLACK"
"CHRISTOPHER POLK","11/11/1992","MALE","BLACK"
"DAVID POLK","08/24/1990","MALE","WHITE"
"DEMARCUS POLK","11/11/1991","MALE","BLACK"
"DEVIN POLK","05/15/1988","MALE","BLACK"
"EARVIN POLK","02/13/1950","MALE","BLACK"
"FLOYD POLK","11/24/1997","MALE","BLACK"
"JAMES POLK","02/07/1965","MALE","WHITE"
"JAMES POLK","06/02/1970","MALE","WHITE"
"JAMES POLK","10/09/1961","MALE","WHITE"
"NICHOLAS POLK","04/09/1978","MALE","BLACK"
"SHAQUILLE POLK","03/29/1994","MALE","BLACK"
"STEPHANIE POLK","09/08/1980","FEMALE","WHITE"
"WILLIE POLK","12/23/1960","MALE","BLACK"
"JANNIET POLK-DILLON","07/08/1975","FEMALE","BLACK"
"ASHRAE POLLARD","05/29/1982","MALE","BLACK"
"CURTIS POLLARD","12/09/1984","MALE","BLACK"
"JEREMY POLLARD","02/26/1996","MALE","BLACK"
"JEREMY POLLARD","01/21/1977","MALE","WHITE"
"MICHAEL POLOTNIK","07/16/1957","MALE","WHITE"
"JAMES PONDER","04/29/1960","MALE","WHITE"
"TRUDY PONDER","03/05/1979","FEMALE","WHITE"
"SCOTT PONSON","09/16/1988","MALE","WHITE"
"AUSTIN POOLE","10/17/1993","MALE","WHITE"
"BOBBY POOLE","09/15/1977","MALE","BLACK"
"JAMES POOLE","11/11/1971","MALE","WHITE"
"JASPEN POOLE","01/01/1999","FEMALE","WHITE"
"JOHNATHAN POOLE","04/14/1994","MALE","WHITE"
"LARRY POOLE","05/25/1985","MALE","BLACK"
"LEE POOLE","10/31/1961","MALE","BLACK"
"MICHAEL POOLE","03/19/1952","MALE","WHITE"
"OCTAVIOUS POOLE","11/17/1993","MALE","BLACK"
"ROBERT POOLE","07/06/1965","MALE","WHITE"
"TROY POOLE","08/16/1971","MALE","BLACK"
"ROBERT POOSER","09/07/1958","MALE","WHITE"
"BOBBY POPE","09/29/1997","MALE","WHITE"
"EARNEST POPE","07/28/1998","MALE","BLACK"
"JOSEPH POPE","02/16/1977","MALE","WHITE"
"JOSEPH POPE","10/11/1983","MALE","WHITE"
"JVAR POPE","05/19/1992","MALE","BLACK"
"MIKEAL POPE","09/09/1984","MALE","WHITE"
"BRIAN PORCH","08/28/1976","MALE","WHITE"
"JAMES PORK","08/19/1978","MALE","BLACK"
"MICHAEL PORRAS","06/29/1971","MALE","WHITE"
"AIMEE PORTER","08/17/1979","FEMALE","WHITE"
"ANTONIA PORTER","10/06/1977","MALE","BLACK"
"BEVERLY PORTER","05/03/1986","FEMALE","WHITE"
"CAMMIE PORTER","05/25/1968","MALE","BLACK"
"CARL PORTER","07/07/1978","MALE","BLACK"
"CEDRIC PORTER","12/29/1968","MALE","BLACK"
"CHARLES PORTER","10/09/1992","MALE","WHITE"
"CHIARA PORTER","11/17/1973","FEMALE","WHITE"
"CORDALE PORTER","09/04/1991","MALE","BLACK"
"DANNY PORTER","01/02/1972","MALE","BLACK"
"DERRICK PORTER","09/02/1987","MALE","BLACK"
"DERRICK PORTER","03/05/1981","MALE","BLACK"
"DEVON PORTER","03/03/2000","MALE","BLACK"
"DONTE PORTER","02/17/1986","MALE","BLACK"
"EDDIE PORTER","05/20/1973","MALE","BLACK"
"EDWARD PORTER","03/22/1970","MALE","BLACK"
"FREDERICK PORTER","07/14/1976","MALE","BLACK"
"GEMINI PORTER","08/25/1992","MALE","BLACK"
"GREGORY PORTER","05/03/1983","MALE","BLACK"
"HOMER PORTER","02/21/1989","MALE","BLACK"
"JEROME PORTER","08/03/1986","MALE","BLACK"
"JOSHUA PORTER","08/12/1991","MALE","BLACK"
"KEITH PORTER","01/24/1984","MALE","BLACK"
"KENNETH PORTER","02/07/1996","MALE","BLACK"
"KYLE PORTER","01/01/1997","MALE","BLACK"
"LA'DALE PORTER","11/06/1982","MALE","BLACK"
"LAWRENCE PORTER","07/09/1979","MALE","BLACK"
"MARSHALL PORTER","10/14/1978","MALE","BLACK"
"MAURICE PORTER","01/21/1991","MALE","BLACK"
"MICHAEL PORTER","11/16/1988","MALE","BLACK"
"MICHAEL PORTER","08/27/1986","MALE","WHITE"
"MICHAEL PORTER","12/10/1979","MALE","BLACK"
"MICHAEL PORTER","11/21/1971","MALE","BLACK"
"OTIS PORTER","12/07/1982","MALE","BLACK"
"RAMON PORTER","08/02/1978","MALE","BLACK"
"REGINALD PORTER","02/27/1957","MALE","BLACK"
"ROBERT PORTER","06/18/1949","MALE","BLACK"
"RODERICK PORTER","01/14/1965","MALE","BLACK"
"ROSYLIN PORTER","10/07/1982","MALE","WHITE"
"TIMOTHY PORTER","07/20/1990","MALE","BLACK"
"TONY PORTER","08/06/1991","MALE","BLACK"
"WILL PORTER","09/01/1966","MALE","BLACK"
"WILLIAM PORTER","02/04/1985","MALE","WHITE"
"AMBER PORTIER","11/26/1989","FEMALE","WHITE"
"RICKY PORTIS","06/26/1964","MALE","BLACK"
"AUSTIN POSEY","02/10/1993","MALE","WHITE"
"BENJAMIN POSEY","12/10/1982","MALE","WHITE"
"DYLAN POSEY","01/23/1992","MALE","WHITE"
"JAMIE POSEY","05/13/1961","MALE","WHITE"
"JERMAINE POSEY","07/20/1981","MALE","BLACK"
"STACY POSEY","04/01/1968","MALE","WHITE"
"PERISH POSTON","10/22/1992","MALE","BLACK"
"CHRISTIAN POTTS","08/07/1990","MALE","WHITE"
"FRANK POTTS","08/26/1990","MALE","BLACK"
"JALEN POTTS","03/24/1997","MALE","BLACK"
"JAMES POTTS","09/23/1993","MALE","WHITE"
"KENNETH POTTS","02/12/1984","MALE","BLACK"
"LEONARD POTTS","03/11/1962","MALE","BLACK"
"MELVIN POTTS","09/12/1993","MALE","BLACK"
"SIDNEY POTTS","11/16/1991","MALE","BLACK"
"JAMAL POU","07/17/1994","MALE","BLACK"
"ADRIAN POUGH","12/29/1979","MALE","BLACK"
"CHADWICK POUNDS","10/17/1981","MALE","BLACK"
"CHRISTOPHER POUNDS","03/13/1979","MALE","BLACK"
"DAVID POUNDS","01/18/1967","MALE","WHITE"
"KENT POUNDS","04/24/1978","MALE","WHITE"
"DARIUS POWE","03/26/2000","MALE","BLACK"
"JEREMY POWE","12/31/1989","MALE","BLACK"
"JOHNATHAN POWE","07/16/1993","MALE","BLACK"
"TEVIN POWE","07/09/1990","MALE","BLACK"
"TREVOR POWE","05/30/1991","MALE","WHITE"
"ANDREW POWELL","12/07/1977","MALE","WHITE"
"ANTHONY POWELL","05/13/1993","MALE","WHITE"
"ANTONIO POWELL","07/10/1987","MALE","BLACK"
"BRODERICK POWELL","10/22/1979","MALE","BLACK"
"CHRISTOPHER POWELL","09/29/1987","MALE","WHITE"
"DANNY POWELL","12/10/1967","MALE","WHITE"
"DEXTER POWELL","03/04/1986","MALE","BLACK"
"DINEAL POWELL","03/27/1975","MALE","BLACK"
"DOMINIQUE POWELL","03/06/1986","FEMALE","BLACK"
"EVELYN POWELL","03/19/1989","FEMALE","BLACK"
"GENE POWELL","02/24/1979","MALE","WHITE"
"GODFREY POWELL","09/27/1967","MALE","BLACK"
"HEZEKIAH POWELL","06/07/1965","MALE","BLACK"
"JASON POWELL","01/06/1981","MALE","BLACK"
"JERRELL POWELL","09/14/1988","MALE","BLACK"
"JOSHUA POWELL","05/27/1984","MALE","WHITE"
"JUSTIN POWELL","08/18/1994","MALE","BLACK"
"KEVIN POWELL","12/15/1977","MALE","BLACK"
"LAQUITA POWELL","10/16/1972","FEMALE","WHITE"
"LEMONT POWELL","06/06/1991","MALE","BLACK"
"LEWIS POWELL","07/29/1994","MALE","BLACK"
"MANUEL POWELL","03/23/1988","MALE","WHITE"
"MICHAEL POWELL","04/19/1987","MALE","WHITE"
"PHILLIP POWELL","10/24/1971","MALE","WHITE"
"RANDALL POWELL","01/24/1977","MALE","BLACK"
"RAYMOND POWELL","07/27/1987","MALE","BLACK"
"ROBERT POWELL","11/22/1969","MALE","WHITE"
"RODNEY POWELL","08/26/1973","MALE","BLACK"
"THOMAS POWELL","06/10/1974","MALE","BLACK"
"WILFRED POWELL","03/09/1971","MALE","BLACK"
"WILLIE POWELL","08/07/1985","MALE","BLACK"
"ARTIS POWER","01/10/1973","MALE","WHITE"
"STEPHEN POWERS","05/15/1969","MALE","BLACK"
"KEITH POYADOU","09/29/1994","MALE","WHITE"
"DARRYL PRATER","03/30/1963","MALE","WHITE"
"DURA PRATER","11/28/1984","MALE","BLACK"
"MICHAEL PRATER","01/17/1990","MALE","AMERICAN"
"WILLIE PRATER","11/22/1974","MALE","BLACK"
"CARLA PRATHER","12/29/1973","FEMALE","BLACK"
"DANIELLE PRATHER","04/26/1982","FEMALE","BLACK"
"HERMAN PRATHER","05/20/1951","MALE","BLACK"
"ROBERT PRATT","09/14/1970","MALE","WHITE"
"HAROLD PRAYER","02/08/1990","MALE","BLACK"
"JANAWA PRAYER","05/14/1991","MALE","BLACK"
"RODERICK PRAYER","10/05/1988","MALE","BLACK"
"DAVID PRAYTOR","06/23/1979","MALE","WHITE"
"HARLEY PRENTISS","11/04/1996","MALE","WHITE"
"SHAKARA PRESCOTT","09/27/1998","FEMALE","BLACK"
"TIMOTHY PRESCOTT","11/13/1982","MALE","WHITE"
"GARY PRESLEY","02/28/1984","MALE","WHITE"
"LARRY PRESLEY","07/22/1988","MALE","BLACK"
"ROCHESTER PRESLEY","01/17/1951","MALE","BLACK"
"SPENCER PRESLEY","05/09/1975","MALE","BLACK"
"STEPHEN PRESLEY","04/09/1995","MALE","WHITE"
"FELICIA PRESLEY-PARKS","06/10/1971","FEMALE","WHITE"
"GRAYSON PRESNELL","08/14/1987","MALE","WHITE"
"JOSEPH PRESSLEY","12/19/1983","MALE","BLACK"
"LACARLOS PRESSWOOD","11/06/1980","MALE","BLACK"
"JESSIE PRESTAGE","09/29/1946","MALE","WHITE"
"PATTY PRESTAGE","05/19/1959","FEMALE","WHITE"
"HOSIE PRESTON","06/30/1986","MALE","BLACK"
"KELVIN PRESTON","12/05/1998","MALE","BLACK"
"KENNETH PRESTON","09/23/1990","MALE","WHITE"
"TERRY PRESTON","06/11/1995","MALE","BLACK"
"TERRY PRESTON","06/16/1977","MALE","BLACK"
"SAMUEL PREWETT","09/25/1979","MALE","WHITE"
"KEITH PREWITT","05/04/1964","MALE","WHITE"
"H B PREYER","05/20/1980","MALE","BLACK"
"ANDY PRICE","12/25/1978","MALE","WHITE"
"BOBBY PRICE","09/10/1971","MALE","BLACK"
"BRAONTEZ PRICE","03/04/1996","MALE","BLACK"
"BRIAN PRICE","09/29/1987","MALE","BLACK"
"CALEB PRICE","05/22/1995","MALE","BLACK"
"DANIEL PRICE","04/16/1997","MALE","BLACK"
"DARRIE PRICE","11/23/1999","MALE","BLACK"
"DEMETRI PRICE","07/04/1974","MALE","BLACK"
"EDDIE PRICE","03/23/1983","MALE","BLACK"
"FRANK PRICE","03/01/1982","MALE","WHITE"
"GARRICK PRICE","08/07/1992","MALE","BLACK"
"JAMES PRICE","01/23/1960","MALE","BLACK"
"JAQUAN PRICE","03/01/1999","MALE","BLACK"
"KAYLA PRICE","07/06/1991","FEMALE","WHITE"
"LAKEITHIN PRICE","10/28/1995","MALE","BLACK"
"LARRY PRICE","02/14/1985","MALE","WHITE"
"MITCHELL PRICE","05/14/1967","MALE","BLACK"
"RAYMOND PRICE","07/08/1964","MALE","BLACK"
"REGINALD PRICE","06/28/1983","MALE","BLACK"
"RICKY PRICE","05/16/1985","MALE","BLACK"
"ROBERT PRICE","08/21/1985","MALE","BLACK"
"ROBERT PRICE","12/23/1961","MALE","BLACK"
"ROY PRICE","10/10/1990","MALE","WHITE"
"SHAQUILLE PRICE","06/17/1998","MALE","BLACK"
"TERRY PRICE","08/29/1968","MALE","BLACK"
"TEVARIS PRICE","11/10/1984","MALE","BLACK"
"THEOPHILOUS PRICE","03/01/1994","MALE","BLACK"
"TRAVARUS PRICE","09/19/1992","MALE","BLACK"
"DERRICK PRIDE","01/08/1990","MALE","BLACK"
"DEVANTA PRIDE","08/02/1995","MALE","BLACK"
"BILLY PRIEST","04/21/1981","MALE","WHITE"
"SHELBY PRIMA","06/17/1992","FEMALE","WHITE"
"CHARLES PRIMER","10/07/1988","MALE","BLACK"
"LAMARIO PRIMER","06/03/1989","MALE","BLACK"
"MARIO PRIMER","09/03/1973","MALE","BLACK"
"BRETT PRINCE","08/29/1983","MALE","WHITE"
"CHARLES PRINCE","10/26/1982","MALE","BLACK"
"DAMMION PRINCE","07/10/1983","MALE","BLACK"
"JULIAN PRINCE","05/31/1952","MALE","WHITE"
"LISA PRINCE","11/30/1982","FEMALE","WHITE"
"WILLIAM PRINCE","01/26/1994","MALE","BLACK"
"CALVEZ PRITCHARD","02/02/1994","MALE","BLACK"
"CORNELIUS PRITCHARD","04/05/1993","MALE","BLACK"
"MITCHELL PRITCHARD","07/19/1961","MALE","WHITE"
"CHARLES PRITCHETT","10/23/1957","MALE","BLACK"
"FREDERICK PRITCHETT","05/03/1994","MALE","BLACK"
"GREGORY PRITCHETT","11/27/1953","MALE","BLACK"
"JAMAL PRITCHETT","04/07/1989","MALE","BLACK"
"SAMUEL PRITCHETT","05/22/1967","MALE","BLACK"
"TYEISHA PRITCHETT","10/10/1992","FEMALE","BLACK"
"CORDARON PROCTOR","08/30/1988","MALE","BLACK"
"ELGIN PROCTOR","08/14/1985","MALE","BLACK"
"LASHARN PROCTOR","04/14/1973","MALE","BLACK"
"ROBERT PROCTOR","08/05/1958","MALE","BLACK"
"PHILLIP PROEGER","08/15/1984","MALE","WHITE"
"JOSHUA PROKASY","06/17/1982","MALE","WHITE"
"TEVARIUS PROPHET","12/22/1990","MALE","BLACK"
"ROBERT PROVINE","02/08/1982","MALE","WHITE"
"CHRISTOPHER PRUETT","08/16/1993","MALE","WHITE"
"SHAWANDA PRUETT","12/20/1972","FEMALE","BLACK"
"AMANDA PRUITT","10/10/1983","FEMALE","WHITE"
"ANDREA PRUITT","07/22/1991","MALE","BLACK"
"ARCHELLOUS PRUITT","10/01/1993","MALE","BLACK"
"CORENO PRUITT","11/08/1998","MALE","BLACK"
"COREY PRUITT","04/25/1970","MALE","WHITE"
"DEWAYNE PRUITT","05/26/1991","MALE","BLACK"
"JOE PRUITT","11/23/1982","MALE","BLACK"
"JOSE PRUITT","02/21/1963","MALE","BLACK"
"KERRY PRUITT","09/10/1976","MALE","BLACK"
"MICHEAL PRUITT","07/06/1978","MALE","WHITE"
"PATRICK PRUITT","11/30/1967","MALE","BLACK"
"RENARDO PRUITT","11/21/1983","MALE","BLACK"
"TOMILENA PRUITT","11/11/1981","FEMALE","BLACK"
"TIMOTHY PRYER","07/30/1958","MALE","WHITE"
"DE'JON PRYOR","11/10/1992","MALE","BLACK"
"JAMES PRYOR","08/12/1969","MALE","WHITE"
"MARCUS PRYOR","12/29/1979","MALE","BLACK"
"MARVELLE PRYOR","12/03/1984","MALE","BLACK"
"PIERRE PRYOR","05/29/1996","MALE","BLACK"
"DARONTAE PUCKETT","08/01/1998","MALE","BLACK"
"DESHAWN PUCKETT","12/01/1992","MALE","BLACK"
"GREGG PUCKETT","02/12/1983","MALE","WHITE"
"BRANDON PUGH","03/10/1992","MALE","BLACK"
"CORNELIA PUGH","06/27/1988","MALE","BLACK"
"EDDIE PUGH","10/04/1978","MALE","BLACK"
"JAMES PUGH","01/19/1965","MALE","WHITE"
"JEFFREY PUGH","03/26/1975","MALE","BLACK"
"MAURICE PUGH","06/26/1976","MALE","BLACK"
"RAYMOND PUGH","11/28/1970","MALE","WHITE"
"ROBERT PUGH","05/08/1957","MALE","WHITE"
"RUSSELL PUGH","12/09/1986","MALE","WHITE"
"SHON PUGH","08/06/1991","MALE","BLACK"
"DANIEL PULLEN","01/06/1989","MALE","BLACK"
"RODNEY PULLEN","12/02/1983","MALE","BLACK"
"THOMAS PULLEN","12/08/1995","MALE","BLACK"
"TERRELL PULLEY","08/07/1979","MALE","BLACK"
"ANTHONY PULLIAM","09/08/1983","MALE","BLACK"
"QUAVARES PULLIAM","07/13/1993","MALE","BLACK"
"UNDRA PULLIAM","03/30/1977","MALE","BLACK"
"WENDELL PULLUM","02/20/1945","MALE","BLACK"
"WALLACE PULPUS","11/01/1968","MALE","BLACK"
"AARON PURNELL","04/04/1958","MALE","BLACK"
"ROBERT PURNELL","12/17/1985","MALE","BLACK"
"STANLEY PURSER","02/18/1980","MALE","WHITE"
"ARLISS PURVIS","07/13/1990","MALE","BLACK"
"CHRISTOPHER PURVIS","12/22/1979","MALE","WHITE"
"DAVID PURVIS","08/11/1979","MALE","WHITE"
"THOMAS PUSTAY","07/02/1954","MALE","WHITE"
"JOHN PUTTMAN","07/15/1969","MALE","WHITE"
