"CURTIS QUARLES","09/23/1976","MALE","BLACK"
"DEANGELO QUARLES","04/03/1996","MALE","BLACK"
"MICHAEL QUARLES","06/04/1994","MALE","BLACK"
"MICHAEL QUARLES","07/11/1984","MALE","BLACK"
"SAMANTHA QUARLES","02/15/1973","FEMALE","WHITE"
"CALEB QUICK","09/22/1993","MALE","WHITE"
"DAVID QUICK","12/28/1987","MALE","WHITE"
"JERRY QUICK","10/16/1987","MALE","WHITE"
"TODD QUIGLEY","10/13/1995","MALE","WHITE"
"FREDRICK QUIN","03/19/1977","MALE","BLACK"
"FREDRICK QUIN","08/10/2000","MALE","BLACK"
"PERCY QUIN","10/13/1948","MALE","BLACK"
"MARCUS QUINCE","10/15/1967","MALE","BLACK"
"ARCHIE QUINN","11/03/1958","MALE","BLACK"
"DAMARIS QUINN","09/17/1983","MALE","BLACK"
"JERRY QUINN","04/24/1968","MALE","BLACK"
"KATINA QUINN","01/24/1973","FEMALE","BLACK"
"PATRICK QUINN","08/16/1965","MALE","BLACK"
"RAMON QUINN","09/27/1988","MALE","BLACK"
"MELVIN QUINONEZ-MATOS","12/17/1979","MALE","SPANISH"
"CURTIS QUINTINI","02/06/1987","MALE","WHITE"
