"KENNETH RABALAIS","08/10/1959","MALE","WHITE"
"QUINCY RABON","08/07/1970","MALE","BLACK"
"STEPHAN RABY","07/05/1985","MALE","WHITE"
"CHARLES RACKARD","04/10/1979","MALE","WHITE"
"JEREMY RADAU","08/24/1982","MALE","SPANISH"
"DAWON RADCLIFF","04/16/1997","MALE","BLACK"
"NIKALAY RADCLIFF","09/25/1979","MALE","BLACK"
"ADAM RADER","05/18/1983","MALE","BLACK"
"JONAH RAGAN","09/05/1995","MALE","BLACK"
"KENYATTA RAGLAND","03/17/1975","MALE","BLACK"
"MARIO RAGLAND","05/19/1982","MALE","BLACK"
"WILLIAM RAGLAND","11/03/1968","MALE","WHITE"
"DENNIS RAGSDALE","05/28/1984","MALE","BLACK"
"JESSIE RAGSDALE","09/23/1986","MALE","BLACK"
"JONATHAN RAGSDALE","09/08/1981","MALE","WHITE"
"HOWARD RAIFORD","11/29/1938","MALE","WHITE"
"SIEDRICK RAIFORD","01/16/1979","MALE","BLACK"
"AMANDA RAINES","06/24/1980","FEMALE","WHITE"
"CASAUNDRA RAINES","08/21/1990","FEMALE","WHITE"
"COREY RAINES","12/17/1990","MALE","WHITE"
"DAVID RAINES","04/02/1966","MALE","WHITE"
"JACK RAINES","09/17/1976","MALE","WHITE"
"COURTNEY RAINEY","09/06/1980","FEMALE","BLACK"
"DERRICK RAINEY","03/31/1987","MALE","BLACK"
"JOHN RAINEY","08/22/1964","MALE","WHITE"
"KENTORIS RAINEY","08/02/1988","MALE","BLACK"
"JEFFERY RAKESTRAW","10/22/1986","MALE","WHITE"
"RUSSELL RAKESTRAW","06/29/1974","MALE","WHITE"
"DOUGLAS RAMAGE","02/07/1974","MALE","WHITE"
"BEN RAMBO","12/10/1977","MALE","WHITE"
"CARL RAMBUS","02/25/1964","MALE","BLACK"
"ALICIA RAMEREZ","08/13/1984","FEMALE","SPANISH"
"BYRON RAMIRES","08/17/1977","MALE","WHITE"
"ELFIDO RAMIREZ","03/25/1987","MALE","SPANISH"
"ENIO RAMIREZ","05/15/1995","MALE","SPANISH"
"LEONEL RAMIREZ","11/08/1978","MALE","SPANISH"
"FERNANDO RAMOS","12/06/1987","MALE","SPANISH"
"GIOVANNI RAMOS","05/24/1997","MALE","SPANISH"
"GEORGE RAMP","07/03/1976","MALE","WHITE"
"ANTHONY RAMSEY","06/07/1970","MALE","BLACK"
"ANTONIO RAMSEY","09/15/1982","MALE","BLACK"
"CHRISLER RAMSEY","11/29/1975","MALE","BLACK"
"DARRION RAMSEY","05/17/1983","MALE","BLACK"
"DEVIN RAMSEY","02/13/1989","MALE","BLACK"
"HAROLD RAMSEY","07/17/1957","MALE","WHITE"
"JC RAMSEY","10/16/1965","MALE","BLACK"
"JEFFREY RAMSEY","01/29/1986","MALE","BLACK"
"JERMAINE RAMSEY","10/27/1984","MALE","BLACK"
"JOHN RAMSEY","07/14/1985","MALE","BLACK"
"LAMARCUS RAMSEY","11/20/1973","MALE","BLACK"
"LARRY RAMSEY","03/12/1999","MALE","BLACK"
"MARCUS RAMSEY","05/16/1988","MALE","BLACK"
"MONTRELL RAMSEY","04/17/1995","MALE","BLACK"
"RUSTYE RAMSEY","06/27/1974","FEMALE","WHITE"
"TYLER RAMSEY","03/25/2000","MALE","BLACK"
"WILLIAM RAMSHUR","05/12/1986","MALE","WHITE"
"MICHAEL RAMSON","12/10/1966","MALE","BLACK"
"ANTWOINE RANCIFER","05/24/1979","MALE","BLACK"
"JULIAN RAND","12/06/1990","MALE","BLACK"
"RONNIE RAND","02/25/1993","MALE","BLACK"
"SKINNER RAND","06/09/1950","MALE","BLACK"
"ANDREW RANDALL","11/26/1994","MALE","WHITE"
"ARMON RANDALL","05/18/1971","MALE","BLACK"
"BRANDON RANDALL","10/11/1992","MALE","WHITE"
"VIVIAN RANDALL","05/03/1964","FEMALE","BLACK"
"REUBEN RANDAZZO","02/26/1983","MALE","SPANISH"
"DEUNTAE RANDLE","07/19/1995","MALE","BLACK"
"FARRAH RANDLE","01/31/1982","FEMALE","BLACK"
"JAMUND RANDLE","12/11/1983","MALE","BLACK"
"JEFFREY RANDLE","03/28/1966","MALE","BLACK"
"JESSICA RANDLE","12/28/1992","FEMALE","WHITE"
"MACK RANDLE","05/31/1973","MALE","BLACK"
"MARCUS RANDLE","04/22/1983","MALE","BLACK"
"MARLIN RANDLE","04/05/1986","MALE","WHITE"
"MONROE RANDLE","05/07/1947","MALE","BLACK"
"MYKEL RANDLE","08/30/1995","MALE","BLACK"
"THEODIS RANDLE","04/12/1966","MALE","BLACK"
"WALTER RANDLE","11/04/1987","MALE","BLACK"
"DONALD RANDOLPH","12/18/1974","MALE","BLACK"
"JAMIE RANDOLPH","03/29/1979","MALE","BLACK"
"JUSTIN RANDOLPH","10/20/1987","MALE","BLACK"
"TADRIAN RANDOLPH","07/27/1999","MALE","BLACK"
"TEVIN RANDOLPH","09/22/2001","MALE","BLACK"
"TOMMY RANDOLPH","02/08/1983","MALE","WHITE"
"JAUNE RANKIN","03/29/1994","MALE","BLACK"
"KENNETH RANKIN","02/27/1989","MALE","BLACK"
"MARCUS RANKIN","05/31/1995","MALE","BLACK"
"MELVIN RANKIN","03/29/1967","MALE","BLACK"
"ROBERT MICHA RANKIN","03/14/1985","MALE","WHITE"
"TERRANCE RANKIN","07/26/1983","MALE","BLACK"
"WILLIAM RANKIN","03/12/1964","MALE","BLACK"
"COREY RANKINS","09/12/1982","MALE","BLACK"
"TIMOTHY RANKINS","01/16/1974","MALE","BLACK"
"TRAVIS RANKINS","10/06/1994","MALE","BLACK"
"JAVON RANSBURGH","05/29/1989","MALE","BLACK"
"LEWIS RANSBURGH","05/12/1955","MALE","BLACK"
"DARIUS RANSOM","07/28/1979","MALE","BLACK"
"JAMES RANSOM","04/01/1992","MALE","BLACK"
"ROY RANSOM","07/02/1975","MALE","BLACK"
"CHRISTOPHER RAPER","01/10/1988","MALE","WHITE"
"DANIEL RAPER","11/09/1979","MALE","WHITE"
"STEPHEN RASBERRY","02/19/1969","MALE","WHITE"
"WILLIAM RASBERRY","07/30/1986","MALE","WHITE"
"BYRON RASH","01/23/1961","MALE","WHITE"
"FLOYD RASH","12/03/1964","MALE","BLACK"
"JAMES RASH","07/31/1979","MALE","WHITE"
"RICHARD RASH","12/27/1977","MALE","WHITE"
"AKEEM RASHEED","09/01/1969","MALE","BLACK"
"OMAR RASHEED","01/08/1971","MALE","BLACK"
"BOBBY RASMUSSEN","12/14/1967","MALE","WHITE"
"RICHARD RAST","07/26/1995","MALE","WHITE"
"APRIL RATCLIFF","02/23/1998","FEMALE","WHITE"
"ASHLEY RATCLIFF","02/28/1985","FEMALE","BLACK"
"CHRISTOPHER RATCLIFF","06/29/1990","MALE","BLACK"
"DOMIANO RATCLIFF","03/19/1985","MALE","BLACK"
"JAMEL RATCLIFF","04/03/1978","MALE","BLACK"
"JERMAINE RATCLIFF","09/30/1989","MALE","BLACK"
"DAKOTA RATHAI","05/20/1992","MALE","WHITE"
"AL RATLIFF","01/16/1977","MALE","BLACK"
"ANDREW RATLIFF","05/23/1981","MALE","BLACK"
"ANTHONY RATLIFF","01/25/1966","MALE","BLACK"
"ANTONIO RATLIFF","06/19/1983","MALE","BLACK"
"ARTHUR RATLIFF","11/09/1970","MALE","BLACK"
"CERTIS RATLIFF","10/13/1966","MALE","BLACK"
"CLIFTON RATLIFF","01/13/1989","MALE","BLACK"
"EDWARD RATLIFF","05/07/1968","MALE","BLACK"
"FRANKIE RATLIFF","02/03/1969","FEMALE","BLACK"
"FREDDIE RATLIFF","02/24/1994","MALE","BLACK"
"GREGORY RATLIFF","10/15/1998","MALE","BLACK"
"JALEN RATLIFF","12/23/1999","MALE","BLACK"
"KEYARN RATLIFF","09/19/1992","MALE","BLACK"
"LAMARCUS RATLIFF","01/20/1989","MALE","BLACK"
"LEON RATLIFF","01/22/1947","MALE","BLACK"
"MARK RATLIFF","12/06/1993","MALE","BLACK"
"SHAWN RATLIFF","06/25/1979","MALE","BLACK"
"GEORGE RAUTON","12/20/1973","MALE","WHITE"
"BUDDY RAVENCRAFT","12/21/1978","MALE","WHITE"
"DARNELL RAWLS","07/02/1950","MALE","BLACK"
"LAKEITH RAWLS","02/20/1978","MALE","BLACK"
"SHAWN RAWLS","06/11/1993","MALE","WHITE"
"STANLEY RAWLS","05/18/1983","MALE","BLACK"
"ADAM RAY","02/06/1981","MALE","BLACK"
"ADRIAN RAY","08/30/1981","MALE","BLACK"
"ALVIN RAY","02/07/1957","MALE","BLACK"
"ANDRE RAY","01/15/1974","MALE","BLACK"
"BOBBY RAY","07/25/1985","MALE","WHITE"
"BRITTANY RAY","12/03/1992","FEMALE","WHITE"
"CHARLES RAY","09/21/1982","MALE","WHITE"
"GARRETT RAY","03/01/1979","MALE","BLACK"
"JAMES RAY","08/27/1977","MALE","WHITE"
"JENNIFER RAY","01/10/1990","FEMALE","WHITE"
"JEREMY RAY","03/15/1980","MALE","WHITE"
"LEVI RAY","06/09/1989","MALE","WHITE"
"LEVI RAY","03/27/1981","MALE","WHITE"
"MICHEAL RAY","06/01/1956","MALE","WHITE"
"STEVEN RAY","09/21/1981","MALE","WHITE"
"STEWART RAY","05/23/1974","MALE","WHITE"
"WILLIAM RAY","01/19/1980","MALE","WHITE"
"XAVIAN RAY","12/29/1977","MALE","BLACK"
"COREY RAYBORN","11/03/1987","MALE","WHITE"
"JERRY RAYBORN","04/28/1964","MALE","WHITE"
"RICHARD RAYBORN","07/02/1966","MALE","WHITE"
"HUNTER RAYBOURN","08/23/1995","MALE","WHITE"
"STEVEN RAYBOURN","08/20/1973","MALE","WHITE"
"BEAU RAYBURN","11/16/1981","MALE","WHITE"
"CARL RAYFORD","02/07/1961","MALE","BLACK"
"TARA RAYFORD","06/21/1988","FEMALE","BLACK"
"WILLIE RAYFORD","05/14/1963","MALE","BLACK"
"DUSTIN RAYMOND","12/28/1994","MALE","WHITE"
"STACY RAYMOND","03/02/1985","FEMALE","WHITE"
"CLYDE RAYNER","11/17/1987","MALE","WHITE"
"GARRY RAYNER","03/13/1961","MALE","WHITE"
"SHANNON RAYNER","04/15/1975","MALE","WHITE"
"JERRY RAYNES","05/16/1971","MALE","WHITE"
"RICHARD RAYNES","04/12/1965","MALE","WHITE"
"JOSEPH REA","10/07/1974","MALE","WHITE"
"HARRY READUS","11/03/1995","MALE","BLACK"
"KENNETH READUS","08/04/1968","MALE","BLACK"
"LAMANCHE READUS","02/02/1992","MALE","BLACK"
"BOBBY REAGAN","08/11/1976","MALE","WHITE"
"CHARLES REAVES","11/11/1961","MALE","WHITE"
"JUSTIN REBER","03/07/1993","MALE","WHITE"
"JARED REBOLD","03/22/1984","MALE","WHITE"
"DENNIS RECTOR","08/20/1966","MALE","WHITE"
"BUDDY REDD","09/22/1992","MALE","WHITE"
"JAMES REDD","08/23/1965","MALE","WHITE"
"MILTON REDDICK","07/08/1970","MALE","BLACK"
"JEREMIAH REDDING","10/29/1997","MALE","BLACK"
"MONICA REDDING","10/12/1975","FEMALE","WHITE"
"JOSHUA REDDITT","04/12/1981","MALE","WHITE"
"RACHEL REDDITT","09/08/1981","FEMALE","WHITE"
"ARIVA REDDIX","04/24/1968","FEMALE","BLACK"
"ELLIS REDDIX","09/13/1991","MALE","BLACK"
"WILSON REDDIX","05/14/1963","MALE","BLACK"
"BRYANT REDMON","02/06/1976","MALE","BLACK"
"DARIEN REDMOND","12/24/1998","MALE","BLACK"
"GREGORY REDMOND","11/29/1977","MALE","BLACK"
"JAMES REDMOND","02/24/1965","MALE","WHITE"
"JIMMIE REDMOND","05/05/1989","MALE","BLACK"
"MARY REDMOND","10/30/1970","FEMALE","BLACK"
"STEPHEN REDMOND","08/18/1982","MALE","WHITE"
"TYRESE REDMOND","11/26/1998","MALE","BLACK"
"MARCUS REDRICK","03/07/1974","MALE","BLACK"
"CHARLES REDWOOD","04/28/1984","MALE","BLACK"
"ADRIAN REED","12/09/1979","MALE","BLACK"
"ASHENDRIAS REED","10/06/1992","MALE","BLACK"
"BERTRANCE REED","08/21/1989","MALE","BLACK"
"BLAKE REED","08/16/1991","MALE","BLACK"
"BRIDGET REED","12/29/1985","FEMALE","WHITE"
"CALVIN REED","11/04/1973","MALE","BLACK"
"CAVIN REED","03/31/1980","MALE","BLACK"
"CHARLES REED","05/08/1953","MALE","BLACK"
"CHARLES REED","04/23/1966","MALE","BLACK"
"CHAUNCY REED","11/10/1991","MALE","BLACK"
"CHRISTOPHER REED","04/04/1995","MALE","BLACK"
"CLARENCE REED","03/06/1978","MALE","BLACK"
"COLLIER REED","01/11/1987","MALE","BLACK"
"COREY REED","05/09/1987","MALE","BLACK"
"DARIUS REED","03/28/1994","MALE","BLACK"
"DAVID REED","05/17/1980","MALE","WHITE"
"DEDRAJWON REED","01/05/1996","MALE","BLACK"
"DEMETRIAS REED","06/30/1975","MALE","BLACK"
"DESHAWN REED","08/19/1992","MALE","BLACK"
"EARNEST REED","11/17/1982","MALE","WHITE"
"EDDIE REED","02/07/1985","MALE","BLACK"
"EVERSON REED","12/16/1986","MALE","BLACK"
"EXZAVION REED","12/11/1990","MALE","BLACK"
"FREDDIE REED","12/29/1990","MALE","BLACK"
"GERALD REED","08/26/1970","MALE","BLACK"
"JAMARCUS REED","12/16/1995","MALE","BLACK"
"JAMIE REED","07/12/1979","MALE","BLACK"
"JENARIO REED","08/31/1988","MALE","BLACK"
"JERAMIE REED","02/23/1982","MALE","BLACK"
"JERMAINE REED","12/04/1980","MALE","BLACK"
"JERMAINE REED","04/12/1991","MALE","BLACK"
"JERRY REED","08/25/1999","MALE","BLACK"
"JOHN REED","06/01/1979","MALE","BLACK"
"JOHNNY REED","07/22/1997","MALE","BLACK"
"JULIUS REED","03/01/1990","MALE","BLACK"
"KENDRICK REED","02/24/1985","MALE","BLACK"
"KENNETH REED","06/25/1986","MALE","BLACK"
"KEYONTA REED","02/28/1995","MALE","BLACK"
"KINDRICK REED","12/03/1989","MALE","BLACK"
"LAWRENCE REED","11/14/1990","MALE","BLACK"
"MARCUS REED","09/22/1984","MALE","BLACK"
"MARLON REED","11/28/1991","MALE","BLACK"
"MONIQUE REED","02/14/1994","FEMALE","BLACK"
"NORKEITHUS REED","07/14/1999","MALE","BLACK"
"PATRICK REED","05/09/1967","MALE","WHITE"
"REGINALD REED","07/19/1982","MALE","BLACK"
"REGINALD REED","04/30/1997","MALE","BLACK"
"RICKY REED","01/10/1979","MALE","WHITE"
"ROBERT REED","07/25/1988","MALE","WHITE"
"ROBERT REED","09/06/1999","MALE","BLACK"
"RODARRIUS REED","11/16/1990","MALE","BLACK"
"RODRIC REED","05/12/1983","MALE","BLACK"
"SAMMIE REED","05/06/1970","MALE","BLACK"
"SANDRA REED","05/31/1988","FEMALE","BLACK"
"TAMIKA REED","12/01/1980","FEMALE","BLACK"
"TAVARUS REED","03/25/1985","MALE","BLACK"
"TERRIS REED","07/15/1981","MALE","BLACK"
"TIMOTHY REED","11/28/1970","MALE","BLACK"
"TRICIA REED","01/13/1983","FEMALE","BLACK"
"ZACHARY REED","04/04/1983","MALE","WHITE"
"JENNIFER REEDER","07/05/1984","FEMALE","WHITE"
"JOSHUA REEDER","11/12/1987","MALE","WHITE"
"MICHAEL REEDER","03/15/1964","MALE","WHITE"
"JONAS REEL","07/23/2002","MALE","BLACK"
"CEDRIC REESE","08/14/1989","MALE","BLACK"
"CHARLES REESE","07/12/1970","MALE","BLACK"
"CHRISTOPHER REESE","06/06/1976","MALE","BLACK"
"GEAVONI REESE","03/28/1991","FEMALE","BLACK"
"JACQUEZ REESE","06/22/1987","MALE","BLACK"
"JAMES REESE","06/15/1990","MALE","WHITE"
"JAMIE REESE","11/14/1979","MALE","BLACK"
"JASON REESE","11/22/1975","MALE","WHITE"
"JAVARIUS REESE","02/13/1997","MALE","BLACK"
"JOSEPH REESE","07/09/1992","MALE","BLACK"
"JUSTICE REESE","12/01/1997","MALE","BLACK"
"MARCUS REESE","09/14/1979","MALE","BLACK"
"MARK REESE","11/12/1982","MALE","WHITE"
"PENNY REESE","07/09/1984","FEMALE","BLACK"
"SIMEAON REESE","01/08/1996","MALE","BLACK"
"JOHN REETER","04/02/1985","MALE","WHITE"
"AARON REEVES","07/06/1988","MALE","WHITE"
"EDMOND REEVES","02/02/1977","MALE","WHITE"
"MICHAEL REEVES","01/06/1987","MALE","BLACK"
"SAMUEL REEVES","12/18/1971","MALE","WHITE"
"SHAINE REEVES","03/28/1976","MALE","WHITE"
"TIMOTHY REEVES","05/11/1986","MALE","WHITE"
"KAREN REFRE","05/15/1974","FEMALE","WHITE"
"JASON REGAN","06/23/1984","MALE","WHITE"
"ANTONIO REGGANS","10/07/1975","MALE","BLACK"
"WILLIE REGINALD","11/28/1989","MALE","BLACK"
"RALPH REGIS","03/18/1973","MALE","BLACK"
"ALLEN REICH","08/30/1964","MALE","WHITE"
"RUSSELL REICH","02/01/1987","MALE","WHITE"
"ZACKERY REICH","04/22/1993","MALE","WHITE"
"BRONCO REID","01/17/1968","MALE","WHITE"
"CASEY REID","06/20/1987","MALE","WHITE"
"HARVEY REID","08/01/1964","MALE","WHITE"
"JIMMY REID","12/18/1976","MALE","WHITE"
"RANDY REID","06/05/1979","MALE","WHITE"
"THOMAS REID","07/28/1982","MALE","WHITE"
"MALCOLM REIDOUT","07/01/1993","MALE","BLACK"
"DANIEL REILLY","09/08/1967","MALE","WHITE"
"CHARLES REINDOLLAR","10/18/1973","MALE","WHITE"
"CHRISTOPHER REINSCH","05/20/1980","MALE","WHITE"
"JOSEPH REITH","11/15/1977","MALE","WHITE"
"JASON REMAK","07/08/1992","MALE","WHITE"
"JAMARCUS REMBERT","06/20/1994","MALE","BLACK"
"CURTIS REMLEY","07/17/1998","MALE","WHITE"
"ERVING RENCHER","10/20/1992","MALE","BLACK"
"JEREMY RENCHER","10/13/1981","MALE","BLACK"
"JERRY RENCHER","03/19/1963","MALE","WHITE"
"ELIZABETH RENDON","04/09/1971","FEMALE","WHITE"
"DAVID JAVARI RENFRO","08/30/1993","MALE","BLACK"
"HARLAND RENFROW","09/07/1961","MALE","WHITE"
"RUBIN RENFROW","11/03/1939","MALE","WHITE"
"FRANCES RESPESS","03/31/1958","MALE","WHITE"
"DERRICK RESTER","12/20/1987","MALE","WHITE"
"RONALD RETHERFORD","10/16/1990","MALE","WHITE"
"JERRY REVETTE","11/11/1951","MALE","WHITE"
"TADARRYL REW","06/04/1980","MALE","BLACK"
"JESSIE REYER","06/03/1988","MALE","WHITE"
"ROBERT REYER","10/27/1970","MALE","WHITE"
"ALBERT REYES","07/25/1973","MALE","SPANISH"
"FELIX REYES","02/22/1988","MALE","SPANISH"
"MIGUEL REYES","10/07/1990","MALE","SPANISH"
"DEVIN REYNA","01/12/1989","MALE","SPANISH"
"ALTERRANCE REYNOLDS","10/26/1996","MALE","BLACK"
"ARSENIO REYNOLDS","07/03/1990","MALE","BLACK"
"BRENDA REYNOLDS","10/10/1966","FEMALE","BLACK"
"BYRON REYNOLDS","11/25/1985","MALE","BLACK"
"CARRIE REYNOLDS","04/12/1976","FEMALE","WHITE"
"CHARLES REYNOLDS","06/22/1953","MALE","BLACK"
"CHELSI REYNOLDS","09/03/1995","FEMALE","WHITE"
"CHRISTOPHER REYNOLDS","12/07/1973","MALE","WHITE"
"EDWARD REYNOLDS","02/20/1973","MALE","BLACK"
"HUNTER REYNOLDS","11/12/1991","MALE","WHITE"
"JACOB REYNOLDS","02/03/1986","MALE","WHITE"
"JESSIE REYNOLDS","02/23/1974","MALE","WHITE"
"JOSEPH REYNOLDS","10/05/1984","MALE","BLACK"
"KATIE REYNOLDS","09/13/1993","FEMALE","WHITE"
"KEVIN REYNOLDS","04/22/1962","MALE","BLACK"
"MICHELLE REYNOLDS","01/31/1966","FEMALE","WHITE"
"NICHOLAS REYNOLDS","09/25/1991","MALE","WHITE"
"PRESTON REYNOLDS","12/30/1996","MALE","WHITE"
"RANDALL REYNOLDS","02/25/1986","MALE","WHITE"
"THEADORE REYNOLDS","03/10/1978","MALE","BLACK"
"TONY REYNOLDS","10/29/1958","MALE","WHITE"
"WALTER REYNOLDS","02/06/1973","MALE","WHITE"
"DUSTIN RHEA","10/15/1993","MALE","WHITE"
"AQUI RHODES","10/12/1978","MALE","BLACK"
"BETSY RHODES","12/28/1988","FEMALE","WHITE"
"CHARLES RHODES","01/08/1981","MALE","WHITE"
"DENARD RHODES","07/26/1976","MALE","BLACK"
"ERICA RHODES","04/12/1989","FEMALE","BLACK"
"JESSICA RHODES","05/03/1985","FEMALE","WHITE"
"JUSTIN RHODES","03/15/1992","MALE","BLACK"
"LOUISE RHODES","12/22/1954","FEMALE","WHITE"
"WILLIAM RHODES","08/31/1993","MALE","BLACK"
"GREGORY RHONE","03/26/1969","MALE","BLACK"
"JOHN RHONE","01/01/1976","MALE","BLACK"
"ERIC RHYMES","02/09/1998","MALE","BLACK"
"ONTARIO RHYMES","05/08/1983","MALE","BLACK"
"DAVID RHYNE","05/12/1981","MALE","WHITE"
"DANIEL RHYNES","08/15/1980","MALE","WHITE"
"ROBERT RHYNES","11/24/1974","MALE","WHITE"
"MICHAEL RIAS","10/25/1966","MALE","BLACK"
"DAVID RICE","11/05/1966","MALE","BLACK"
"DERRICK RICE","11/13/1975","MALE","BLACK"
"FRANK RICE","11/23/1968","MALE","BLACK"
"JEREMY RICE","12/09/1978","MALE","WHITE"
"JERRY RICE","07/23/1962","MALE","BLACK"
"JOHN RICE","12/11/1981","MALE","BLACK"
"LONNIE RICE","07/03/1965","MALE","BLACK"
"MARC RICE","02/16/1996","MALE","WHITE"
"MARK RICE","01/04/1962","MALE","WHITE"
"SAMMY RICE","07/06/1956","MALE","BLACK"
"STETSON RICE","05/17/1988","MALE","BLACK"
"TIMOTHY RICE","09/26/1981","MALE","BLACK"
"JASON RICH","02/24/1977","MALE","WHITE"
"LASHON RICHARD","02/25/1994","MALE","BLACK"
"LATOYA RICHARD","01/15/1982","FEMALE","BLACK"
"QUINTIN RICHARD","05/19/1991","MALE","WHITE"
"SHAWN RICHARD","02/18/1978","MALE","WHITE"
"BENNON RICHARDS","08/31/1976","MALE","BLACK"
"CHRISTOPHER RICHARDS","12/05/1980","MALE","WHITE"
"FLOYD RICHARDS","06/18/1980","MALE","BLACK"
"FRANK RICHARDS","05/31/1965","MALE","BLACK"
"JAMES RICHARDS","05/18/1967","MALE","BLACK"
"KEVIN RICHARDS","01/26/1971","MALE","BLACK"
"SHAWN RICHARDS","09/21/1991","MALE","WHITE"
"ARTEZ RICHARDSON","05/18/1966","MALE","BLACK"
"BYRON RICHARDSON","01/17/1982","MALE","BLACK"
"CANDICE RICHARDSON","08/27/1990","FEMALE","WHITE"
"CHRISTOPHER RICHARDSON","03/07/1987","MALE","BLACK"
"CHRISTOPHER RICHARDSON","01/28/1985","MALE","WHITE"
"CLARENCE RICHARDSON","09/29/2000","MALE","BLACK"
"DANYEL RICHARDSON","01/02/1979","MALE","BLACK"
"DAVID RICHARDSON","03/23/1997","MALE","BLACK"
"DENARIUS RICHARDSON","01/20/1999","MALE","BLACK"
"EMANUEL RICHARDSON","06/07/1993","MALE","BLACK"
"GLEN RICHARDSON","04/06/1991","MALE","BLACK"
"HERNANDEZ RICHARDSON","11/07/1982","MALE","BLACK"
"JAMES RICHARDSON","10/07/1992","MALE","BLACK"
"JAMES RICHARDSON","11/24/1984","MALE","BLACK"
"JAMIE RICHARDSON","03/23/1987","MALE","WHITE"
"JEFFREY RICHARDSON","08/18/1995","MALE","BLACK"
"JORDAN RICHARDSON","07/02/1998","MALE","BLACK"
"KEANA RICHARDSON","04/18/1990","FEMALE","BLACK"
"KEITH RICHARDSON","09/19/1982","MALE","BLACK"
"KENNETH RICHARDSON","05/04/1965","MALE","WHITE"
"KEVIN RICHARDSON","12/19/1989","MALE","BLACK"
"MARVIN RICHARDSON","05/01/1967","MALE","BLACK"
"MICHAEL RICHARDSON","11/06/1978","MALE","WHITE"
"MICHAEL RICHARDSON","10/07/1979","MALE","WHITE"
"MICHAEL RICHARDSON","04/09/1978","MALE","WHITE"
"RAHEEM RICHARDSON","03/22/1993","MALE","BLACK"
"RANDY RICHARDSON","04/24/1990","MALE","BLACK"
"RAY RICHARDSON","05/08/1962","MALE","BLACK"
"REGINALD RICHARDSON","11/04/1988","MALE","BLACK"
"RICHARD RICHARDSON","12/07/1962","MALE","BLACK"
"SAMUEL RICHARDSON","07/16/1966","MALE","BLACK"
"TERRY RICHARDSON","11/12/1962","MALE","BLACK"
"TRACEY RICHARDSON","08/20/1969","MALE","BLACK"
"VICTOR RICHARDSON","11/21/1993","MALE","BLACK"
"JEROID RICHBURG","09/04/1995","MALE","BLACK"
"ZENAS RICHBURG","05/23/1997","MALE","BLACK"
"RONNIE RICHERSON","06/28/1966","MALE","WHITE"
"JAMARCUS RICHEY","12/03/1996","MALE","BLACK"
"LEON RICHIE","08/22/1960","MALE","WHITE"
"JAY RICHITELLI","06/09/1966","MALE","WHITE"
"DONNIE RICHMOND","12/16/1993","MALE","BLACK"
"LYNNWOOD RICHMOND","06/26/1969","MALE","BLACK"
"MARQUIS RICHMOND","07/17/1992","MALE","BLACK"
"MICHAEL RICHMOND","12/31/1991","MALE","WHITE"
"ROBERT RICHMOND","12/12/1963","MALE","BLACK"
"SPENCER RICHMOND","05/08/1984","MALE","BLACK"
"TIFFANY RICHMOND","03/06/1984","FEMALE","WHITE"
"ANGELA RICKMAN","07/21/1994","FEMALE","WHITE"
"JENNIFER RICKMAN","05/05/1979","FEMALE","WHITE"
"MATTHEW RICKMAN","11/20/1962","MALE","WHITE"
"MATTHEW RICKMAN","02/12/1977","MALE","WHITE"
"CYNTHIA RICKS","01/04/1984","FEMALE","BLACK"
"RICHARD RICKS","09/08/1977","MALE","WHITE"
"DEPRECO RIDDLE","11/27/2000","MALE","BLACK"
"AUNDRA RIDDLEY","08/31/1977","MALE","BLACK"
"EDDIE RIDEOUT","08/07/1963","MALE","BLACK"
"JOSHUA RIDGE","02/10/1984","MALE","WHITE"
"JEREMY RIELS","02/23/1988","MALE","WHITE"
"SPENCE RIEVES","07/10/1953","MALE","BLACK"
"JEFFERY RIGBY","01/12/1966","MALE","WHITE"
"MICHAEL RIGBY","05/20/1986","MALE","WHITE"
"ROBERT RIGBY","10/29/1969","MALE","WHITE"
"ANGELA RIGDON","03/22/1971","FEMALE","WHITE"
"ISAIAH RIGGINGS","04/04/1997","MALE","BLACK"
"ELIZABETH RIKARD","07/09/1977","FEMALE","WHITE"
"CARLISA RILEY","11/29/1962","MALE","BLACK"
"CHARLES RILEY","12/26/1972","MALE","BLACK"
"CHARLES RILEY","03/11/1965","MALE","BLACK"
"CHRISTOPHER RILEY","12/23/1988","MALE","BLACK"
"DARIAN RILEY","02/05/1990","MALE","BLACK"
"DERRICK RILEY","12/17/1999","MALE","BLACK"
"DEVON RILEY","05/20/1993","MALE","BLACK"
"ERIC RILEY","10/27/1967","MALE","BLACK"
"ERIC RILEY","01/13/1979","MALE","BLACK"
"FRANK RILEY","02/11/1970","MALE","BLACK"
"GEORGETTE RILEY","07/25/1983","FEMALE","BLACK"
"HENRY RILEY","02/13/1977","MALE","WHITE"
"JAMES RILEY","02/12/1982","MALE","WHITE"
"KRISTOPHER RILEY","02/18/1997","MALE","BLACK"
"KURIAKI RILEY","07/25/1977","MALE","BLACK"
"LAWRENCE RILEY","07/15/1965","MALE","BLACK"
"PRESLEY RILEY","06/23/1977","MALE","BLACK"
"RODNEY RILEY","04/30/1970","MALE","BLACK"
"THOMAS RILEY","01/15/1979","MALE","WHITE"
"TODD RILEY","06/13/1983","MALE","WHITE"
"TRAVONTA RILEY","10/21/1991","MALE","BLACK"
"VAN RILEY","08/09/1968","MALE","WHITE"
"VANLADEMIER RILEY","07/20/1991","MALE","BLACK"
"WILLIE RILEY","10/21/1964","MALE","BLACK"
"ZACHARY RILEY","04/16/1985","MALE","WHITE"
"DERRICK RIMMER","06/17/1990","MALE","BLACK"
"RICHARD RIMMER","07/27/1968","MALE","WHITE"
"STACY RIMMER","09/24/1969","MALE","WHITE"
"DAVID RINGER","09/20/1966","MALE","WHITE"
"NICHOLAS RINGOLD","01/26/1982","MALE","BLACK"
"MIGUEL RIOS","09/06/1964","MALE","SPANISH"
"JAMES RIPPY","12/19/1991","MALE","BLACK"
"DEANDRE RISER","04/01/1975","MALE","BLACK"
"JAMES RISER","07/02/1968","MALE","WHITE"
"JOSHUA RISER","09/07/1984","MALE","WHITE"
"EMANUEL RIVERA","04/27/1990","MALE","SPANISH"
"GEORGE RIVERA","06/29/1960","MALE","UNKNOWN"
"MICHAEL RIVERA","04/22/1962","MALE","WHITE"
"RUTH RIVERA","02/20/1971","FEMALE","ASIAN"
"GREGORY RIVERS","10/18/1995","MALE","BLACK"
"JEFFERY RIVERS","08/16/1970","MALE","BLACK"
"TROY RIVERS","11/28/1995","MALE","WHITE"
"TYLON RIVERS","10/24/1995","MALE","BLACK"
"DUSTIN RIVES","12/08/1988","MALE","WHITE"
"ALTON ROACH","11/27/1985","MALE","BLACK"
"CALVIN ROACH","12/05/1970","MALE","WHITE"
"CHRISTOPHER ROACH","12/05/1982","MALE","BLACK"
"DEDRICK ROACH","01/24/1977","MALE","BLACK"
"ERIC ROACH","01/09/1984","MALE","WHITE"
"JAMARIO ROACH","02/02/1996","MALE","BLACK"
"JIMMIE ROACH","07/18/1960","MALE","BLACK"
"TIMOTHY ROACH","10/13/1962","MALE","BLACK"
"LUCY ROANE","08/02/1972","FEMALE","WHITE"
"JERRY ROARK","02/01/1965","MALE","WHITE"
"DERRICK ROBBIE","09/04/1980","MALE","BLACK"
"ANTHONY ROBBINS","01/08/1976","MALE","BLACK"
"DARRELL ROBBINS","08/16/1976","MALE","BLACK"
"DARRELL ROBBINS","07/05/1987","MALE","WHITE"
"DAVID ROBBINS","09/20/1980","MALE","WHITE"
"EDWINA ROBBINS","02/19/1970","FEMALE","BLACK"
"JAMES ROBBINS","09/01/1979","MALE","WHITE"
"JEFFERY ROBBINS","05/22/1991","MALE","WHITE"
"JEREMY ROBBINS","07/27/1981","MALE","WHITE"
"JUSTIN ROBBINS","04/02/1988","MALE","WHITE"
"LINDA ROBBINS","10/07/1954","FEMALE","WHITE"
"AKEEM ROBERSON","04/27/1997","MALE","BLACK"
"BENJAMIN ROBERSON","12/25/1981","MALE","WHITE"
"BRANDON ROBERSON","12/12/1989","MALE","WHITE"
"CHARLES ROBERSON","02/23/1972","MALE","WHITE"
"DETRIUS ROBERSON","10/10/1982","MALE","BLACK"
"JAMIE ROBERSON","09/06/1976","MALE","BLACK"
"JARVIS ROBERSON","03/27/2001","MALE","BLACK"
"LAKEDRICK ROBERSON","06/29/1999","MALE","BLACK"
"LEE ROBERSON","09/11/1956","MALE","BLACK"
"MARCUS ROBERSON","08/11/1984","MALE","BLACK"
"NATHANIEL ROBERSON","01/06/1995","MALE","BLACK"
"OCEAN ROBERSON","11/15/1993","MALE","BLACK"
"PAUL ROBERSON","02/09/1967","MALE","WHITE"
"RAPHAEL ROBERSON","11/21/1981","MALE","BLACK"
"RICKY ROBERSON","01/26/1953","MALE","WHITE"
"RODNEY ROBERSON","08/01/1980","MALE","BLACK"
"TERRY ROBERSON","12/01/1964","MALE","BLACK"
"DAVID ROBERT","05/01/1970","MALE","BLACK"
"AMANDA ROBERTS","05/26/1980","FEMALE","WHITE"
"BARRY ROBERTS","08/10/1956","MALE","WHITE"
"CHASE ROBERTS","03/02/1982","MALE","WHITE"
"CHRISTOPHER ROBERTS","05/04/1989","MALE","WHITE"
"COLEY ROBERTS","10/08/1987","MALE","BLACK"
"DAVID ROBERTS","12/16/1988","MALE","WHITE"
"DOMINIQUE ROBERTS","06/22/1982","MALE","BLACK"
"DON ROBERTS","06/13/1967","MALE","WHITE"
"HOPE ROBERTS","05/14/1994","FEMALE","WHITE"
"J.C. ROBERTS","05/28/1954","MALE","BLACK"
"JAFRON ROBERTS","05/26/1983","MALE","BLACK"
"JAMES ROBERTS","01/23/1987","MALE","BLACK"
"JAMES ROBERTS","09/20/1977","MALE","WHITE"
"JEREMY ROBERTS","03/01/1981","MALE","WHITE"
"JEREMY ROBERTS","07/11/1996","MALE","BLACK"
"JIMMY ROBERTS","01/07/1978","MALE","BLACK"
"JOHN ROBERTS","06/15/1985","MALE","BLACK"
"JOHN ROBERTS","05/07/1982","MALE","WHITE"
"JUSTIN ROBERTS","12/19/1991","MALE","WHITE"
"KENNETH ROBERTS","11/01/1993","MALE","WHITE"
"LADERRICK ROBERTS","08/28/1992","MALE","BLACK"
"MARANDA ROBERTS","10/12/1990","FEMALE","WHITE"
"MARCUS ROBERTS","11/13/1970","MALE","WHITE"
"MARSHA ROBERTS","08/02/1967","FEMALE","WHITE"
"MITCHELL ROBERTS","01/10/1992","MALE","WHITE"
"NELSON ROBERTS","11/09/1968","MALE","BLACK"
"PAUL ROBERTS","07/19/1983","MALE","WHITE"
"REBECCA ROBERTS","03/21/1991","FEMALE","WHITE"
"RICKY ROBERTS","06/18/1990","MALE","WHITE"
"ROY ROBERTS","11/04/1955","MALE","WHITE"
"SELENA ROBERTS","10/11/1975","FEMALE","WHITE"
"SHAMAINE ROBERTS","03/22/1986","MALE","BLACK"
"SHERMAN ROBERTS","02/27/1982","MALE","BLACK"
"TERRY ROBERTS","07/05/1964","MALE","BLACK"
"TIMMY ROBERTS","11/30/1991","MALE","BLACK"
"TIMOTHY ROBERTS","02/26/1983","MALE","BLACK"
"TREY ROBERTS","07/22/1988","MALE","WHITE"
"TROY ROBERTS","01/09/1970","MALE","BLACK"
"TYREDIUS ROBERTS","11/26/1990","MALE","BLACK"
"WILLIAM ROBERTS","03/13/1976","MALE","WHITE"
"ANTHONY ROBERTSON","10/12/1975","MALE","BLACK"
"BETTY ROBERTSON","07/27/1972","FEMALE","BLACK"
"BRANDON ROBERTSON","12/04/1990","MALE","BLACK"
"DAMARO ROBERTSON","02/23/1992","MALE","BLACK"
"DANNY ROBERTSON","10/17/1992","MALE","BLACK"
"GABRIEL ROBERTSON","10/28/1990","MALE","BLACK"
"HAYDEN ROBERTSON","07/13/1992","MALE","WHITE"
"HENRY ROBERTSON","10/20/1982","MALE","WHITE"
"ISAIAH ROBERTSON","01/14/1989","MALE","BLACK"
"JASON ROBERTSON","01/15/1972","MALE","WHITE"
"KELVIN ROBERTSON","08/14/1970","MALE","WHITE"
"LEMUEL ROBERTSON","02/20/1994","MALE","BLACK"
"MATTHEW ROBERTSON","01/02/2002","MALE","WHITE"
"MAURICE ROBERTSON","05/17/1991","MALE","BLACK"
"MONTERRIO ROBERTSON","11/07/1989","MALE","BLACK"
"NICHOLAS ROBERTSON","01/23/1993","MALE","BLACK"
"SABRINA ROBERTSON","03/08/1995","FEMALE","WHITE"
"SEAN ROBERTSON","09/28/1988","MALE","BLACK"
"VINCENT ROBERTSON","10/22/1962","MALE","BLACK"
"WILMA ROBERTSON","10/07/1966","FEMALE","WHITE"
"JASON ROBICHAUX","01/30/1975","MALE","WHITE"
"ADRIAN ROBINSON","07/21/1978","MALE","BLACK"
"ALFRED ROBINSON","03/03/1962","MALE","BLACK"
"ALRENZO ROBINSON","07/22/1976","MALE","BLACK"
"ANDREW ROBINSON","06/15/1988","MALE","BLACK"
"ANTHONY ROBINSON","12/09/1968","MALE","BLACK"
"ANTHONY ROBINSON","02/24/1973","MALE","BLACK"
"ANTHONY ROBINSON","04/21/1981","MALE","BLACK"
"ANTHONY ROBINSON","01/06/1979","MALE","BLACK"
"ANTHONY ROBINSON","06/12/1974","MALE","BLACK"
"ANTONIO ROBINSON","10/14/1973","MALE","BLACK"
"ANTONIO ROBINSON","08/29/1998","MALE","BLACK"
"ARISHAL ROBINSON","06/04/1980","MALE","BLACK"
"ARSENIO ROBINSON","04/19/1990","MALE","BLACK"
"BARRY ROBINSON","12/01/1980","MALE","BLACK"
"BILLY ROBINSON","07/24/1965","MALE","BLACK"
"BRANDON ROBINSON","08/20/1986","MALE","BLACK"
"CALVIN ROBINSON","04/24/1960","MALE","BLACK"
"CALVIN ROBINSON","07/01/1970","MALE","BLACK"
"CHARRYSE ROBINSON","06/20/1988","FEMALE","BLACK"
"CHRIS ROBINSON","07/05/1977","MALE","BLACK"
"CHRISTOPHER ROBINSON","09/20/1977","MALE","WHITE"
"CLEOPHUS ROBINSON","04/15/1997","MALE","BLACK"
"CORDARRIUS ROBINSON","11/30/1997","MALE","BLACK"
"CORTEZ ROBINSON","08/07/1990","MALE","BLACK"
"CYNTHIA ROBINSON","02/22/1976","FEMALE","WHITE"
"DANIEL ROBINSON","01/05/1994","MALE","BLACK"
"DANYELLE ROBINSON","02/16/1979","MALE","BLACK"
"DARIO ROBINSON","08/11/1985","MALE","BLACK"
"DEMAORAIN ROBINSON","05/01/1996","MALE","BLACK"
"DERRICK ROBINSON","12/09/1974","MALE","BLACK"
"DERRICK ROBINSON","03/29/1972","MALE","BLACK"
"DOMINIC ROBINSON","07/04/1979","MALE","BLACK"
"DOMINIQUE ROBINSON","06/10/1995","MALE","BLACK"
"DONALD ROBINSON","12/02/1984","MALE","BLACK"
"DONYA ROBINSON","02/23/1972","MALE","BLACK"
"DOUGLAS ROBINSON","07/31/1983","MALE","BLACK"
"DWIGHT ROBINSON","07/07/1962","MALE","BLACK"
"EARNEST ROBINSON","08/12/1972","MALE","BLACK"
"ERIC ROBINSON","03/15/1966","MALE","BLACK"
"ERIC ROBINSON","06/25/1971","MALE","BLACK"
"EUGENE ROBINSON","12/01/1980","MALE","BLACK"
"FRANCISUS ROBINSON","01/23/1981","MALE","BLACK"
"FREDERICK ROBINSON","07/08/1958","MALE","BLACK"
"GEORGE ROBINSON","03/22/1979","MALE","WHITE"
"GERRY ROBINSON","09/28/1967","MALE","BLACK"
"HAMIN ROBINSON","11/15/1996","MALE","BLACK"
"HORACE ROBINSON","07/25/1972","MALE","BLACK"
"ISSAC ROBINSON","08/12/1991","MALE","BLACK"
"J'MARTIO ROBINSON","11/29/1988","MALE","BLACK"
"JAMES ROBINSON","03/22/1989","MALE","WHITE"
"JAMES ROBINSON","02/22/1972","MALE","WHITE"
"JAMES ROBINSON","09/24/1971","MALE","BLACK"
"JAMES ROBINSON","02/29/1968","MALE","WHITE"
"JAMIE ROBINSON","12/07/1971","MALE","BLACK"
"JASMOND ROBINSON","10/01/1986","MALE","BLACK"
"JEANETTA ROBINSON","04/08/1977","FEMALE","BLACK"
"JEFFERY ROBINSON","05/28/1980","MALE","BLACK"
"JEFFREY ROBINSON","07/05/1979","MALE","BLACK"
"JEMAINE ROBINSON","02/23/1982","MALE","BLACK"
"JEREMIAH ROBINSON","05/05/1983","MALE","BLACK"
"JEREMIAH ROBINSON","10/17/1995","MALE","BLACK"
"JEREMY ROBINSON","08/01/1984","MALE","BLACK"
"JERMARRIO ROBINSON","02/15/1989","MALE","BLACK"
"JOE ROBINSON","06/27/1967","MALE","BLACK"
"JOHNNY ROBINSON","08/22/1965","MALE","BLACK"
"JOHNNY ROBINSON","04/20/1981","MALE","BLACK"
"JOHNNY ROBINSON","04/10/1996","MALE","BLACK"
"JOSHUA ROBINSON","10/03/1991","MALE","BLACK"
"KENDRICK ROBINSON","07/25/1980","MALE","BLACK"
"KENNETH ROBINSON","11/20/1990","MALE","BLACK"
"KENYATTA ROBINSON","09/27/1997","MALE","BLACK"
"KHATRAVIOUS ROBINSON","08/02/1997","MALE","BLACK"
"LACY ROBINSON","08/31/1986","MALE","BLACK"
"LAKEISHA ROBINSON","08/02/1989","FEMALE","BLACK"
"LAMARIO ROBINSON","11/10/1988","MALE","BLACK"
"LAMONT ROBINSON","04/23/1982","MALE","BLACK"
"LAWRENCE ROBINSON","08/04/1983","MALE","BLACK"
"LEON ROBINSON","11/19/1991","MALE","BLACK"
"LESHAUN ROBINSON","12/16/1983","MALE","BLACK"
"LEWIS ROBINSON","11/02/1987","MALE","BLACK"
"LONNIE ROBINSON","12/07/1977","MALE","BLACK"
"LORENZO ROBINSON","06/05/1976","MALE","BLACK"
"LOUIS ROBINSON","01/23/1983","MALE","BLACK"
"MARCO ROBINSON","09/03/1973","MALE","BLACK"
"MARCUS ROBINSON","02/18/1982","MALE","BLACK"
"MARIO ROBINSON","05/21/1985","MALE","BLACK"
"MARKEVIOUS ROBINSON","06/09/1992","MALE","BLACK"
"MARQUEZ ROBINSON","09/02/1990","MALE","BLACK"
"MARTAVEIOUS ROBINSON","06/09/1992","MALE","BLACK"
"MICHAEL ROBINSON","05/24/1987","MALE","BLACK"
"MONTRAIL ROBINSON","11/12/1980","MALE","BLACK"
"NICHOLAS ROBINSON","01/21/1982","MALE","WHITE"
"ORLANDO ROBINSON","09/14/1975","MALE","BLACK"
"PAUL ROBINSON","10/09/1972","MALE","BLACK"
"QUENDARIUS ROBINSON","07/24/1991","MALE","BLACK"
"RANDOLPH ROBINSON","09/12/1952","MALE","BLACK"
"RASHAAD ROBINSON","11/02/1995","MALE","BLACK"
"RASHAUN ROBINSON","11/02/1995","MALE","BLACK"
"RAYMOND ROBINSON","11/27/1985","MALE","BLACK"
"RICHARD ROBINSON","08/19/1967","MALE","WHITE"
"RICKY ROBINSON","03/03/1961","MALE","BLACK"
"RODELL ROBINSON","11/27/1983","MALE","BLACK"
"RODNEY ROBINSON","01/30/1993","MALE","BLACK"
"ROSETTA ROBINSON","11/05/1960","FEMALE","BLACK"
"ROY ROBINSON","12/18/1959","MALE","BLACK"
"SAMMY ROBINSON","01/23/1965","MALE","BLACK"
"SAMUEL ROBINSON","09/23/1999","MALE","BLACK"
"SCOOTER ROBINSON","07/13/1977","MALE","WHITE"
"TERRI ROBINSON","10/02/1986","FEMALE","BLACK"
"TIEMEYER ROBINSON","08/07/1981","MALE","BLACK"
"TIMOTHY ROBINSON","04/12/1965","MALE","BLACK"
"TRAVIS ROBINSON","06/10/1979","MALE","BLACK"
"TRAVONE ROBINSON","10/10/1976","MALE","BLACK"
"TYQUAN ROBINSON","05/03/2000","MALE","BLACK"
"VERNON ROBINSON","04/19/1969","MALE","BLACK"
"WILLIAM ROBINSON","01/11/1966","MALE","BLACK"
"WILLIE ROBINSON","02/02/1970","MALE","BLACK"
"XAVIER ROBINSON","07/22/1982","MALE","BLACK"
"ZACHARY ROBINSON","07/05/1986","MALE","WHITE"
"BRIAN ROBISON","11/25/1992","MALE","WHITE"
"ALICIA ROBY","05/11/1997","FEMALE","BLACK"
"DEANNA ROBY","08/15/1997","FEMALE","BLACK"
"KAHLID ROBY","11/26/1992","MALE","BLACK"
"LASANDRO ROBY","02/28/1978","MALE","BLACK"
"LATWANNA ROBY","12/27/1985","FEMALE","BLACK"
"LONNIE ROBY","10/02/1976","MALE","BLACK"
"NATISHA ROBY","02/25/1988","FEMALE","BLACK"
"OSCAR ROBY","06/08/1987","MALE","BLACK"
"PATRICK ROBY","09/12/1977","MALE","BLACK"
"SHUNBRICA ROBY","06/05/1990","FEMALE","BLACK"
"THOMAS ROBY","03/27/1978","MALE","BLACK"
"TRAVON ROBY","06/21/1990","MALE","BLACK"
"ARVIN ROCHELLE","02/06/1969","MALE","WHITE"
"ELIZABETH ROCKSTEAD","11/12/1987","FEMALE","WHITE"
"BENJAMIN RODGERS","02/23/1988","MALE","WHITE"
"CHRISTOPER RODGERS","02/10/1987","MALE","WHITE"
"CORDARRIEL RODGERS","11/18/1990","MALE","BLACK"
"DBYRON RODGERS","10/24/1990","MALE","BLACK"
"DEORIO RODGERS","01/15/1996","MALE","BLACK"
"ERIC RODGERS","04/02/1986","MALE","BLACK"
"FREDERICK RODGERS","08/28/1983","MALE","BLACK"
"JAMES RODGERS","01/03/1973","MALE","WHITE"
"JAMES RODGERS","10/13/1961","MALE","WHITE"
"JASMINE RODGERS","11/07/1988","MALE","BLACK"
"JIMMY RODGERS","01/10/1972","MALE","WHITE"
"JOHN RODGERS","12/10/1990","MALE","WHITE"
"JOHNNY RODGERS","03/07/1958","MALE","WHITE"
"JOSH RODGERS","11/21/1988","MALE","WHITE"
"KEVIN RODGERS","11/16/1983","MALE","BLACK"
"MICHAEL RODGERS","03/21/1989","MALE","BLACK"
"PATRICK RODGERS","08/25/1987","MALE","BLACK"
"PENNY RODGERS","03/22/1983","FEMALE","WHITE"
"PHILLIP RODGERS","07/26/1967","MALE","WHITE"
"RAYMOND RODGERS","09/22/1975","MALE","WHITE"
"RICHARD RODGERS","05/19/1980","MALE","WHITE"
"SIDNEY RODGERS","07/30/1991","MALE","BLACK"
"SUSAN RODGERS","10/05/1968","FEMALE","WHITE"
"RAYMOND RODGERS JR","10/10/1978","MALE","BLACK"
"JOSE RODGRIQUEZ","07/15/1965","MALE","SPANISH"
"RICHARD RODRIGUEZ","01/10/1960","MALE","SPANISH"
"NICHOLAS ROEBUCK","11/03/1987","MALE","WHITE"
"ADRIAN ROGERS","06/29/1983","MALE","BLACK"
"ANDREW ROGERS","08/09/1989","MALE","BLACK"
"ANTHONY ROGERS","06/16/1976","MALE","BLACK"
"ARTHUR ROGERS","02/19/1971","MALE","BLACK"
"BRIAN ROGERS","05/28/1972","MALE","WHITE"
"BRIAUNA ROGERS","04/13/1991","FEMALE","BLACK"
"BRUCE ROGERS","02/10/1972","MALE","BLACK"
"CHRISTOPHER ROGERS","05/10/1985","MALE","BLACK"
"COREY ROGERS","10/02/1986","MALE","BLACK"
"DANIEL ROGERS","10/29/1980","MALE","WHITE"
"DAPHNE ROGERS","07/07/1977","FEMALE","BLACK"
"DARIUS ROGERS","07/04/1989","MALE","BLACK"
"DAVID ROGERS","08/04/1962","MALE","WHITE"
"DEDRICK ROGERS","02/24/1977","MALE","BLACK"
"DELVIN ROGERS","05/21/1988","MALE","BLACK"
"DERRICK ROGERS","12/25/1991","MALE","BLACK"
"DONTRAVIAN ROGERS","08/13/1990","MALE","BLACK"
"DUSTIN ROGERS","09/15/1989","MALE","WHITE"
"DWAYNE ROGERS","02/12/1992","MALE","BLACK"
"ELIZABETH ROGERS","04/23/1981","FEMALE","WHITE"
"EMILY ROGERS","12/19/1997","FEMALE","WHITE"
"FRED ROGERS","02/10/1960","MALE","BLACK"
"FREDDIE ROGERS","01/07/1973","MALE","BLACK"
"GLORIA ROGERS","11/09/1970","FEMALE","BLACK"
"HERMAN ROGERS","08/01/1979","MALE","WHITE"
"J ROGERS","07/29/1958","MALE","BLACK"
"JAMES ROGERS","07/18/1991","MALE","WHITE"
"JEANNIE ROGERS","06/01/1979","FEMALE","WHITE"
"JEREMY ROGERS","12/23/1978","MALE","WHITE"
"JERMAINE ROGERS","09/04/1982","MALE","BLACK"
"JIMMY ROGERS","02/14/1960","MALE","BLACK"
"JOEL ROGERS","01/10/1973","MALE","WHITE"
"JOHNNY ROGERS","07/24/1981","MALE","WHITE"
"JORDAN ROGERS","11/08/1999","MALE","WHITE"
"JOSEPH ROGERS","01/01/1982","MALE","WHITE"
"JUSTIN ROGERS","10/16/1991","MALE","BLACK"
"KARIUS ROGERS","09/28/1998","MALE","BLACK"
"KASEY ROGERS","04/20/1984","MALE","WHITE"
"KEN ROGERS","08/29/1932","MALE","WHITE"
"KERRY ROGERS","04/05/1984","MALE","WHITE"
"MALIK ROGERS","06/13/1998","MALE","BLACK"
"MARK ROGERS","01/02/1997","MALE","BLACK"
"MICHAEL ROGERS","06/02/1983","MALE","WHITE"
"MICHAEL ROGERS","11/21/1989","MALE","WHITE"
"R ROGERS","03/15/1955","MALE","BLACK"
"RONALDO ROGERS","12/13/1989","MALE","BLACK"
"SIERRA ROGERS","02/03/1991","FEMALE","WHITE"
"TERRENCE ROGERS","11/27/1987","MALE","BLACK"
"TERRY ROGERS","09/23/1973","MALE","WHITE"
"TERRY ROGERS","07/27/1976","MALE","BLACK"
"THOMAS ROGERS","01/14/1990","MALE","BLACK"
"TIMOTHY ROGERS","05/01/1962","MALE","WHITE"
"WILLARD ROGERS","06/22/1972","MALE","BLACK"
"WILLIAM ROGERS","10/02/1969","MALE","BLACK"
"ANTONIO ROLAND","10/27/1985","MALE","BLACK"
"CLIFTON ROLAND","06/17/1986","MALE","BLACK"
"JAMES ROLAND","11/20/1989","MALE","BLACK"
"RICKY ROLAND","04/17/1986","MALE","BLACK"
"SHANNON ROLAND","02/07/1967","MALE","WHITE"
"STEVEN ROLAND","03/11/1958","MALE","WHITE"
"HERBERT ROLES","03/01/1967","MALE","BLACK"
"CORY ROLFE","04/17/1989","MALE","WHITE"
"JIMMY ROLISON","06/15/1979","MALE","WHITE"
"WAYNE ROLLAND","02/20/1951","MALE","BLACK"
"THURMAN ROLLER","03/01/1972","MALE","BLACK"
"DANIEL ROLLINGS","05/23/1976","MALE","BLACK"
"ANDREW ROLLINS","10/15/1990","MALE","BLACK"
"DALTON ROLLINS","12/01/1993","MALE","WHITE"
"DARRYL ROLLINS","10/21/1980","MALE","BLACK"
"JENNIFER ROLLINS","06/17/1989","FEMALE","WHITE"
"JOHN ROLLINS","05/07/1992","MALE","BLACK"
"THOMAS ROLLINS","10/04/1988","MALE","BLACK"
"WILLIAM ROLLINS","08/30/1966","MALE","WHITE"
"MIRANDA ROMANSIK","10/18/1991","FEMALE","WHITE"
"ALCIBIADES ROMERO","10/28/1984","MALE","SPANISH"
"JENNY ROMINE","05/10/1983","FEMALE","WHITE"
"KENNETH RONE","10/29/1964","MALE","WHITE"
"WILLIAM RONEY","02/23/1970","MALE","WHITE"
"TIMOTHY RONK","08/14/1979","MALE","WHITE"
"WARREN RONSONET","11/12/1964","MALE","WHITE"
"JIMMIE ROOK","08/05/1966","MALE","WHITE"
"ARNOLD ROOKER","03/02/1996","MALE","WHITE"
"JEREMY ROOKER","12/26/1996","MALE","WHITE"
"CHRIS ROPER","09/30/1983","MALE","WHITE"
"PAUL ROPER","08/15/1985","MALE","WHITE"
"RAYMOND ROPER","01/11/1985","MALE","WHITE"
"MARK RORIE","08/04/1982","MALE","WHITE"
"SHERRY RORIE","01/22/1962","FEMALE","WHITE"
"JOSEPH ROSAMOND","10/10/1978","MALE","WHITE"
"MITCHELL ROSAMOND","10/24/1965","MALE","WHITE"
"DENARIUS ROSCOE","03/16/1994","MALE","BLACK"
"TOMMY ROSCOE","08/11/1965","MALE","BLACK"
"CORTRELL ROSE","10/11/1981","MALE","BLACK"
"DAVID ROSE","10/28/1985","MALE","BLACK"
"DUSTY ROSE","10/14/1981","MALE","WHITE"
"GREGORY ROSE","11/08/1997","MALE","BLACK"
"JEREMIAH ROSE","09/08/1994","MALE","BLACK"
"KEISHAWN ROSE","10/03/1998","MALE","BLACK"
"MICHAEL ROSE","05/26/1988","MALE","WHITE"
"NIKOLAI ROSE","01/01/1989","MALE","WHITE"
"WILLIE ROSE","05/21/1991","MALE","BLACK"
"TEMPLE ROSE-KENNEDY","11/16/1974","FEMALE","WHITE"
"JAMIE ROSEBUR","11/17/1982","MALE","BLACK"
"RICHARD ROSEBUR","07/19/1986","MALE","BLACK"
"LATHADDEUS ROSELL","02/25/1995","MALE","BLACK"
"RICHARD ROSELL","11/26/1992","MALE","BLACK"
"WILLIAM ROSENBAUM","12/29/1997","MALE","WHITE"
"CHRISTOPHER ROSENTHALL","05/27/1979","MALE","BLACK"
"MIKAL ROSENTHALL","07/11/1997","MALE","BLACK"
"MELINDA ROSETTI-SPENCE","06/17/1964","FEMALE","WHITE"
"JASON ROSIER","08/11/1971","MALE","WHITE"
"ALAN ROSS","08/06/1971","MALE","WHITE"
"ANTONIO ROSS","12/20/1979","MALE","BLACK"
"ARDELL ROSS","07/16/1984","MALE","BLACK"
"BENNY ROSS","10/31/1974","MALE","WHITE"
"BROOKE ROSS","02/05/1994","FEMALE","BLACK"
"BYRON ROSS","03/26/1981","MALE","BLACK"
"CHRISTOPHER ROSS","01/16/1991","MALE","BLACK"
"DANIEL ROSS","04/28/1986","MALE","WHITE"
"DEMOND ROSS","09/18/1988","MALE","BLACK"
"DUSTIN ROSS","04/02/1994","MALE","WHITE"
"EDWARD ROSS","06/14/1957","MALE","BLACK"
"ERIC ROSS","10/05/1972","MALE","BLACK"
"FREDRICK ROSS","12/25/1972","MALE","BLACK"
"GABRIEL ROSS","11/16/1965","MALE","BLACK"
"JAMES ROSS","10/29/1970","MALE","BLACK"
"JAMES ROSS","06/30/1985","MALE","WHITE"
"JAMES ROSS","03/27/1992","MALE","BLACK"
"JAMORY ROSS","06/18/1997","MALE","BLACK"
"JARROD ROSS","04/13/1988","MALE","WHITE"
"JIMMY ROSS","03/31/1963","MALE","BLACK"
"JOHN ROSS","03/19/1961","MALE","WHITE"
"JONATHAN ROSS","09/18/1987","MALE","BLACK"
"JONATHAN ROSS","04/08/1989","MALE","BLACK"
"JONATHAN ROSS","07/22/1986","MALE","BLACK"
"JONNIE ROSS","08/28/1989","MALE","BLACK"
"KELVIN ROSS","08/17/1981","MALE","BLACK"
"KENDRICK ROSS","02/26/1975","MALE","BLACK"
"KERRIL ROSS","06/27/2000","MALE","BLACK"
"LINDA ROSS","09/10/1962","FEMALE","BLACK"
"LOREN ROSS","10/20/1984","MALE","BLACK"
"MICHAEL ROSS","08/26/1957","MALE","BLACK"
"MICHAEL ROSS","05/07/1985","MALE","BLACK"
"OTIS ROSS","06/04/1954","MALE","BLACK"
"SAMMY ROSS","04/16/1955","MALE","WHITE"
"SAMUEL ROSS","10/26/1963","MALE","BLACK"
"STEPHEN ROSS","12/17/1996","MALE","BLACK"
"STEVE ROSS","10/31/1965","MALE","BLACK"
"TAVARES ROSS","02/10/1997","MALE","BLACK"
"TERRY ROSS","06/16/1980","MALE","BLACK"
"TYREE ROSS","05/16/1982","MALE","BLACK"
"TYSHUNNA ROSS","01/21/1970","FEMALE","WHITE"
"WILLIAM ROSS","05/09/1973","MALE","WHITE"
"WILLIE ROSS","12/15/1981","MALE","BLACK"
"MICHAEL ROTUNNO","01/18/1986","MALE","WHITE"
"AARON ROULEAU","06/23/1986","MALE","WHITE"
"LADARIUS ROUNDS","08/23/1996","MALE","BLACK"
"SAMUEL ROUNDS","07/31/1961","MALE","BLACK"
"HENRY ROUNDTREE","04/03/1989","MALE","BLACK"
"RICKY ROUNTREE","03/01/1984","MALE","WHITE"
"DAVID ROUSE","08/06/1990","MALE","WHITE"
"GARRETT ROUSE","06/30/1982","MALE","WHITE"
"ISREAL ROUSE","06/30/1949","MALE","WHITE"
"RONALD ROUSE","10/15/1970","MALE","WHITE"
"BOBBIE ROUSE WELFORD","08/01/1980","FEMALE","WHITE"
"DARON ROUSTER","03/25/1982","MALE","BLACK"
"BRANDI ROWELL","10/19/1984","FEMALE","WHITE"
"SEAN ROWELL","04/28/1983","MALE","WHITE"
"CLINT ROWLAND","02/17/1984","MALE","BLACK"
"ROBERT ROWLAND","07/08/1958","MALE","WHITE"
"JAMES ROWSEY","07/07/1963","MALE","WHITE"
"ROBERT ROWSEY","07/05/1970","MALE","BLACK"
"JEFFERY ROWZEE","09/09/1979","MALE","WHITE"
"CHRISTOPHER ROY","06/21/1981","MALE","WHITE"
"ANTHONY RUBY","12/30/1990","MALE","WHITE"
"BRANDON RUCKER","11/24/1992","MALE","BLACK"
"DEITRICK RUCKER","01/28/1967","MALE","BLACK"
"JORDAN RUCKER","02/05/1997","MALE","BLACK"
"MARIO RUCKER","05/06/1975","MALE","BLACK"
"BOBBY RUDD","02/07/1952","MALE","BLACK"
"CHARLES RUDD","05/25/1979","MALE","BLACK"
"DENNIS RUDD","02/10/1990","MALE","BLACK"
"DEWAYNE RUDD","07/08/1996","MALE","BLACK"
"MARTAVIUS RUDD","12/06/1996","MALE","BLACK"
"LINDEN RUDISILL","01/12/1988","MALE","WHITE"
"AARON RUDOLPH","08/20/1992","MALE","BLACK"
"HOWARD RUFF","06/14/1963","MALE","BLACK"
"WILLIAM RUFF","03/22/1972","MALE","WHITE"
"ANTHONY RUFFIN","07/14/1968","MALE","BLACK"
"CHRISTOPHER RUFFIN","01/16/1987","MALE","BLACK"
"JEFFERY RUFFIN","07/01/1965","MALE","BLACK"
"KINNIS RUFFIN","08/22/1973","MALE","BLACK"
"LARRY RUFFIN","06/21/1990","MALE","BLACK"
"LAWANDA RUFFIN","08/23/1977","FEMALE","BLACK"
"LEON RUFFIN","02/15/1973","MALE","BLACK"
"MARK RUFFIN","04/17/1973","MALE","BLACK"
"MICAH RUFFIN","11/03/1979","MALE","BLACK"
"SHERMAN RUFFIN","07/22/1980","MALE","BLACK"
"TAKEESHA RUFFIN","02/05/1989","FEMALE","BLACK"
"TOMMY RUFFIN","11/12/1953","MALE","BLACK"
"TRAVIS RUFFIN","02/18/1969","MALE","BLACK"
"OLIVIA RUIS","03/04/1993","FEMALE","WHITE"
"ABEL RUIZ","08/27/1984","MALE","SPANISH"
"BENITO RUIZ","07/10/1965","MALE","SPANISH"
"TINA RUIZ","01/15/1975","FEMALE","WHITE"
"TIMOTHY RULE","03/19/1988","MALE","BLACK"
"VERNELL RULE","11/06/1971","MALE","BLACK"
"TERRY RUNNELS","06/24/1982","MALE","BLACK"
"COBIE RUPERT","02/24/1999","MALE","BLACK"
"ROBERT RUPERT","07/28/1970","MALE","BLACK"
"CHADSON RUSH","02/17/1974","MALE","WHITE"
"DWAYNE RUSH","11/20/1958","MALE","WHITE"
"FLEMING RUSH","01/15/1957","MALE","BLACK"
"FREDRICK RUSH","06/20/1982","MALE","BLACK"
"JOHNNY RUSH","12/19/1990","MALE","BLACK"
"JOSHUA RUSH","11/23/1984","MALE","WHITE"
"KEVIN RUSH","07/02/1981","MALE","BLACK"
"MARCES RUSH","05/20/1994","MALE","BLACK"
"NICHOLAS RUSH","07/24/1995","MALE","BLACK"
"PETE RUSH","07/05/1934","MALE","BLACK"
"SHACOBEE RUSH","02/02/1984","MALE","BLACK"
"WILLIAM RUSH","07/17/1984","MALE","BLACK"
"ANTHONY RUSHING","11/10/1983","MALE","WHITE"
"CHANDLER RUSHING","01/08/1999","MALE","BLACK"
"DAVID RUSHING","10/02/1955","MALE","WHITE"
"DAVID RUSHING","03/08/1968","MALE","WHITE"
"GEORGIO RUSHING","02/12/1991","MALE","BLACK"
"NIGERIA RUSHING","03/04/1974","MALE","BLACK"
"TINA RUSHING","07/02/1983","FEMALE","WHITE"
"TRACEY RUSHING","01/08/1965","MALE","BLACK"
"WILLIAM RUSHING","08/26/1983","MALE","WHITE"
"ZACHARY RUSHING","12/31/1991","MALE","WHITE"
"ALBERT RUSSELL","10/08/1985","MALE","BLACK"
"ALLEN RUSSELL","03/13/1983","MALE","BLACK"
"BALIN RUSSELL","05/12/1999","MALE","WHITE"
"BRIAN RUSSELL","10/21/1970","MALE","WHITE"
"CEDRIC RUSSELL","06/28/1976","MALE","BLACK"
"CHRISTOPHER RUSSELL","01/25/1982","MALE","BLACK"
"DANIEL RUSSELL","12/17/1994","MALE","WHITE"
"DIETRICH RUSSELL","09/09/1984","MALE","BLACK"
"DONALD RUSSELL","07/09/1937","MALE","WHITE"
"DONNIE RUSSELL","01/21/1959","MALE","WHITE"
"JAMES RUSSELL","11/27/1974","MALE","BLACK"
"JONATHAN RUSSELL","11/24/1987","MALE","WHITE"
"JORDAN RUSSELL","09/16/1997","MALE","WHITE"
"JOSHUA RUSSELL","11/08/1999","MALE","BLACK"
"JOSHUA RUSSELL","12/23/1991","MALE","WHITE"
"KEVIN RUSSELL","01/12/1970","MALE","BLACK"
"LASHANDA RUSSELL","03/20/1990","FEMALE","WHITE"
"LERNER RUSSELL","04/16/1995","MALE","BLACK"
"LEXUS RUSSELL","09/28/1991","MALE","BLACK"
"PAUL RUSSELL","12/31/1989","MALE","BLACK"
"PAULA RUSSELL","10/27/1984","FEMALE","WHITE"
"RANDY RUSSELL","06/05/1962","MALE","WHITE"
"RENARD RUSSELL","11/20/1988","MALE","BLACK"
"SEAN RUSSELL","03/02/1991","MALE","WHITE"
"SHAWN RUSSELL","07/16/1976","MALE","WHITE"
"STEPHEN RUSSELL","11/07/1980","MALE","WHITE"
"STEVEN RUSSELL","03/30/1964","MALE","WHITE"
"TERRENCE RUSSELL","02/27/1992","MALE","BLACK"
"TIMOTHY RUSSELL","10/14/1993","MALE","BLACK"
"VICKIE RUSSELL","08/30/1979","FEMALE","WHITE"
"WILLIAM RUSSELL","11/24/1980","MALE","WHITE"
"WILLIE RUSSELL","01/22/1992","MALE","BLACK"
"XAVIER RUSSELL","07/29/1993","MALE","BLACK"
"DOMINICK RUSSO","10/24/1996","MALE","WHITE"
"RICHARD RUSSUM","09/01/1985","MALE","WHITE"
"BRIAN RUTH","11/14/1982","MALE","WHITE"
"DENHAM RUTH","07/28/1997","MALE","WHITE"
"CHRISTINA RUTHERFORD","01/17/1978","FEMALE","WHITE"
"LONI RUTLAND","10/23/1981","FEMALE","WHITE"
"RICHARD RUTLAND","12/12/1986","MALE","WHITE"
"TYLER RUTLAND","04/30/1991","MALE","WHITE"
"BRADLEY RUTLEDGE","10/04/1991","MALE","WHITE"
"CRAIG RUTLEDGE","07/20/1983","MALE","WHITE"
"MARK RUTLEDGE","10/21/1971","MALE","WHITE"
"MATTHEW RUTLEDGE","12/03/1985","MALE","WHITE"
"MIKE RUTLEDGE","01/01/1995","MALE","WHITE"
"PERRY RUTLEDGE","01/31/1988","MALE","WHITE"
"RICKY RUTLEDGE","10/12/1961","MALE","WHITE"
"RONALD RUTLEDGE","03/29/1973","MALE","WHITE"
"JONATHAN RUTLEY","12/09/1972","MALE","BLACK"
"BOBBY RYALS","03/01/1984","MALE","WHITE"
"CURTIS RYALS","10/19/1998","MALE","BLACK"
"RICKY RYALS","10/28/1973","MALE","WHITE"
"BRENT RYAN","02/09/1979","MALE","WHITE"
"DON RYAN","11/18/1970","MALE","WHITE"
"JOSHUA RYAN","12/05/1981","MALE","WHITE"
"KENNETH RYAN","06/17/1989","MALE","WHITE"
"WILLIAM RYAN","11/06/1989","MALE","WHITE"
"JAMES RYE","08/04/2000","MALE","WHITE"
"ANGELA RYNER","07/18/1986","FEMALE","WHITE"
"RASHAWN RYNER","10/14/1999","MALE","BLACK"
