"DOMINICO SADDLER","02/08/1985","MALE","BLACK"
"JOHNNY SADDLER","04/14/1954","MALE","BLACK"
"LAVARO SADDLER","11/14/1978","MALE","BLACK"
"ANGEL SAEZ","09/12/1980","MALE","SPANISH"
"WENDELL SAFFORD","07/01/1958","MALE","BLACK"
"RODRIEGUEZ SAGO","12/10/1975","MALE","BLACK"
"RICHARD SAIGNAPHETH","09/21/1988","MALE","ASIAN"
"BRANDY SAIK","02/19/1981","FEMALE","WHITE"
"OMAR SALAZAR","03/06/1975","MALE","SPANISH"
"CRAIG SALLIE","06/29/1980","MALE","BLACK"
"SHARON SALLIE","07/23/1967","FEMALE","WHITE"
"JOSEPH SALLIS","03/19/1971","MALE","WHITE"
"GUY SALMON","11/21/1974","MALE","WHITE"
"SHANDON SALMONS","06/29/1994","MALE","WHITE"
"SKYLAR SALMONS","11/20/1990","MALE","WHITE"
"JERRY SALTER","02/25/1966","MALE","BLACK"
"SHANNON SALTER","07/13/1977","MALE","WHITE"
"WILLIAM SALTER","11/16/1970","MALE","WHITE"
"MICHAEL SALTSGIVER","02/01/1997","MALE","WHITE"
"ROBERT SALTSGIVER","09/14/1943","MALE","WHITE"
"JODI SAMPEY","01/23/1995","MALE","WHITE"
"CHRISTIAN SAMPLE","02/15/2001","MALE","BLACK"
"DAVID SAMPLES","12/28/1985","MALE","WHITE"
"AARON SAMPSON","08/14/1986","MALE","BLACK"
"EMANUEL SAMPSON","08/30/1978","MALE","BLACK"
"LEVI SAMPSON","09/15/1968","MALE","BLACK"
"LOUIS SAMPSON","07/22/1987","MALE","BLACK"
"MARQUISE SAMUEL","03/13/1990","MALE","BLACK"
"OREAN SAMUEL","07/18/1992","FEMALE","BLACK"
"ARTHUR SAMUELS","06/28/1971","MALE","WHITE"
"ANTONIO SANCHEZ","01/25/1948","MALE","SPANISH"
"DAVID SANCHEZ","11/15/1988","MALE","WHITE"
"EDGAR SANCHEZ","03/20/1979","MALE","SPANISH"
"EDUARDO SANCHEZ","12/27/1987","MALE","SPANISH"
"ERNESTO SANCHEZ","04/14/1976","MALE","SPANISH"
"THOMAS SANCHEZ","07/18/1988","MALE","WHITE"
"VINCENTE SANCHEZ","12/19/1978","MALE","SPANISH"
"SANTIAGO SANCHEZ-MAYANO","06/05/1999","MALE","SPANISH"
"AARON SANDERS","01/11/1982","MALE","BLACK"
"ADRIAN SANDERS","06/02/1986","MALE","BLACK"
"ANTOINE SANDERS","01/13/1977","MALE","BLACK"
"ANTONIO SANDERS","09/05/1985","MALE","BLACK"
"BOBBY SANDERS","01/08/1982","MALE","BLACK"
"BOBBY SANDERS","11/28/1990","MALE","WHITE"
"BOBBY SANDERS","01/05/1995","MALE","BLACK"
"CASEY SANDERS","11/08/1986","MALE","WHITE"
"CHAD SANDERS","07/02/1973","MALE","BLACK"
"CHRISTOPHER SANDERS","08/27/1990","MALE","BLACK"
"CHRISTOPHER SANDERS","03/27/1969","MALE","WHITE"
"CHRISTOPHER SANDERS","07/30/1985","MALE","BLACK"
"CODY SANDERS","09/22/1986","MALE","BLACK"
"DEANTHONY SANDERS","10/29/1993","MALE","BLACK"
"EDNA SANDERS","03/19/1961","FEMALE","BLACK"
"ERNIE SANDERS","06/13/1966","MALE","BLACK"
"FLOYD SANDERS","08/13/1960","MALE","BLACK"
"GEORGE SANDERS","09/14/1970","MALE","BLACK"
"HENRY SANDERS","09/10/1977","MALE","BLACK"
"HENRY SANDERS","10/02/1986","MALE","WHITE"
"ISAIAH SANDERS","04/28/1982","MALE","BLACK"
"JACK SANDERS","11/27/1989","MALE","WHITE"
"JAMES SANDERS","09/10/1976","MALE","WHITE"
"JAMES SANDERS","10/31/1977","MALE","WHITE"
"JAMIE SANDERS","12/13/1990","MALE","BLACK"
"JEFFREY SANDERS","09/12/1983","MALE","BLACK"
"JIMI SANDERS","10/16/1987","FEMALE","WHITE"
"JOHN SANDERS","12/30/1969","MALE","WHITE"
"JOSEPH SANDERS","02/20/1983","MALE","BLACK"
"JUSTIN SANDERS","09/17/1980","MALE","WHITE"
"JUSTIN SANDERS","07/24/1993","MALE","BLACK"
"KEIR SANDERS","10/19/1964","MALE","WHITE"
"KEITH SANDERS","01/16/1975","MALE","BLACK"
"KENDALL SANDERS","01/21/1990","MALE","BLACK"
"KENNETH SANDERS","04/09/1998","MALE","BLACK"
"LAKENDRA SANDERS","10/02/1980","MALE","BLACK"
"LAMONT SANDERS","09/10/1997","MALE","BLACK"
"LINTERIUS SANDERS","09/21/1989","MALE","BLACK"
"LONNELL SANDERS","07/13/1997","MALE","BLACK"
"LORENZO SANDERS","03/10/1986","MALE","BLACK"
"MARK SANDERS","03/17/1988","MALE","WHITE"
"MARK SANDERS","10/16/1968","MALE","WHITE"
"MARTERIUS SANDERS","07/24/1990","MALE","BLACK"
"MARVIN SANDERS","05/31/1976","MALE","BLACK"
"MELISSA SANDERS","06/16/1972","FEMALE","WHITE"
"MERVIN SANDERS","11/01/1954","MALE","BLACK"
"MEUNDRE SANDERS","11/08/1996","MALE","BLACK"
"MORRIS SANDERS","02/23/1976","MALE","BLACK"
"NATHANIEL SANDERS","08/20/1979","MALE","BLACK"
"RICKY SANDERS","10/18/1959","MALE","WHITE"
"ROBERT SANDERS","05/20/1965","MALE","BLACK"
"ROBERT SANDERS","04/03/1986","MALE","WHITE"
"RODERICK SANDERS","08/22/1994","MALE","BLACK"
"RODNEY SANDERS","11/18/1969","MALE","BLACK"
"SEAN SANDERS","08/19/1985","MALE","WHITE"
"SEBASTIAN SANDERS","02/28/1995","MALE","BLACK"
"SHAWN SANDERS","09/11/1987","MALE","BLACK"
"TAWARIUS SANDERS","08/24/1986","MALE","BLACK"
"TERRY SANDERS","12/03/1953","MALE","WHITE"
"TONY SANDERS","02/07/1996","MALE","WHITE"
"TORRI SANDERS","08/07/1978","FEMALE","WHITE"
"WAYLON SANDERS","02/08/1977","MALE","WHITE"
"WAYNE SANDERS","05/03/1977","MALE","BLACK"
"XATTERRIAEN SANDERS","01/09/1999","MALE","BLACK"
"XAVIER SANDERS","10/26/1999","MALE","BLACK"
"JOHN SANDERSON","02/08/1948","MALE","WHITE"
"KODY SANDERSON","03/09/1993","MALE","WHITE"
"JAMIE SANDIDGE","09/30/1983","MALE","WHITE"
"CRAIG SANDIFER","05/04/1996","MALE","BLACK"
"DENZALE SANDIFER","08/21/1994","MALE","BLACK"
"EDDIE SANDIFER","07/17/1984","MALE","BLACK"
"MALCOLM SANDIFER","11/20/1991","MALE","BLACK"
"RICHARD SANDIFER","12/02/1989","MALE","BLACK"
"SHERIDAN SANDIFER","12/22/1977","MALE","BLACK"
"VINCENT SANDIFER","08/21/1999","MALE","BLACK"
"EDWARD SANDLER","11/16/1971","MALE","WHITE"
"LISA SANDLIN","01/25/1966","FEMALE","WHITE"
"SERGIO SANDOVAL","12/25/1949","MALE","WHITE"
"SHAQUIL SANDS","06/21/1994","MALE","BLACK"
"ASA SANFORD","10/04/1957","MALE","WHITE"
"BRETT SANFORD","02/09/1999","MALE","WHITE"
"JAMES SANFORD","06/27/1981","MALE","BLACK"
"JASON SANFORD","08/02/1984","MALE","WHITE"
"STEDARRIOUS SANFORD","01/25/2000","MALE","BLACK"
"WALTER SANFORD","01/23/1963","MALE","WHITE"
"WILLIAM SANFORD","09/25/1955","MALE","WHITE"
"KOKOU SANOUMEGAH","01/08/1997","MALE","BLACK"
"KENDRICK SANSOM","03/05/1974","MALE","BLACK"
"FATE SANTEE","02/13/1981","MALE","BLACK"
"MARIO SANTIAGO","09/29/1962","MALE","BLACK"
"CORY SAPPINGTON","09/30/1977","MALE","WHITE"
"RICHARD SAPPINGTON","06/22/1949","MALE","WHITE"
"JOHN SAQUING","05/29/1969","MALE","WHITE"
"JASON SARGENT","09/27/1978","MALE","WHITE"
"BRIDGET SARTIN","10/07/1965","FEMALE","WHITE"
"CALVIN SARTIN","05/07/1979","MALE","BLACK"
"CORTEZ SARTIN","03/18/1992","MALE","BLACK"
"DESMOND SARTIN","11/25/1992","MALE","BLACK"
"GEORGIA SASSO","03/12/1986","FEMALE","WHITE"
"KEVIN SATTERFIELD","10/20/1974","MALE","WHITE"
"MICHAEL SATTERFIELD","03/30/1994","MALE","BLACK"
"ANNA SATTERLEE","12/03/1984","FEMALE","WHITE"
"DAVID SAUCIER","04/26/1973","MALE","WHITE"
"JESSICA SAUCIER","12/06/1991","FEMALE","WHITE"
"MARTY SAUCIER","06/18/1980","MALE","WHITE"
"MINDY SAUCIER","01/18/1980","FEMALE","BLACK"
"TORIN SAUCIER","09/03/1980","MALE","BLACK"
"WILL SAUCIER","08/15/1977","MALE","WHITE"
"CHARLES SAUL","03/08/1992","MALE","BLACK"
"GERALD SAULSBERRY","03/06/1980","MALE","BLACK"
"TAEMONTE SAULSBERRY","08/18/1994","MALE","BLACK"
"DEVIN SAULTER","04/09/1985","MALE","BLACK"
"ALEXIA SAUNDERS","02/01/1993","FEMALE","BLACK"
"EDDIE SAUNDERS","05/27/1964","MALE","BLACK"
"HERMAN SAUNDERS","07/13/1961","MALE","BLACK"
"MARQUISE SAUNDERS","07/02/1992","MALE","BLACK"
"HEATHER SAVAGE","01/17/1991","FEMALE","WHITE"
"JOSEPH SAVAGE","05/05/1982","MALE","WHITE"
"KEITH SAVAGE","12/19/1990","MALE","BLACK"
"RENATO SAVAGE","11/08/1978","MALE","BLACK"
"TYLER SAVAGE","04/25/1987","MALE","WHITE"
"WILLIAM SAVELL","09/06/1969","MALE","WHITE"
"THOMAS SAVELY","10/10/1958","MALE","WHITE"
"RYAN SAVINELL","10/22/1986","MALE","WHITE"
"FRANK SAVORI","08/28/1958","MALE","WHITE"
"JEROME SAVORY","12/14/1981","MALE","BLACK"
"CHARLIE SAWYER","08/21/1970","MALE","BLACK"
"JOSHUA SAWYER","07/27/1994","MALE","WHITE"
"LAMARCUS SAWYER","08/13/1997","MALE","BLACK"
"LAVARIUS SAWYER","02/04/1991","MALE","BLACK"
"ROBIN SAXON","08/08/1989","FEMALE","WHITE"
"MARCUS SAYLES","12/07/1983","MALE","BLACK"
"CLYDE SAYLOR","02/14/1956","MALE","WHITE"
"JOSEPH SEAB","12/14/1983","MALE","WHITE"
"ZEK SEABERRY","07/16/1989","MALE","BLACK"
"VICTOR SEAGO","06/16/1952","MALE","WHITE"
"STEVEN SEAL","05/30/1981","MALE","WHITE"
"KELLY SEALE","05/09/1977","MALE","WHITE"
"CORDERRO SEALES","12/07/1988","MALE","BLACK"
"SHUNTRIUS SEALES","12/21/1992","MALE","BLACK"
"DERRICK SEALS","10/31/1986","MALE","BLACK"
"DILLON SEALS","02/25/1994","MALE","BLACK"
"MICHAEL SEALS","06/18/1973","MALE","BLACK"
"ORLANDO SEALS","03/09/1982","MALE","BLACK"
"RICHARD SEALS","04/14/1971","MALE","BLACK"
"TARVARUS SEALS","03/01/1988","MALE","BLACK"
"TERRY LEE SEAMAN","09/12/1984","MALE","WHITE"
"KYLE SEAMSTER","11/23/1995","MALE","BLACK"
"GREGORY SEAPHUS","01/14/1968","MALE","BLACK"
"GENESIS SEARLES","10/22/1999","MALE","BLACK"
"MICHAEL SEARS","01/11/1979","MALE","BLACK"
"JAMES SEATON","01/25/1977","MALE","BLACK"
"UNTONIO SEATON","03/31/1982","MALE","BLACK"
"JOHNATHAN SEBACK","11/16/1990","MALE","WHITE"
"DOMINGO SEBASTIAN","08/10/1993","MALE","SPANISH"
"ROBERT SEBOLDT","03/03/1995","MALE","WHITE"
"ADAM SEEBOLD","04/29/1993","MALE","WHITE"
"JOHN SEELING","11/22/1968","MALE","WHITE"
"JOHN SEELY","09/24/1997","MALE","WHITE"
"JON SEGARS","10/30/1974","MALE","WHITE"
"PHILLIP SEGER","06/09/1987","MALE","WHITE"
"FRANK SEIGFRIED","02/08/1951","MALE","WHITE"
"CHRISTOPHER SEITZ","05/31/1992","MALE","WHITE"
"JASON SEKERAK","07/28/1984","MALE","WHITE"
"JOHNATHAN SELDON","12/13/1983","MALE","BLACK"
"NATAVIOUS SELDON","03/26/1990","MALE","BLACK"
"DONTARIUS SELF","01/25/1996","MALE","BLACK"
"JAMES SELF","02/27/1992","MALE","WHITE"
"JAMES SELF","08/25/1975","MALE","WHITE"
"MATTHEW SELF","08/25/1995","MALE","WHITE"
"ALAN SELLERS","06/04/1964","MALE","BLACK"
"ANTHONY SELLERS","02/03/1969","MALE","WHITE"
"ANTHONY SELLERS","08/20/1982","MALE","BLACK"
"GERALD SELLERS","02/11/1984","MALE","BLACK"
"JESSE SELLERS","03/12/1985","MALE","WHITE"
"JOHN SELLERS","08/13/1961","MALE","WHITE"
"MARDAMILYN SELLERS","02/13/1978","MALE","BLACK"
"NATHAN SELLERS","06/25/1984","MALE","WHITE"
"ROBERT SELLERS","04/30/1992","MALE","WHITE"
"RONALD SELLERS","08/26/1983","MALE","WHITE"
"TENNILLE SELLERS","01/15/1976","MALE","BLACK"
"TOM SELLERS","05/17/1980","MALE","BLACK"
"LESTER SELMON","10/21/1961","MALE","BLACK"
"JASON SERPAS","04/23/1976","MALE","WHITE"
"MICHAEL SESSION","11/18/1982","MALE","WHITE"
"MARY SESSUMS","04/16/1981","FEMALE","WHITE"
"RICKY SESSUMS","08/14/1980","MALE","WHITE"
"ROBERT-BOBBY SETTLES","08/09/1988","MALE","WHITE"
"CANDI SEVIER","11/02/1972","FEMALE","WHITE"
"JASON SEWELL","12/30/1983","MALE","WHITE"
"JUSTIN SEWELL","04/14/1992","MALE","WHITE"
"MYRON SEWELL","12/30/1988","MALE","BLACK"
"COREY SEXTON","11/15/1991","MALE","BLACK"
"LUKE SEYMOUR","03/31/1995","MALE","WHITE"
"MARK SEYMOUR","08/18/1990","MALE","BLACK"
"MICHAEL SEYMOUR","06/04/1993","MALE","WHITE"
"BRANDON SIBLEY","02/20/1992","MALE","BLACK"
"CARLOS SIBLEY","07/20/1992","MALE","BLACK"
"CHARLESTON SIBLEY","05/18/1990","MALE","BLACK"
"DONTAY SIBLEY","05/01/1991","MALE","BLACK"
"GEROYCE SIBLEY","08/21/1994","MALE","BLACK"
"LADARIUS SIBLEY","11/04/1993","MALE","BLACK"
"REGINALD SIBLEY","02/10/1976","MALE","BLACK"
"THOMAS SIBLEY","08/20/1962","MALE","BLACK"
"ZACK SIBLEY","10/22/1997","MALE","BLACK"
"JOHN SIGALAS","03/24/1977","MALE","WHITE"
"SAMMY SIGLER","07/13/1996","MALE","SPANISH"
"JUSTIN SIGNORINO","06/18/1986","MALE","WHITE"
"BRANDON SILAS","12/06/1980","MALE","BLACK"
"CHARLES SILAS","06/16/1982","MALE","BLACK"
"DENNIS SILAS","01/08/1988","MALE","BLACK"
"FRANK SILAS","01/27/1973","MALE","BLACK"
"MARY SILAS","03/07/1971","FEMALE","BLACK"
"DUSTIN SILLS","08/09/1984","MALE","WHITE"
"ADRIAN SILVA","05/03/1995","MALE","SPANISH"
"RICARDO SILVA","06/11/1984","MALE","SPANISH"
"CHRISTOPHER SILVEY","12/11/1974","MALE","WHITE"
"ROBERT SILVIA","01/29/1954","MALE","WHITE"
"ADAM SIMES","11/20/1975","MALE","WHITE"
"JOSHUA SIMMONDS","09/03/1991","MALE","WHITE"
"ALTON SIMMONS","04/04/1981","MALE","WHITE"
"ANDRE SIMMONS","08/13/1967","MALE","BLACK"
"BYRON SIMMONS","10/01/1967","MALE","BLACK"
"CHRISTOPHER SIMMONS","03/29/1996","MALE","BLACK"
"CHRISTOPHER SIMMONS","04/20/1972","MALE","WHITE"
"DANNY SIMMONS","04/15/1964","MALE","WHITE"
"DARRELL SIMMONS","06/17/1965","MALE","BLACK"
"DARRYL SIMMONS","09/17/1989","MALE","BLACK"
"DERRIOUS SIMMONS","08/16/1997","MALE","BLACK"
"DESTRICK SIMMONS","09/24/1967","MALE","BLACK"
"DWAYNE SIMMONS","11/22/1985","MALE","BLACK"
"FISHER SIMMONS","04/30/1997","MALE","BLACK"
"GEORGE SIMMONS","08/21/1961","MALE","BLACK"
"HORACE SIMMONS","02/07/1977","MALE","BLACK"
"ISHIDA SIMMONS","10/08/1984","FEMALE","BLACK"
"JAMES SIMMONS","10/15/1958","MALE","WHITE"
"JAMES SIMMONS","04/29/1955","MALE","WHITE"
"JOHN SIMMONS","05/15/1945","MALE","BLACK"
"JOSHUA SIMMONS","06/14/1993","MALE","WHITE"
"JULIUS SIMMONS","04/09/1983","MALE","WHITE"
"JUSTIN SIMMONS","11/13/1999","MALE","BLACK"
"LATERRANCE SIMMONS","11/21/1998","MALE","BLACK"
"LINDA SIMMONS","09/23/1945","FEMALE","WHITE"
"MAGREGORY SIMMONS","05/05/1973","MALE","BLACK"
"MANEY SIMMONS","07/15/1950","MALE","BLACK"
"MARKEL SIMMONS","07/11/2001","MALE","BLACK"
"MARTIN SIMMONS","09/12/1990","MALE","BLACK"
"MIRIKO SIMMONS","07/07/1997","MALE","BLACK"
"NATHAN SIMMONS","06/11/1982","MALE","WHITE"
"NATHANIEL SIMMONS","11/21/1993","MALE","WHITE"
"NICKOLUS SIMMONS","01/13/1991","MALE","BLACK"
"OBEY SIMMONS","09/16/1977","MALE","WHITE"
"RAFFAEL SIMMONS","03/19/1985","MALE","BLACK"
"RAVEN SIMMONS","12/13/1982","FEMALE","BLACK"
"ROBERT SIMMONS","11/06/1955","MALE","BLACK"
"ROBERT SIMMONS","05/11/1959","MALE","WHITE"
"STEVEN SIMMONS","12/13/1976","MALE","WHITE"
"TREVOR SIMMONS","02/13/2001","MALE","WHITE"
"TYWON SIMMONS","12/15/1994","MALE","BLACK"
"WILLIAM SIMMONS","12/13/1971","MALE","WHITE"
"XAVIER SIMMONS","06/17/1999","MALE","BLACK"
"JOHNNY SIMMS","06/13/1959","MALE","BLACK"
"VINCENT SIMMS","12/30/1965","MALE","BLACK"
"WAYNE SIMMS","07/05/1980","MALE","BLACK"
"LEE SIMON","03/28/1963","MALE","WHITE"
"MARCUS SIMON","01/23/1992","MALE","BLACK"
"ROBERT SIMON","08/23/1963","MALE","BLACK"
"ANTHONY SIMONDS","06/29/1985","MALE","BLACK"
"RICHARD SIMONEAUX","01/19/1969","MALE","WHITE"
"JEREMY SIMPKINS","12/26/1989","MALE","BLACK"
"ANDREW SIMPSON","10/05/1983","MALE","WHITE"
"CURTAVIOUS SIMPSON","03/04/1992","MALE","BLACK"
"DENNIS SIMPSON","03/24/1964","MALE","WHITE"
"EDDIE SIMPSON","06/06/1967","MALE","BLACK"
"HENRY SIMPSON","01/29/1970","MALE","BLACK"
"J SIMPSON","02/06/1974","MALE","WHITE"
"JAMES SIMPSON","07/31/1955","MALE","BLACK"
"JESSE SIMPSON","12/24/1961","MALE","BLACK"
"JOE SIMPSON","04/22/1980","MALE","BLACK"
"JONATHAN SIMPSON","07/01/1997","MALE","WHITE"
"KEVIN SIMPSON","01/01/1984","MALE","BLACK"
"RICARDO SIMPSON","12/27/1989","MALE","BLACK"
"RICHARD SIMPSON","06/16/1980","MALE","WHITE"
"RICHARD SIMPSON","03/31/1979","MALE","BLACK"
"WILLIAM SIMPSON","02/24/1997","MALE","BLACK"
"AUBREE SIMS","12/24/1990","MALE","WHITE"
"BENJAMIN SIMS","05/20/1985","MALE","WHITE"
"BILLY SIMS","06/01/1961","MALE","BLACK"
"BRANDON SIMS","02/20/1986","MALE","BLACK"
"CHARLES SIMS","08/06/1973","MALE","BLACK"
"CLIFTON SIMS","11/06/1974","MALE","BLACK"
"COREY SIMS","07/11/1988","MALE","BLACK"
"CURTIS SIMS","09/09/1989","MALE","BLACK"
"EDWIN SIMS","08/05/1993","MALE","BLACK"
"FLOYD SIMS","11/17/1984","MALE","BLACK"
"GARY SIMS","03/21/1968","MALE","WHITE"
"IAN SIMS","07/14/1988","MALE","WHITE"
"JACKIE SIMS","08/05/1955","MALE","WHITE"
"JAMES SIMS","02/18/2000","MALE","BLACK"
"JEREMIAH SIMS","04/17/2002","MALE","BLACK"
"JERMAINE SIMS","01/18/1981","MALE","BLACK"
"JOE SIMS","03/05/1988","MALE","BLACK"
"JOHN SIMS","02/16/1978","MALE","WHITE"
"JOHNNY SIMS","06/12/1969","MALE","BLACK"
"JOHNNY SIMS","08/06/1990","MALE","BLACK"
"JOHNNY SIMS","07/27/1992","MALE","BLACK"
"JULIAN SIMS","02/10/1984","MALE","BLACK"
"JUSTIN SIMS","07/14/1988","MALE","BLACK"
"JUSTIN SIMS","08/11/1989","MALE","BLACK"
"KOREY SIMS","10/12/1981","MALE","BLACK"
"LATARKE SIMS","02/23/1980","MALE","BLACK"
"LONNIE SIMS","03/22/1987","MALE","BLACK"
"MARCUS SIMS","12/17/1982","MALE","BLACK"
"MICHAEL SIMS","11/29/1982","MALE","WHITE"
"PAMELA SIMS","02/10/1992","FEMALE","WHITE"
"PRESTON SIMS","04/25/1984","MALE","WHITE"
"REGINALD SIMS","10/11/1980","MALE","BLACK"
"RONALD SIMS","02/11/1961","MALE","WHITE"
"ROSEMARY SIMS","07/01/1966","FEMALE","BLACK"
"SHANNON SIMS","04/09/1977","MALE","WHITE"
"SINATRA SIMS","07/28/1963","MALE","BLACK"
"STEPHANO SIMS","06/08/1982","MALE","BLACK"
"VICTOR SIMS","07/30/1973","MALE","BLACK"
"EMMANUEL SINCLAIR","09/26/1984","MALE","BLACK"
"TIVEN SINGH","11/28/1993","MALE","BLACK"
"HOWARD SINGLETERRY","03/24/1954","MALE","WHITE"
"CHARLIE SINGLETON","10/24/1957","MALE","BLACK"
"DANIEL SINGLETON","01/16/1979","MALE","WHITE"
"GUY SINGLETON","08/08/1976","MALE","BLACK"
"JAVON SINGLETON","09/09/1991","MALE","BLACK"
"JOVARIUS SINGLETON","03/27/1997","MALE","BLACK"
"KEUNDRE SINGLETON","03/23/1995","MALE","BLACK"
"LARRY SINGLETON","10/30/1941","MALE","WHITE"
"REGINALD SINGLETON","11/22/1985","MALE","BLACK"
"SHAWN SINGLETON","10/05/1974","MALE","WHITE"
"AMIE SINGLEY","02/21/1980","FEMALE","WHITE"
"DAVID SINGLEY","11/30/1985","MALE","WHITE"
"AARON SIPES","07/07/1980","MALE","WHITE"
"TED SIPES","05/12/1967","MALE","WHITE"
"HERMAN SIPP","11/04/1972","MALE","BLACK"
"JOSEPH SIPP","10/30/1965","MALE","BLACK"
"QUINTUIN SIPP","08/15/1998","MALE","BLACK"
"JONATHAN SISCO","02/06/1999","MALE","WHITE"
"JOHN SISSON","05/08/1966","MALE","WHITE"
"JOSHUA SISTRUNK","04/21/1981","MALE","WHITE"
"JUSTIN SISTRUNK","08/12/1993","MALE","WHITE"
"CHRISTOPHER SIVLEY","01/27/1980","MALE","WHITE"
"JEFFREY SIX","07/25/1976","MALE","WHITE"
"CHRISTOPHER SOBRADO","03/09/1976","MALE","WHITE"
"MICHAEL SODEN","11/02/1981","MALE","WHITE"
"RANDY SOLOMAKOS","01/10/1992","MALE","WHITE"
"DANNY SOLOMON","04/29/1987","MALE","BLACK"
"THOMAS SOLOMON","02/09/1964","MALE","WHITE"
"CAMERON SONAK","09/03/1990","MALE","WHITE"
"JASPER SONES","09/28/1964","MALE","WHITE"
"KELLY SONES","06/17/1974","MALE","WHITE"
"TREVOR SONES","03/27/1992","MALE","WHITE"
"LESLIE SONNIER","10/25/1963","MALE","WHITE"
"JAMAL SORDEN","02/12/1993","MALE","BLACK"
"GREGORY SORRELL","11/24/1976","MALE","BLACK"
"TREMAYNE SORRELL","10/17/1976","MALE","BLACK"
"KENNETH SORRELLS","09/03/1978","MALE","WHITE"
"LAKYN SOTO","03/02/1999","FEMALE","WHITE"
"LUIS SOTO","03/07/1990","MALE","SPANISH"
"CEDRIC SOUTER","04/18/1981","MALE","BLACK"
"JAYLIN SOUTER","11/06/2001","MALE","BLACK"
"JAMARO SOUTH","05/17/1989","MALE","BLACK"
"DAVID SOUTHARD","02/19/1977","MALE","WHITE"
"JOSHUA SOUTHARD","11/27/1990","MALE","WHITE"
"MARLON SOUTHERN","12/01/1971","MALE","WHITE"
"WILLIAM SOUTHWARD","02/02/1965","MALE","BLACK"
"REBECCA SUAREZ","02/20/1973","FEMALE","WHITE"
"DILLON SUDDETH","05/10/1991","MALE","WHITE"
"DOYLE SUDDUTH","01/18/1956","MALE","BLACK"
"JAMES SUDDUTH","08/05/1983","MALE","BLACK"
"JESSIE SUDDUTH","07/14/1981","MALE","BLACK"
"CHRISTOPHER SUGGS","03/19/1981","MALE","BLACK"
"DEXTER SUGGS","04/17/1981","MALE","BLACK"
"ROBERT SUGGS","09/10/1968","MALE","BLACK"
"MICHA SUHL","02/14/1965","MALE","WHITE"
"SHANE SUIRE","03/06/1974","MALE","WHITE"
"ALFRED SULLIVAN","05/06/1974","MALE","BLACK"
"ANTHONY SULLIVAN","05/27/1975","MALE","BLACK"
"BRANDON SULLIVAN","11/22/1985","MALE","WHITE"
"BRAXTON SULLIVAN","07/10/1978","MALE","WHITE"
"DANIEL SULLIVAN","07/29/1987","MALE","WHITE"
"DAVONTIA SULLIVAN","12/16/1993","MALE","BLACK"
"DRESHAWN SULLIVAN","01/20/1995","MALE","BLACK"
"EDWARD SULLIVAN","10/23/1959","MALE","WHITE"
"GENE SULLIVAN","12/06/1959","MALE","WHITE"
"JAMES SULLIVAN","10/28/1957","MALE","WHITE"
"JASPER SULLIVAN","01/27/1986","MALE","WHITE"
"JENNA SULLIVAN","03/29/1990","FEMALE","WHITE"
"JOSHUA SULLIVAN","09/17/1973","MALE","WHITE"
"LEE SULLIVAN","01/05/1988","MALE","WHITE"
"MICHAEL SULLIVAN","01/31/1993","MALE","WHITE"
"THOMAS SULLIVAN","10/29/1977","MALE","WHITE"
"TONY SULLIVAN","05/27/1968","MALE","BLACK"
"TRAVIS SULLIVAN","09/18/1961","MALE","WHITE"
"TREVOR SULLIVAN","06/24/1994","MALE","WHITE"
"VERNON SULLIVAN","01/17/1987","MALE","WHITE"
"JOHN SUMLAR","02/12/1951","MALE","BLACK"
"EDWARD SUMLER","08/16/1975","MALE","BLACK"
"LERAYSHEITA SUMLIN","10/25/1993","MALE","BLACK"
"DAVID SUMMERAL","04/14/1981","MALE","BLACK"
"DEREK SUMMERALL","12/26/1981","MALE","BLACK"
"CHRISTOPHER SUMMERLIN","05/25/1981","MALE","WHITE"
"JAMES SUMMERLIN","06/24/1984","MALE","WHITE"
"LACRITIA SUMMERLIN","02/28/1980","FEMALE","WHITE"
"DION SUMMERS","05/13/1968","MALE","BLACK"
"MELVIN SUMMERS","05/14/1979","MALE","BLACK"
"ANTHONY SUMMERVILLE","05/27/1975","MALE","BLACK"
"TREMEL SUMMERVILLE","10/11/1986","MALE","BLACK"
"BOBBY SUMNER","11/27/1963","MALE","WHITE"
"ROBERT SUMNER","01/01/1987","MALE","WHITE"
"ALEX SUMRALL","10/19/1951","MALE","WHITE"
"CORREY SUMRALL","07/08/1972","MALE","BLACK"
"MICHAEL SUMRALL","12/17/1991","MALE","BLACK"
"NATHAN SUMRALL","10/01/1985","MALE","WHITE"
"TABIAS SUMRALL","01/24/1991","MALE","BLACK"
"ANTHONY SUMRELL","08/03/1963","MALE","BLACK"
"KADETRIX SUMRELL","06/18/1992","MALE","BLACK"
"MARK SUMRELL","11/26/1969","MALE","BLACK"
"CIERRIAL SUNKINS","09/27/1989","FEMALE","BLACK"
"TOBY SURRENA","04/03/1985","MALE","WHITE"
"STEPHEN SUTHERLAND","03/15/1953","MALE","WHITE"
"JEREMY SUTTERS","02/19/1992","MALE","BLACK"
"BRANDON SUTTON","03/01/1977","MALE","WHITE"
"DAJOUR SUTTON","12/16/1996","FEMALE","BLACK"
"DENNIS SUTTON","12/12/1981","MALE","BLACK"
"JEFFERY SUTTON","01/21/1982","MALE","BLACK"
"LARICO SUTTON","07/28/1992","MALE","BLACK"
"MICHAEL SUTTON","10/01/1981","MALE","WHITE"
"NAKIEA SUTTON","11/27/1974","MALE","BLACK"
"SAMUEL SUTTON","08/24/1998","MALE","BLACK"
"UNDRA SUTTON","09/30/1981","MALE","BLACK"
