"JOSHUA SCAFIDE","07/31/1992","MALE","WHITE"
"DENNIS SCALES","06/23/1978","MALE","BLACK"
"ISSAC SCALES","08/19/1966","MALE","BLACK"
"RICKEY SCALES","04/05/1982","MALE","BLACK"
"TAVORIS SCALES","05/31/1977","MALE","BLACK"
"THADDEUS SCALES","02/13/1976","MALE","BLACK"
"MICHAEL SCALLIONS","12/28/1959","MALE","WHITE"
"NOEL SCANLON","03/21/1980","MALE","WHITE"
"GARY SCARBOROUGH","11/06/1984","MALE","WHITE"
"ZACHARY SCARBOROUGH","10/24/1976","MALE","WHITE"
"J'DARIUS SCARBROUGH","06/01/1996","MALE","BLACK"
"JOHN SCARBROUGH","04/09/1991","MALE","BLACK"
"MARY SCARBROUGH","03/31/1984","FEMALE","BLACK"
"OWEN SCARBROUGH","06/28/1954","MALE","BLACK"
"KEVIN SCHAAL","08/11/1956","MALE","WHITE"
"GEORGE SCHAEFER","09/18/1978","MALE","WHITE"
"LAPATRICK SCHAFER","08/03/1994","MALE","BLACK"
"THEOPELIS SCHAFFER","10/25/1951","MALE","BLACK"
"NICHOLAS SCHILLING","05/01/1991","MALE","WHITE"
"BRANDON SCHIRO","11/17/1990","MALE","WHITE"
"JUSTIN SCHLEGEL","06/02/1981","MALE","WHITE"
"KIANNA SCHLENDER","11/26/1983","FEMALE","BLACK"
"ROBERT SCHMICKEL","03/22/1973","MALE","WHITE"
"JOSEPH SCHMIDT","09/05/1991","MALE","WHITE"
"KERRY SCHMIDT","11/18/1984","MALE","WHITE"
"LORI SCHMIDT","06/09/1971","FEMALE","WHITE"
"MICHELLE SCHMIDT","10/03/1985","FEMALE","WHITE"
"JEFFERY SCHMITZ","02/06/2000","MALE","WHITE"
"JOSEF SCHNABL","12/08/1978","MALE","WHITE"
"BILLIE SCHNEIDER","12/12/1963","FEMALE","WHITE"
"RAYMOND SCHNEIDER","04/05/1993","MALE","WHITE"
"ERIC SCHOON","03/15/1965","MALE","WHITE"
"JOHNNY SCHRIMPSHIRE","09/07/1949","MALE","WHITE"
"CHRISTINE SCHROEDER","07/24/1961","FEMALE","WHITE"
"FREDERICK SCHUCK","10/29/1946","MALE","WHITE"
"PRESTIN SCHUELLER","04/11/1998","MALE","WHITE"
"JASON SCHULTE","06/09/1981","MALE","WHITE"
"JAMES SCHULTZ","04/11/1980","MALE","WHITE"
"RICHARD SCHULTZ","05/16/1982","MALE","WHITE"
"JUSTIN SCHURR","03/03/1978","MALE","WHITE"
"DEVIN SCHWARTZ","01/04/1999","MALE","WHITE"
"DONALD SCHWARTZ","04/24/1991","MALE","WHITE"
"TERRANCE SCHWARTZ","03/19/1959","MALE","WHITE"
"WINSTON SCHWEND","04/08/1984","MALE","WHITE"
"AMBER SCOGGINS","09/22/1987","FEMALE","WHITE"
"ALFRED SCOTT","11/24/1981","MALE","BLACK"
"ANDREW SCOTT","11/18/1977","MALE","BLACK"
"ANNETTE SCOTT","09/26/1966","FEMALE","BLACK"
"ANTONIO SCOTT","08/05/1984","MALE","BLACK"
"AUNDRA SCOTT","12/29/1982","MALE","BLACK"
"BENJAMIN SCOTT","09/18/1996","MALE","WHITE"
"BOBBY SCOTT","05/16/1955","MALE","WHITE"
"BRANDON SCOTT","09/06/1990","MALE","WHITE"
"CARLOS SCOTT","07/14/1979","MALE","BLACK"
"CHARLES SCOTT","03/08/1983","MALE","WHITE"
"CHRISTOPHER SCOTT","07/27/1996","MALE","WHITE"
"CLIFTON SCOTT","09/16/1992","MALE","WHITE"
"DONNY SCOTT","12/13/1976","MALE","BLACK"
"FERRY SCOTT","11/12/1971","MALE","BLACK"
"FREDERICK SCOTT","06/03/1975","MALE","BLACK"
"FREDRICK SCOTT","10/06/1958","MALE","BLACK"
"H.D. SCOTT","07/05/1981","MALE","BLACK"
"JAMES SCOTT","12/12/1970","MALE","WHITE"
"JAMES SCOTT","01/27/1989","MALE","BLACK"
"JAMES SCOTT","08/05/1967","MALE","BLACK"
"JAMES SCOTT","02/03/1974","MALE","BLACK"
"JAMES SCOTT","10/15/1995","MALE","WHITE"
"JANICHOLAS SCOTT","05/01/1981","MALE","BLACK"
"JOHN SCOTT","01/14/1970","MALE","WHITE"
"JOHNIE SCOTT","05/09/1945","MALE","BLACK"
"KALE SCOTT","12/14/1994","MALE","BLACK"
"KENDRICK SCOTT","09/04/1983","MALE","BLACK"
"KEVIN SCOTT","11/09/1977","MALE","BLACK"
"KEVIN SCOTT","10/09/1982","MALE","BLACK"
"KIMBERLY SCOTT","03/05/1968","FEMALE","WHITE"
"LADERRICK SCOTT","06/09/1994","MALE","BLACK"
"LAQUINTAS SCOTT","06/27/1989","MALE","BLACK"
"LARRY SCOTT","02/08/1974","MALE","BLACK"
"LEE SCOTT","07/03/1991","MALE","WHITE"
"LEROY SCOTT","10/05/1964","MALE","BLACK"
"LOUIS SCOTT","12/29/1972","MALE","WHITE"
"MARCUS SCOTT","12/02/1977","MALE","BLACK"
"NICHOLAS SCOTT","03/16/1989","MALE","BLACK"
"ODELL SCOTT","09/09/1983","MALE","BLACK"
"QUINN SCOTT","02/16/1954","MALE","BLACK"
"REGINALD SCOTT","05/30/1997","MALE","BLACK"
"ROYAL SCOTT","12/13/1970","MALE","WHITE"
"THOMAS SCOTT","01/27/1963","MALE","BLACK"
"TIMOTHY SCOTT","02/23/1968","MALE","WHITE"
"TIMOTHY SCOTT","10/02/1981","MALE","WHITE"
"WENDELL SCOTT","05/16/1960","MALE","BLACK"
"WILLIAM SCOTT","10/30/1976","MALE","BLACK"
"TIMOTHY SCRIBNER","05/13/1979","MALE","WHITE"
"CHARLES SCRIMPSHIRE","06/18/1960","MALE","WHITE"
"CHRISTOPHER SCRIMPSHIRE","05/09/1997","MALE","WHITE"
"ROBERT SCRIVNER","12/13/1979","MALE","WHITE"
"BARNEY SCROGGINS","10/03/1970","MALE","WHITE"
"BRIAN SCROGGINS","08/20/1986","MALE","WHITE"
"BILLY SCRUGGS","12/18/1988","MALE","BLACK"
"CYNGELA SCRUGGS","02/08/1982","FEMALE","WHITE"
"HAROLD SCRUGGS","10/12/1981","MALE","WHITE"
"ROBERT SCRUGGS","12/17/1948","MALE","BLACK"
"TADERRIUS SCRUGGS","06/04/1993","MALE","BLACK"
"THOMAS SCRUGGS","06/14/1966","MALE","WHITE"
"FREDERICK SCURLOCK","10/31/1971","MALE","BLACK"
"DINARSHA SHACK","12/27/1982","FEMALE","BLACK"
"JEFFERY SHACK","03/29/1977","MALE","BLACK"
"ANTHONY SHADE","08/08/1983","MALE","BLACK"
"CHRISTOPHER SHADWICK","07/28/1987","MALE","BLACK"
"JEREMY SHAFFER","09/12/1977","MALE","BLACK"
"JUSTIN SHAFFER","03/29/1964","MALE","WHITE"
"HAMIN SHAHEED","03/02/1990","MALE","BLACK"
"CHARLENE SHAMBLIN","03/05/1987","FEMALE","BLACK"
"RICHARD SHAMBLIN","04/13/1977","MALE","WHITE"
"ANDREW SHANEYFELT","07/16/1986","MALE","SPANISH"
"DEAIRIS SHANKLIN","07/15/1989","MALE","BLACK"
"JEREMY SHANKLIN","01/29/1992","MALE","BLACK"
"COREY SHANKS","01/28/1988","MALE","WHITE"
"JOHN SHANKS","04/03/1963","MALE","BLACK"
"TRAVIS SHANKS","08/25/1980","MALE","BLACK"
"TRAVIS SHANKS","05/12/1981","MALE","BLACK"
"AGEAN SHANNON","07/12/1973","MALE","BLACK"
"ARMOND SHANNON","07/29/1969","MALE","BLACK"
"BRIDGES SHANNON","01/08/1972","MALE","BLACK"
"BRUCE SHANNON","04/29/1978","MALE","BLACK"
"DOMINIQUE SHANNON","07/14/1990","MALE","BLACK"
"JAYDEN SHANNON","03/12/2001","MALE","BLACK"
"KADARIUS SHANNON","08/31/1999","MALE","BLACK"
"MACARTHUR SHANNON","04/11/1957","MALE","BLACK"
"MICHAEL SHANNON","01/26/1982","MALE","WHITE"
"TERRENCE SHANNON","08/25/1964","MALE","BLACK"
"TOMMIE SHANNON","08/30/1964","MALE","BLACK"
"SARAH SHAPIRO","08/08/1983","FEMALE","WHITE"
"TODD SHARAK","02/24/1971","MALE","WHITE"
"ABDUL SHARIFF","08/13/1971","MALE","BLACK"
"DANNIE SHARKEY","02/28/1966","MALE","BLACK"
"ERIC SHARKEY","05/16/1971","MALE","BLACK"
"CHAD SHARP","08/04/1982","MALE","BLACK"
"DWAYNE SHARP","07/02/1972","MALE","BLACK"
"FRANKLIN SHARP","08/30/1980","MALE","BLACK"
"JAMES SHARP","09/20/1961","MALE","BLACK"
"JAMES SHARP","06/12/1993","MALE","WHITE"
"JESSICA SHARP","09/03/1981","FEMALE","WHITE"
"JORDAN SHARP","06/11/1989","MALE","WHITE"
"RODNEY SHARP","10/17/1966","MALE","WHITE"
"WILLIAM SHARP","08/17/1969","MALE","BLACK"
"EDWARD SHARPE","09/04/1991","MALE","BLACK"
"PAUL SHATTUCK","08/11/1957","MALE","WHITE"
"THOMAS SHAVER","03/22/1967","MALE","WHITE"
"KIRBY SHAVERS","09/01/1958","MALE","BLACK"
"CHRISTINA SHAW","05/22/1985","FEMALE","BLACK"
"CHRISTOPHER SHAW","09/27/1985","MALE","WHITE"
"DELSHAWN SHAW","09/12/1975","MALE","BLACK"
"DONNELL SHAW","04/13/1997","MALE","BLACK"
"HOWARD SHAW","11/13/1948","MALE","BLACK"
"JOE SHAW","04/04/1981","MALE","WHITE"
"JUSTIN SHAW","07/12/1986","MALE","WHITE"
"MARQUVIS SHAW","11/27/1995","MALE","BLACK"
"OCTRAVIOUS SHAW","07/31/1990","MALE","BLACK"
"ODARIUS SHAW","01/08/1992","MALE","BLACK"
"THOMAS SHAW","03/18/1994","MALE","WHITE"
"WILLIAM SHAW","12/10/1983","MALE","BLACK"
"WILLIE SHAW","11/14/1998","MALE","BLACK"
"XAVIER SHAW","02/19/1992","MALE","BLACK"
"LORENZO SHEAD","04/28/1995","MALE","BLACK"
"DARREN SHEARD","03/21/1998","MALE","BLACK"
"JERRY SHEARER","01/05/1955","MALE","WHITE"
"JEREMY SHEARON","05/03/1972","MALE","WHITE"
"LEON SHED","02/11/1971","MALE","BLACK"
"ALLEN SHEELY","12/05/1962","MALE","WHITE"
"JAMES SHEELY","10/14/1961","MALE","WHITE"
"CHRISTOPHER SHELBY","02/10/1991","MALE","WHITE"
"JOSHUA SHELBY","10/20/1980","MALE","BLACK"
"JOSHWELL SHELBY","12/14/1992","MALE","BLACK"
"MARCUS SHELBY","11/05/1983","MALE","BLACK"
"MATTHEW SHELBY","09/12/1984","MALE","BLACK"
"MONTRAVIES SHELBY","02/20/1978","MALE","BLACK"
"TASHA SHELBY","03/08/1975","FEMALE","WHITE"
"CHRIS SHELL","02/12/1987","MALE","BLACK"
"CHRISTOPHER SHELL","06/11/1996","MALE","WHITE"
"ROBERT SHELL","10/30/1964","MALE","BLACK"
"JEFFERY SHELLEY","10/11/1976","MALE","BLACK"
"BILLDEVON SHELTON","03/22/1996","MALE","BLACK"
"BRANDON SHELTON","09/26/1992","MALE","WHITE"
"CHRISTIAN SHELTON","07/06/1989","MALE","BLACK"
"DANIEL SHELTON","04/23/1978","MALE","BLACK"
"DEANGELOA SHELTON","03/24/1989","MALE","BLACK"
"GREGORY SHELTON","12/22/1983","MALE","BLACK"
"JAMAL SHELTON","12/29/1994","MALE","BLACK"
"JARVIS SHELTON","03/23/1960","MALE","BLACK"
"JESSE SHELTON","10/09/1970","MALE","WHITE"
"MICHAEL SHELTON","06/27/1989","MALE","WHITE"
"QUINTESSA SHELTON","04/16/1998","FEMALE","BLACK"
"ROBERT SHELTON","11/18/1979","MALE","BLACK"
"SHADDARINE SHELTON","04/21/1993","MALE","BLACK"
"TAMESHIA SHELTON","06/29/1978","FEMALE","BLACK"
"THOMAS SHELTON","10/05/1993","MALE","BLACK"
"WILLIAM SHELTON","02/22/1969","MALE","BLACK"
"DONTE SHEPARD","07/01/1994","MALE","BLACK"
"JALON SHEPARD","03/22/2001","MALE","BLACK"
"L.C. SHEPARD","03/25/1984","MALE","BLACK"
"RICKY SHEPARD","02/07/1992","MALE","WHITE"
"WILBER SHEPARD","09/12/1973","MALE","WHITE"
"CHARLES SHEPHARD","10/23/1977","MALE","BLACK"
"ADAM SHEPHEARD","05/07/1973","MALE","WHITE"
"CHARLES SHEPHERD","10/25/1977","MALE","BLACK"
"COREY SHEPPARD","07/28/1992","MALE","BLACK"
"DAVID SHEPPARD","06/25/1991","MALE","WHITE"
"EUGENE SHEPPARD","09/12/1970","MALE","BLACK"
"JENNIFER SHEPPARD","08/23/1992","FEMALE","WHITE"
"DAVID SHEPPERD","01/20/1978","MALE","WHITE"
"JOSEPH SHERIDAN","12/29/1977","MALE","WHITE"
"CHRISTOPHER SHERIFF","11/18/1986","MALE","BLACK"
"LOVELL SHERIFF","10/29/1991","MALE","BLACK"
"JOHN SHERMAN","02/01/1960","MALE","BLACK"
"JUSTIN SHERRELL","08/06/1987","MALE","WHITE"
"THOMAS SHERRELL","06/27/1953","MALE","WHITE"
"RICKY SHERROD","08/04/1992","MALE","BLACK"
"SHEILA SHERROD","01/17/1964","FEMALE","BLACK"
"XAVIER SHERRON","09/09/1972","MALE","BLACK"
"RICHARD SHERWOOD","09/03/1986","MALE","WHITE"
"CHERRY SHIELDS","06/04/1974","FEMALE","BLACK"
"CHRISTOPHER SHIELDS","11/26/1971","MALE","BLACK"
"CLONELLE SHIELDS","01/09/1981","MALE","BLACK"
"DELORIAN SHIELDS","05/29/1991","MALE","BLACK"
"DESEAN SHIELDS","02/24/1996","MALE","BLACK"
"DESMOND SHIELDS","05/12/1984","MALE","BLACK"
"DESRON SHIELDS","01/24/1999","MALE","BLACK"
"JARRED SHIELDS","10/16/1980","MALE","WHITE"
"MARY SHIELDS","04/09/1966","FEMALE","BLACK"
"NICHOLAS SHIELDS","08/21/1992","MALE","BLACK"
"TIMMIE SHIELDS","05/28/1973","MALE","BLACK"
"WILLIS SHIELDS","05/03/1989","MALE","BLACK"
"GUY SHIFLETT","04/01/1976","MALE","WHITE"
"ADRIAN SHINAULT","04/19/1979","MALE","BLACK"
"DARYL SHINN","10/10/1991","MALE","BLACK"
"RONALD SHINSTOCK","03/04/1974","MALE","WHITE"
"ALPACHINO SHIPP","07/18/1982","MALE","BLACK"
"CORRY SHIPP","07/17/1979","MALE","BLACK"
"FRANKLIN SHIPP","11/08/1959","MALE","WHITE"
"GREGORY SHIPP","02/23/1971","MALE","BLACK"
"MARVELLIUS SHIPP","04/25/1994","MALE","BLACK"
"PHILLIP SHIPPEE","03/01/1993","MALE","WHITE"
"CHRISTOPHER SHIRLEY","06/04/1993","MALE","WHITE"
"TROY SHIRLEY","08/18/1966","MALE","WHITE"
"RICHARD SHOCKLEY","02/22/1980","MALE","BLACK"
"CHARLES SHOEMAKE","02/08/1994","MALE","WHITE"
"CHARLES SHOEMAKE","05/10/1982","MALE","WHITE"
"CHRISTOPHER SHOEMAKE","08/05/1976","MALE","WHITE"
"DANNY SHOEMAKE","10/11/1970","MALE","WHITE"
"DEMANUEL SHOEMAKE","10/25/1990","MALE","AMERICAN"
"DUSTIN SHOEMAKE","10/30/1989","MALE","WHITE"
"MANUEL SHOEMAKE","10/25/1990","MALE","AMERICAN"
"BILLY SHOEMAKER","08/19/1960","MALE","WHITE"
"CHRISTOPHER SHOEMAKER","02/28/1989","MALE","WHITE"
"JEFFERSON SHOEMAKER","09/14/1980","MALE","WHITE"
"RICKY SHOEMAKER","07/02/1979","MALE","WHITE"
"RICKY SHOEMAKER","12/15/1964","MALE","WHITE"
"THOMAS SHOEMAKER","07/03/1986","MALE","WHITE"
"CHARLES SHOEMATE","01/13/1978","MALE","BLACK"
"DAVID SHOMAKER","04/04/1974","MALE","WHITE"
"HERMAN SHOOK","04/30/1975","MALE","WHITE"
"JACK SHORT","02/19/1962","MALE","WHITE"
"JARVIS SHORT","11/03/1963","MALE","BLACK"
"KEVEONTA SHORT","02/20/1994","MALE","BLACK"
"KONRAD SHORT","01/20/1979","MALE","WHITE"
"LARRY SHORT","08/18/1965","MALE","BLACK"
"MARTARVIOUS SHORT","05/18/1997","MALE","BLACK"
"MELVIN SHORT","01/22/1978","MALE","BLACK"
"MOTERRIO SHORT","10/24/1993","MALE","BLACK"
"RAY SHORT","11/03/1977","MALE","BLACK"
"CHARLES SHORTER","05/09/1970","MALE","BLACK"
"DONALD SHORTER","01/12/1990","MALE","BLACK"
"JESSICA SHORTER","10/29/1981","FEMALE","WHITE"
"JOHNNY SHORTER","03/17/1957","MALE","WHITE"
"MALCOLM SHORTER","04/03/1977","MALE","BLACK"
"JESSICA SHORTNACY","10/22/1988","FEMALE","WHITE"
"COREY SHORTNANCY","10/02/1982","MALE","WHITE"
"TONY SHORTS","07/28/1990","MALE","BLACK"
"EARNEST SHOTO","07/07/1958","MALE","BLACK"
"MICHAEL SHOTWELL","11/01/1961","MALE","BLACK"
"WILLIE SHOULDERS","03/29/1979","MALE","BLACK"
"CHRISTIAN SHOWS","12/16/1993","MALE","WHITE"
"JONATHAN SHOWS","09/19/1985","MALE","WHITE"
"JOSEPH SHOWS","09/21/1987","MALE","WHITE"
"MELINDA SHOWS","10/24/1975","FEMALE","WHITE"
"RAYMOND SHOWS","12/09/1958","MALE","WHITE"
"TONY SHOWS","02/02/1963","MALE","WHITE"
"DOSS SHROPSHIRE","10/20/1969","MALE","WHITE"
"ASHLEY SHUFFLER","03/14/1990","FEMALE","WHITE"
"ANTHONY SHULER","02/20/1986","MALE","WHITE"
"CLIFTON SHUMAKER","02/25/1987","MALE","WHITE"
"PHILLIP SHUMAKER","02/08/1981","MALE","BLACK"
"DONALD SHUMPERT","03/05/1983","MALE","BLACK"
"GARY SHUMPERT","06/28/1989","MALE","BLACK"
"GENARRO SHUMPERT","01/05/1976","MALE","BLACK"
"JOSEPH SHUMPERT","05/19/1994","MALE","BLACK"
"HENRY SHY","09/23/1984","MALE","BLACK"
"CHARLES SKAGGS","01/21/1970","MALE","WHITE"
"BRYAN SKINNER","02/19/1967","MALE","WHITE"
"GEOFFREY SKINNER","03/09/1996","MALE","BLACK"
"JACK SKINNER","11/17/1990","MALE","WHITE"
"JAMES SKINNER","01/12/1979","MALE","WHITE"
"JASON SKINNER","10/14/1991","MALE","WHITE"
"KEYNU SKINNER","07/02/1998","MALE","BLACK"
"RONALD SKINNER","01/15/1986","MALE","WHITE"
"VERNON SKINNER","05/30/1980","MALE","BLACK"
"ALVIN SKIPPER","10/11/1964","MALE","BLACK"
"ERNEST SKIPPER","10/28/1970","MALE","WHITE"
"GEORGE SKIPWORTH","11/01/1972","MALE","WHITE"
