"JEROME SLACK","05/01/1982","MALE","BLACK"
"RANDI SLADE","11/22/1974","FEMALE","WHITE"
"BRANDON SLATE","08/27/1997","MALE","BLACK"
"CHRISTOPHER SLATER","02/01/1977","MALE","BLACK"
"ELIZABETH SLATER","01/20/1961","FEMALE","BLACK"
"ROBERT SLATER","10/19/1985","MALE","BLACK"
"TERRY SLATER","01/09/1959","MALE","BLACK"
"BOYCE SLAUGHTER","08/07/1989","MALE","BLACK"
"JODON SLAUGHTER","07/09/1966","MALE","BLACK"
"JEREMY SLAVEN","02/14/1986","MALE","WHITE"
"JEREMY SLAWSON","04/22/1986","MALE","WHITE"
"SHAUN SLAY","02/06/1980","MALE","WHITE"
"VICTORIA SLAYTON","12/19/1994","FEMALE","WHITE"
"COUNLIEUS SLEDGE","04/25/2000","MALE","BLACK"
"LEANDER SLEDGE","02/26/1972","MALE","WHITE"
"NICHOLAS SLEDGE","03/01/1991","MALE","BLACK"
"ELDON SLOAN","01/27/1976","MALE","BLACK"
"JAMES SLOAN","11/10/1982","MALE","BLACK"
"JEREMY SLOAN","12/15/1983","MALE","WHITE"
"JOHN SLOAN","11/26/1980","MALE","WHITE"
"DANIEL SLOCUM","09/22/1974","MALE","WHITE"
"JAMES SLOCUM","06/25/1990","MALE","BLACK"
"JYMIER SLOCUM","04/04/1996","MALE","BLACK"
"ALLISON SLONAKER","02/28/1973","FEMALE","WHITE"
"CARL SLOTHOWER","03/15/1972","MALE","BLACK"
"MICHAEL SLUDER","12/08/1972","MALE","WHITE"
"HARRY SLY","06/15/1984","MALE","BLACK"
"DALLON SMALL","01/07/1939","MALE","WHITE"
"DEDRICK SMALL","10/13/1999","MALE","BLACK"
"DEWAYNE SMALL","08/21/1966","MALE","BLACK"
"FREDERICK SMALL","04/26/1975","MALE","BLACK"
"JOSHUA SMALL","07/07/1973","MALE","BLACK"
"JAMICO SMALLEY","02/03/2002","MALE","BLACK"
"TIMYATA SMALLEY","06/19/1977","MALE","BLACK"
"LAVON SMALLWOOD","11/19/1981","MALE","BLACK"
"MICHAEL SMART","11/21/1978","MALE","WHITE"
"RICHARD SMART","11/29/1966","MALE","WHITE"
"BRAD SMILEY","05/26/1968","MALE","WHITE"
"DERRICK SMILEY","12/09/1978","MALE","BLACK"
"KENDREONTA SMILEY","08/14/1992","MALE","BLACK"
"ONTARIO SMILEY","05/14/1987","MALE","BLACK"
"TONY SMILEY","12/25/1987","MALE","BLACK"
"AARON SMITH","10/18/1962","MALE","BLACK"
"ADAM SMITH","04/01/1975","MALE","BLACK"
"ADAM SMITH","09/05/1980","MALE","WHITE"
"ADAM SMITH","05/27/1987","MALE","WHITE"
"ALBERT SMITH","08/05/1974","MALE","BLACK"
"ALBERT SMITH","08/21/1970","MALE","BLACK"
"ALBERT SMITH","02/24/1951","MALE","BLACK"
"ALFRED SMITH","02/21/1966","MALE","WHITE"
"ALLEN SMITH","04/28/1963","MALE","BLACK"
"ANANIAS SMITH","09/23/1976","MALE","BLACK"
"ANDERSON SMITH","07/31/1960","MALE","BLACK"
"ANDRE SMITH","05/20/1979","MALE","BLACK"
"ANDREW SMITH","09/27/1981","MALE","BLACK"
"ANDREW SMITH","08/10/1986","MALE","WHITE"
"ANTHONY SMITH","03/03/1988","MALE","WHITE"
"ANTHONY SMITH","03/13/1980","MALE","WHITE"
"ANTHONY SMITH","11/05/1979","MALE","BLACK"
"ANTHONY SMITH","05/06/1983","MALE","BLACK"
"ANTON SMITH","11/22/1987","MALE","BLACK"
"ARRON SMITH","05/13/1978","MALE","WHITE"
"ARTHUR SMITH","05/08/1963","MALE","WHITE"
"ARTHUR SMITH","12/25/1968","MALE","BLACK"
"ASHLEY SMITH","08/31/1992","FEMALE","BLACK"
"AUSTIN SMITH","01/13/1968","MALE","BLACK"
"AYONDA SMITH","08/15/1980","FEMALE","BLACK"
"BARBARA SMITH","09/29/1971","FEMALE","BLACK"
"BELMON SMITH","11/05/1991","MALE","BLACK"
"BERNARD SMITH","10/18/1992","MALE","BLACK"
"BIBBLEY SMITH","11/23/1985","MALE","BLACK"
"BOBBY SMITH","09/13/1971","MALE","BLACK"
"BOBBY SMITH","11/14/1969","MALE","BLACK"
"BOBBY SMITH","01/10/1958","MALE","BLACK"
"BOBBY SMITH","09/29/1989","MALE","WHITE"
"BRANDON SMITH","01/27/1985","MALE","BLACK"
"BRANDON SMITH","08/30/1980","MALE","WHITE"
"BRANDON SMITH","02/25/1983","MALE","WHITE"
"BRANDON SMITH","09/26/1989","MALE","WHITE"
"BRANDY SMITH","12/13/1984","MALE","BLACK"
"BRITTEN SMITH","11/03/1985","MALE","BLACK"
"BRYAN SMITH","07/20/1953","MALE","WHITE"
"BRYCE SMITH","03/22/2001","MALE","WHITE"
"BURNELL SMITH","09/20/1992","MALE","BLACK"
"BYRON SMITH","04/23/1976","MALE","BLACK"
"CALVIN SMITH","05/13/1970","MALE","BLACK"
"CAREY SMITH","11/01/1976","MALE","WHITE"
"CARL SMITH","09/07/1954","MALE","WHITE"
"CARL SMITH","08/26/1969","MALE","BLACK"
"CARL SMITH","05/03/1985","MALE","WHITE"
"CARL SMITH","09/16/1971","MALE","WHITE"
"CARLOS SMITH","04/02/1960","MALE","WHITE"
"CARLOS SMITH","02/12/1985","MALE","BLACK"
"CHANCE SMITH","07/26/1993","MALE","BLACK"
"CHARLES SMITH","09/05/1995","MALE","BLACK"
"CHARLES SMITH","03/23/1983","MALE","BLACK"
"CHARLES SMITH","01/01/1978","MALE","WHITE"
"CHARLES SMITH","07/20/1970","MALE","BLACK"
"CHARLIE SMITH","07/12/1978","MALE","BLACK"
"CHARLIE SMITH","02/09/1977","FEMALE","WHITE"
"CHARLIE SMITH","07/01/1971","MALE","BLACK"
"CHARLONTAE SMITH","01/12/1999","MALE","BLACK"
"CHAUNCEY SMITH","08/01/1977","MALE","BLACK"
"CHESTER SMITH","05/19/1989","MALE","BLACK"
"CHESTER SMITH","02/21/1979","MALE","BLACK"
"CHEYTERIAN SMITH","06/29/1992","MALE","BLACK"
"CHRISTOPHER SMITH","11/16/1996","MALE","BLACK"
"CHRISTOPHER SMITH","08/24/1993","MALE","WHITE"
"CHRISTOPHER SMITH","02/09/1984","MALE","BLACK"
"CHRISTOPHER SMITH","07/16/1979","MALE","BLACK"
"CHRISTOPHER SMITH","09/17/1969","MALE","BLACK"
"CHRISTOPHER SMITH","12/06/1972","MALE","BLACK"
"CHRISTOPHER SMITH","02/05/1971","MALE","BLACK"
"CHRISTOPHER SMITH","10/12/1980","MALE","WHITE"
"CHRISTOPHER SMITH","12/26/1981","MALE","WHITE"
"CHRISTOPHER SMITH","08/17/1975","MALE","BLACK"
"CLARICE SMITH","12/05/1980","FEMALE","BLACK"
"CLYDE SMITH","11/28/1969","MALE","BLACK"
"CLYZELL SMITH","05/18/1988","MALE","BLACK"
"CORDERIAL SMITH","06/02/1987","MALE","BLACK"
"COREY SMITH","04/04/1977","MALE","BLACK"
"CORY SMITH","08/26/1978","MALE","BLACK"
"CURTIS SMITH","06/30/1983","MALE","BLACK"
"DAINESHA SMITH","06/10/1991","FEMALE","BLACK"
"DALLAS SMITH","07/22/1997","MALE","WHITE"
"DALTON SMITH","07/11/1998","MALE","WHITE"
"DANIEL SMITH","03/03/1990","MALE","WHITE"
"DANNY SMITH","01/17/1962","MALE","BLACK"
"DARIUS SMITH","04/03/1991","MALE","BLACK"
"DARRYL SMITH","09/02/1991","MALE","BLACK"
"DAVID SMITH","03/11/1961","MALE","BLACK"
"DAVID SMITH","07/05/1971","MALE","WHITE"
"DAVID SMITH","09/25/1962","MALE","BLACK"
"DEAUNDRE SMITH","02/05/1992","MALE","BLACK"
"DEAUNTA SMITH","07/21/1985","MALE","BLACK"
"DEBERREA SMITH","05/03/1994","MALE","BLACK"
"DEMARIUS SMITH","06/10/1997","MALE","BLACK"
"DEMETRIUS SMITH","10/15/1977","MALE","BLACK"
"DENNIS SMITH","11/15/1964","MALE","BLACK"
"DENNIS SMITH","12/03/1998","MALE","BLACK"
"DENZEL SMITH","07/22/1994","MALE","BLACK"
"DERRICK SMITH","01/20/1988","MALE","BLACK"
"DERRICK SMITH","07/02/1984","MALE","BLACK"
"DEVARIA SMITH","08/04/1974","MALE","BLACK"
"DEVONTE SMITH","04/09/2000","MALE","BLACK"
"DEWAYNE SMITH","07/09/2000","MALE","BLACK"
"DEXTER SMITH","10/10/1986","MALE","BLACK"
"DEXTER SMITH","11/24/1988","MALE","BLACK"
"DONALD SMITH","07/02/1969","MALE","WHITE"
"DONALD SMITH","07/16/1948","MALE","BLACK"
"DONOVAN SMITH","10/04/1986","MALE","BLACK"
"DONSHA SMITH","05/18/1978","MALE","BLACK"
"DONTRAL SMITH","05/15/1976","MALE","BLACK"
"DONTRAYE SMITH","04/22/1995","MALE","BLACK"
"DORIS SMITH","07/03/1987","FEMALE","BLACK"
"DOUGLAS SMITH","10/29/1987","MALE","WHITE"
"DYWAIER SMITH","12/23/1979","MALE","BLACK"
"EDDIE SMITH","12/27/1979","MALE","BLACK"
"EDWARD SMITH","06/04/1964","MALE","BLACK"
"ELIJAH SMITH","05/21/1986","MALE","BLACK"
"ELMER SMITH","05/10/1986","MALE","BLACK"
"EMMANUEL SMITH","12/25/1985","MALE","BLACK"
"ERIC SMITH","04/29/1988","MALE","BLACK"
"ERIC SMITH","10/22/1972","MALE","BLACK"
"ERIC SMITH","01/27/1984","MALE","BLACK"
"ERNEST SMITH","04/11/1954","MALE","WHITE"
"ERVIN SMITH","02/04/1968","MALE","BLACK"
"ETHAN SMITH","12/21/1989","MALE","WHITE"
"ETHEL SMITH","10/11/1965","FEMALE","WHITE"
"EURAL SMITH","12/27/1972","MALE","BLACK"
"EVELYN SMITH","02/01/1942","FEMALE","BLACK"
"FERNANDEZ SMITH","12/19/1968","MALE","BLACK"
"FLOYD SMITH","10/20/1979","MALE","WHITE"
"FRAGEL SMITH","11/27/1983","MALE","WHITE"
"FRANCIS SMITH","12/18/1992","FEMALE","BLACK"
"FREDERICK SMITH","12/28/1996","MALE","BLACK"
"FREDERICK SMITH","04/05/1994","MALE","BLACK"
"FREDERICK SMITH","03/27/1971","MALE","BLACK"
"FREDERICK SMITH","01/14/1966","MALE","BLACK"
"FREDRICK SMITH","07/23/1994","MALE","BLACK"
"GARY SMITH","05/19/1957","MALE","WHITE"
"GARY SMITH","05/28/1978","MALE","WHITE"
"GARY SMITH","04/30/1985","MALE","BLACK"
"GEORGE SMITH","06/29/1988","MALE","WHITE"
"GERALD SMITH","11/28/1967","MALE","BLACK"
"GERMARKERS SMITH","11/01/1985","MALE","BLACK"
"GLASTER SMITH","07/20/1984","MALE","BLACK"
"GLENN SMITH","05/21/1975","MALE","WHITE"
"GREGORY SMITH","03/26/1987","MALE","BLACK"
"HARRY SMITH","06/29/1987","MALE","BLACK"
"HARRY SMITH","09/26/1977","MALE","BLACK"
"HARRY SMITH","09/26/1998","MALE","BLACK"
"HENRY SMITH","10/10/1971","MALE","BLACK"
"HERMAN SMITH","09/13/1980","MALE","BLACK"
"HESTEL SMITH","02/27/1982","MALE","WHITE"
"HOLLIS SMITH","06/24/1988","MALE","BLACK"
"HOMER SMITH","10/23/1976","MALE","WHITE"
"ISAIAH SMITH","11/13/2001","MALE","BLACK"
"JACOB SMITH","08/21/1985","MALE","WHITE"
"JAMAL SMITH","03/24/1991","MALE","BLACK"
"JAMES SMITH","09/12/1960","MALE","WHITE"
"JAMES SMITH","08/03/1993","MALE","BLACK"
"JAMES SMITH","10/26/1964","MALE","BLACK"
"JAMES SMITH","06/08/1972","MALE","WHITE"
"JAMES SMITH","02/24/1966","MALE","BLACK"
"JAMES SMITH","05/05/1975","MALE","WHITE"
"JAMES SMITH","02/05/1966","MALE","WHITE"
"JAMES SMITH","01/18/1985","MALE","WHITE"
"JASON SMITH","12/16/1984","MALE","WHITE"
"JASON SMITH","02/25/1980","MALE","WHITE"
"JEFFERY SMITH","12/09/1980","MALE","WHITE"
"JEFFERY SMITH","05/17/1973","MALE","BLACK"
"JEFFREY SMITH","05/21/1970","MALE","BLACK"
"JEFFREY SMITH","01/21/1976","MALE","BLACK"
"JERALD SMITH","07/22/1993","MALE","BLACK"
"JEROLD SMITH","05/03/1947","MALE","WHITE"
"JEROME SMITH","12/08/1971","MALE","BLACK"
"JERRY SMITH","10/06/1969","MALE","WHITE"
"JERRY SMITH","01/15/1968","MALE","WHITE"
"JERRY SMITH","05/09/1958","MALE","BLACK"
"JESSIE SMITH","06/22/1990","MALE","BLACK"
"JODARIUS SMITH","07/23/1998","MALE","BLACK"
"JODIE SMITH","01/31/1970","MALE","WHITE"
"JOE SMITH","08/10/1969","MALE","BLACK"
"JOE SMITH","07/01/1969","MALE","WHITE"
"JOHN SMITH","03/17/1967","MALE","WHITE"
"JOHN SMITH","02/04/1969","MALE","BLACK"
"JOHN SMITH","08/03/1983","MALE","BLACK"
"JOHN SMITH","04/09/1990","MALE","WHITE"
"JOHN SMITH","03/20/1985","MALE","BLACK"
"JOHNATHAN SMITH","02/05/1997","MALE","BLACK"
"JOHNATHAN SMITH","09/23/1986","MALE","WHITE"
"JOHNATHAN SMITH","04/26/1986","MALE","BLACK"
"JONAS SMITH","01/20/1974","MALE","BLACK"
"JONATHAN SMITH","09/19/1976","MALE","WHITE"
"JORDAN SMITH","11/16/1991","MALE","BLACK"
"JOSEPH SMITH","01/20/1993","MALE","WHITE"
"JOSEPH SMITH","02/06/1979","MALE","WHITE"
"JOSEPH SMITH","05/16/1982","MALE","WHITE"
"JOSEPH SMITH","03/28/1971","MALE","BLACK"
"JOSHUA SMITH","08/27/1984","MALE","WHITE"
"JULIUS SMITH","03/04/1988","MALE","BLACK"
"JUSTIN SMITH","05/28/1995","MALE","BLACK"
"JUSTIN SMITH","05/26/1984","MALE","BLACK"
"JUSTIN SMITH","02/14/1997","MALE","BLACK"
"JUSTIN SMITH","11/01/1994","MALE","BLACK"
"KALEBB SMITH","02/17/1988","MALE","WHITE"
"KALENGA SMITH","09/09/1969","MALE","BLACK"
"KALVIN SMITH","02/15/1985","MALE","BLACK"
"KEITH SMITH","06/23/1980","MALE","BLACK"
"KEITH SMITH","06/11/1968","MALE","WHITE"
"KELSON SMITH","07/08/1982","MALE","BLACK"
"KENCAID SMITH","04/06/1989","MALE","BLACK"
"KENDRICK SMITH","09/16/1987","MALE","BLACK"
"KENIVEL SMITH","10/20/1980","MALE","BLACK"
"KENNETH SMITH","09/08/1978","MALE","BLACK"
"KENNETH SMITH","07/30/1982","MALE","WHITE"
"KENNETH SMITH","05/23/1981","MALE","BLACK"
"KENNETH SMITH","01/22/1986","MALE","BLACK"
"KEVIN SMITH","12/01/1978","MALE","WHITE"
"KEVIN SMITH","02/23/1978","MALE","WHITE"
"KEYONTE SMITH","06/08/2000","MALE","BLACK"
"KHIRIS SMITH","10/13/1994","MALE","BLACK"
"KIMBLE SMITH","12/14/1961","MALE","BLACK"
"KRISTOFER SMITH","10/17/1993","MALE","WHITE"
"KRISTOPHER SMITH","06/04/1971","MALE","WHITE"
"L.S. SMITH","08/31/1987","MALE","BLACK"
"LAMARCUS SMITH","05/13/1986","MALE","BLACK"
"LAMYRA SMITH","04/22/1991","FEMALE","BLACK"
"LARONCUS SMITH","12/14/1983","MALE","BLACK"
"LARRY SMITH","07/03/1971","MALE","WHITE"
"LARRY SMITH","10/24/1971","MALE","WHITE"
"LARRY SMITH","06/25/1984","MALE","BLACK"
"LARRY SMITH","12/22/1965","MALE","WHITE"
"LARRY SMITH","08/31/1956","MALE","WHITE"
"LARRY SMITH","10/01/1989","MALE","BLACK"
"LATONDREA SMITH","12/31/1984","FEMALE","BLACK"
"LATOYEL SMITH","02/03/1980","FEMALE","BLACK"
"LATWAN SMITH","05/05/1986","MALE","BLACK"
"LAUREN SMITH","10/08/1990","FEMALE","WHITE"
"LAWRENCE SMITH","06/20/1965","MALE","WHITE"
"LAZAVIOUS SMITH","03/12/1995","MALE","BLACK"
"LEE SMITH","06/13/1993","MALE","BLACK"
"LEE SMITH","03/18/1982","MALE","BLACK"
"LENARIS SMITH","12/31/1995","MALE","BLACK"
"LESLIE SMITH","03/21/1975","MALE","WHITE"
"LESTER SMITH","02/24/1984","MALE","BLACK"
"LORENZO SMITH","11/02/1986","MALE","BLACK"
"LOYD SMITH","09/09/1992","MALE","WHITE"
"MANDY SMITH","10/17/1978","MALE","BLACK"
"MARCUS SMITH","07/10/1986","MALE","BLACK"
"MARCUS SMITH","08/15/1984","MALE","BLACK"
"MARCUS SMITH","11/08/1968","MALE","BLACK"
"MARCUS SMITH","04/09/1995","MALE","BLACK"
"MARCUS SMITH","09/16/1991","MALE","WHITE"
"MARIUM SMITH","09/15/1979","MALE","BLACK"
"MARK SMITH","07/12/1965","MALE","WHITE"
"MARKELL SMITH","01/02/1984","MALE","BLACK"
"MARQUIS SMITH","12/22/1990","MALE","BLACK"
"MARSHALL SMITH","05/15/1991","MALE","WHITE"
"MARSHALL SMITH","05/30/1977","MALE","WHITE"
"MARY SMITH","03/24/1964","FEMALE","BLACK"
"MATTHEW SMITH","02/02/1985","MALE","WHITE"
"MATTIAS SMITH","11/28/1992","MALE","BLACK"
"MCCAIN SMITH","08/17/1983","MALE","WHITE"
"MELENA SMITH","06/16/1975","FEMALE","WHITE"
"MICHAEL SMITH","09/02/1965","MALE","WHITE"
"MICHAEL SMITH","07/11/1992","MALE","BLACK"
"MICHAEL SMITH","11/21/2001","MALE","BLACK"
"MICHAEL SMITH","04/03/1994","MALE","BLACK"
"MICHAEL SMITH","01/15/1981","MALE","WHITE"
"MICHAEL SMITH","09/06/1991","MALE","WHITE"
"MICHAEL SMITH","08/26/1969","MALE","WHITE"
"MICHAEL SMITH","09/03/1989","MALE","BLACK"
"MICHAEL SMITH","11/04/1988","MALE","BLACK"
"MICHAEL SMITH","05/02/1977","MALE","WHITE"
"MICHAEL SMITH","11/08/1970","MALE","WHITE"
"MICHAEL SMITH","01/02/1973","MALE","WHITE"
"MICHAEL SMITH","11/20/1979","MALE","WHITE"
"MICHAEL SMITH","05/26/1967","MALE","WHITE"
"MICHAEL SMITH","11/01/1983","MALE","BLACK"
"MONZAANWA SMITH","06/13/1998","MALE","BLACK"
"O'BRYANT SMITH","04/27/1990","MALE","ASIAN"
"O'DARIUS SMITH","11/08/1988","MALE","BLACK"
"OCIE SMITH","07/04/1985","MALE","WHITE"
"ORLANDO SMITH","01/07/1980","MALE","BLACK"
"PARNELL SMITH","02/09/1986","MALE","BLACK"
"PATRICK SMITH","06/15/1958","MALE","BLACK"
"PATRICK SMITH","09/23/1969","MALE","WHITE"
"PATSY SMITH","03/12/1987","FEMALE","WHITE"
"PAUL SMITH","08/03/1985","MALE","WHITE"
"PEONCE SMITH","01/23/1980","MALE","BLACK"
"PRENTISS SMITH","01/29/1949","MALE","BLACK"
"PRISCILLA SMITH","12/02/1982","FEMALE","WHITE"
"QUENTIN SMITH","02/14/1977","MALE","BLACK"
"RACHEL SMITH","10/09/1987","FEMALE","WHITE"
"RASHAD SMITH","05/14/1985","MALE","BLACK"
"RAY SMITH","11/19/1967","MALE","BLACK"
"RAYMOND SMITH","09/04/1979","MALE","BLACK"
"REGINALD SMITH","08/06/1980","MALE","BLACK"
"RICHARD SMITH","03/12/1991","MALE","WHITE"
"RICHARD SMITH","04/25/1981","MALE","WHITE"
"RICKIE SMITH","09/18/1989","MALE","BLACK"
"RICKY SMITH","01/30/1963","MALE","BLACK"
"RICKY SMITH","04/13/1960","MALE","BLACK"
"RICKY SMITH","09/29/1989","MALE","BLACK"
"ROBERT SMITH","06/28/1970","MALE","WHITE"
"ROBERT SMITH","09/18/1968","MALE","BLACK"
"ROBERT SMITH","07/23/1980","MALE","BLACK"
"ROBERT SMITH","08/26/1963","MALE","BLACK"
"ROBERT SMITH","07/01/1988","MALE","BLACK"
"ROBERT SMITH","07/24/1973","MALE","BLACK"
"ROBERT SMITH","04/01/1980","MALE","WHITE"
"RODNEY SMITH","11/20/1997","MALE","BLACK"
"RONNIE SMITH","03/28/1953","MALE","WHITE"
"RONNIE SMITH","09/15/1997","MALE","BLACK"
"RONNIE SMITH","07/21/1954","MALE","BLACK"
"RUFUS SMITH","10/01/1984","MALE","BLACK"
"RUSSELL SMITH","03/06/1973","MALE","WHITE"
"SAMMIE SMITH","05/28/1963","MALE","BLACK"
"SANTONIO SMITH","03/28/1969","MALE","BLACK"
"SARAH SMITH","05/01/1979","FEMALE","WHITE"
"SAVANNAH SMITH","10/06/1985","FEMALE","WHITE"
"SCOTT SMITH","09/04/1982","FEMALE","BLACK"
"SCOTTIE SMITH","08/04/1997","MALE","BLACK"
"SEAN SMITH","09/05/1971","MALE","WHITE"
"SEREGINALD SMITH","03/24/1971","MALE","BLACK"
"SHARLA SMITH","01/10/1982","FEMALE","WHITE"
"SHARON SMITH","09/12/1967","FEMALE","BLACK"
"SHARON SMITH","05/11/1974","FEMALE","WHITE"
"SONYA SMITH","02/13/1962","FEMALE","WHITE"
"STEVEN SMITH","11/10/1980","MALE","WHITE"
"STEVEN SMITH","10/24/1986","MALE","BLACK"
"STEVIE SMITH","08/17/1963","MALE","BLACK"
"SYLVIA SMITH","11/30/1976","FEMALE","BLACK"
"TAMEKA SMITH","06/27/1989","FEMALE","BLACK"
"TARUS SMITH","06/05/1977","MALE","BLACK"
"TAVARUS SMITH","12/22/1990","MALE","BLACK"
"TAVISH SMITH","08/10/1987","MALE","BLACK"
"TERESA SMITH","01/04/1984","FEMALE","WHITE"
"TERRANCE SMITH","02/19/1991","MALE","BLACK"
"TERRY SMITH","08/01/1957","MALE","WHITE"
"TERRY SMITH","05/31/1947","MALE","WHITE"
"THOMAS SMITH","03/28/1995","MALE","WHITE"
"THOMAS SMITH","08/17/1961","MALE","WHITE"
"THOMAS SMITH","05/29/1978","MALE","WHITE"
"THYRON SMITH","06/27/1985","MALE","BLACK"
"TIMOTHY SMITH","08/01/1983","MALE","WHITE"
"TIMOTHY SMITH","08/19/1981","MALE","BLACK"
"TIMOTHY SMITH","11/22/1974","MALE","BLACK"
"TONY SMITH","12/03/1966","MALE","BLACK"
"TONY SMITH","10/02/1961","MALE","BLACK"
"TONY SMITH","06/11/1978","MALE","BLACK"
"TRAVIS SMITH","02/15/1988","MALE","WHITE"
"TRELEN SMITH","06/22/1994","MALE","BLACK"
"TROY SMITH","12/23/1964","MALE","WHITE"
"TYKARUS SMITH","11/20/1990","MALE","BLACK"
"TYLER SMITH","08/31/1993","MALE","WHITE"
"TYLER SMITH","04/17/1988","MALE","WHITE"
"TYLER SMITH","08/13/1995","MALE","WHITE"
"VERNON SMITH","04/10/1984","MALE","BLACK"
"VIDAL SMITH","07/08/1998","MALE","BLACK"
"VINCENT SMITH","06/02/1991","MALE","BLACK"
"VINCENT SMITH","01/01/1993","MALE","BLACK"
"WALTER SMITH","08/05/1986","MALE","BLACK"
"WALTER SMITH","12/11/1964","MALE","BLACK"
"WILLIAM SMITH","10/10/1986","MALE","BLACK"
"WILLIAM SMITH","08/04/1986","MALE","BLACK"
"WILLIAM SMITH","06/04/1959","MALE","BLACK"
"WILLIAM SMITH","11/29/1968","MALE","WHITE"
"WILLIAM SMITH","09/28/1962","MALE","BLACK"
"WILLIAM SMITH","01/10/1978","MALE","WHITE"
"WILLIE SMITH","12/01/1982","MALE","BLACK"
"WILLIE SMITH","10/07/1957","MALE","BLACK"
"ZACHARY SMITH","09/26/1995","MALE","BLACK"
"ZANDRIA SMITH","10/13/1990","FEMALE","BLACK"
"ZEDARIOUS SMITH","05/12/1996","MALE","BLACK"
"ZEXDRA SMITH","10/23/1980","MALE","BLACK"
"PATRICIA SMITHERMAN","06/02/1984","FEMALE","WHITE"
"JEREMY SMITHEY","08/21/1981","MALE","WHITE"
"MATTHEW SMOOT","01/30/1989","MALE","WHITE"
"ROBERT SMOOTS","09/27/1966","MALE","BLACK"
"TONY SMOOTS","02/06/1999","MALE","BLACK"
"IVORY SMOTHERS","12/08/1980","FEMALE","BLACK"
"LALEON SMOTHERS","12/04/1998","MALE","BLACK"
"QUINCY SMOTHERS","07/01/1975","MALE","BLACK"
"CHRISTOPHER SNAITH","04/24/1985","MALE","BLACK"
"ANTHONY SNEED","03/25/1985","MALE","BLACK"
"LARRY SNEED","08/23/1971","MALE","WHITE"
"JASON SNELL","10/29/2001","MALE","BLACK"
"LEONARDO SNELL","12/12/1972","MALE","BLACK"
"BRANDON SNELSON","07/10/1998","MALE","WHITE"
"RICKY SNELSON","01/18/1966","MALE","WHITE"
"JOSHUA SNIDER","11/04/1987","MALE","WHITE"
"KEYON SNIPES","08/10/1996","MALE","BLACK"
"CLARENCE SNOW","12/04/1966","MALE","BLACK"
"EDWARD SNOW","01/21/1989","MALE","WHITE"
"ERIC SNOW","01/31/1976","MALE","BLACK"
"FLOYD SNOW","02/06/1978","MALE","WHITE"
"JOHNNIE SNOW","06/23/1988","FEMALE","WHITE"
"JOHNNY SNOW","05/02/1965","MALE","BLACK"
"TODD SNOW","11/25/1986","MALE","BLACK"
"CHARLES SPANN","08/05/1987","MALE","BLACK"
"DAVID SPANN","04/30/1961","MALE","BLACK"
"DOUGLAS SPANN","03/07/1997","MALE","BLACK"
"ELLIS SPANN","01/02/1978","MALE","BLACK"
"JUSTIN SPANN","08/21/1993","MALE","BLACK"
"NATHANIEL SPANN","05/13/1951","MALE","BLACK"
"PATRICK SPANN","04/01/1972","MALE","WHITE"
"TIMOTHY SPANN","03/05/1979","MALE","BLACK"
"TERRY SPARKMAN","05/16/1972","MALE","BLACK"
"TYRONE SPARKMAN","08/01/1982","MALE","BLACK"
"TYREE SPARKS","04/07/1993","MALE","BLACK"
"JAMES SPARROW","11/02/1974","MALE","WHITE"
"HASHIM SPAULDING","10/11/1990","MALE","BLACK"
"CORNELIUS SPEARMAN","07/06/1989","MALE","BLACK"
"DEWAYNE SPEARMAN","01/05/1967","MALE","BLACK"
"DUANE SPEARMAN","10/27/1968","MALE","BLACK"
"ARTHUR SPEARS","06/19/1964","MALE","BLACK"
"CODY SPEARS","02/21/1987","MALE","WHITE"
"DETAVIOUS SPEARS","04/09/1995","MALE","BLACK"
"DOMINIQUE SPEARS","08/07/1982","FEMALE","BLACK"
"GLEN SPEARS","11/10/1963","MALE","BLACK"
"JUSTIN SPEARS","12/06/1993","MALE","BLACK"
"KEVIN SPEARS","07/26/1984","MALE","WHITE"
"MARION SPEARS","06/19/1971","MALE","WHITE"
"MARY SPEARS","08/16/1942","FEMALE","WHITE"
"MICHAEL SPEARS","07/31/1970","MALE","WHITE"
"ROBERT SPEARS","02/01/1966","MALE","WHITE"
"VANDAIRRICK SPEARS","01/02/1996","MALE","WHITE"
"SAMMY SPEIGHT","04/29/1963","MALE","BLACK"
"ADRIAN SPEIGHTS","08/09/1983","MALE","BLACK"
"CHRISTOPHER SPEIHLER","04/23/1981","MALE","WHITE"
"CHRISTOPHER SPELL","03/22/1981","MALE","WHITE"
"JOSEPH SPELLS","03/22/1944","MALE","BLACK"
"LANELSON SPELLS","12/21/1991","MALE","BLACK"
"ROBERT SPENCE","11/12/1965","MALE","BLACK"
"CHARLES SPENCER","01/16/1996","MALE","BLACK"
"CHRISTOPHER SPENCER","10/03/1977","MALE","BLACK"
"DENNIS SPENCER","02/16/1992","MALE","WHITE"
"DONALD SPENCER","09/29/1982","MALE","WHITE"
"HENRY SPENCER","10/30/1959","MALE","BLACK"
"JAMES SPENCER","10/31/1972","MALE","BLACK"
"JOSEPH SPENCER","07/19/1975","MALE","BLACK"
"JUSTIN SPENCER","01/06/1983","MALE","BLACK"
"KEVIN SPENCER","02/28/1985","MALE","BLACK"
"LORANZO SPENCER","06/07/1987","MALE","BLACK"
"RENO SPENCER","02/12/1978","MALE","BLACK"
"ROBERT SPENCER","06/12/1968","MALE","BLACK"
"RODNEY SPENCER","03/06/1984","MALE","BLACK"
"TYRONE SPENCER","08/20/1975","MALE","BLACK"
"FRED SPICER","08/30/1965","MALE","WHITE"
"KEITH SPICER","01/11/1986","MALE","WHITE"
"WILLIAM SPICER","08/08/1982","MALE","WHITE"
"BRANDON SPIERS","04/15/1982","MALE","WHITE"
"BRANDON SPIERS","06/25/1991","MALE","WHITE"
"JERMAINE SPIKES","11/14/1982","MALE","BLACK"
"FREDERICK SPIRES","08/01/1975","MALE","BLACK"
"JAYLON SPIRES","09/25/1984","MALE","BLACK"
"JOEL SPIRES","08/15/1963","MALE","WHITE"
"VINCENT SPIRITI","03/31/1980","MALE","WHITE"
"CARLOS SPIVERY","11/17/1988","MALE","BLACK"
"XAVIER SPIVERY","11/17/1994","MALE","BLACK"
"BILLY SPIVEY","10/18/1963","MALE","BLACK"
"DAVID SPIVEY","04/03/1960","MALE","BLACK"
"JOSEPH SPIVEY","11/10/1990","MALE","BLACK"
"KEITH SPIVEY","09/20/1973","MALE","WHITE"
"LADARIN SPIVEY","07/04/1985","MALE","BLACK"
"JOSEPH SPONSELLER","11/19/1996","MALE","WHITE"
"SEAN SPOTTS","08/29/1974","MALE","BLACK"
"LATRAI SPRAGGINS","12/15/1986","MALE","BLACK"
"JIMMY SPRAGUE","09/01/1971","MALE","WHITE"
"BRITTANY SPRATLEY","02/14/1989","FEMALE","WHITE"
"JOHNNY SPRATT","08/23/1989","MALE","BLACK"
"ANGELA SPRAYBERRY","11/16/1978","FEMALE","WHITE"
"JOSEPH SPRING","06/15/1991","MALE","WHITE"
"ANTONIO SPRINGER","09/15/1989","MALE","BLACK"
"ANTONIO SPRINGER","06/20/1981","MALE","BLACK"
"DAVE SPRINGER","10/13/1982","MALE","BLACK"
"JERMAINE SPRINGER","07/01/1983","MALE","BLACK"
"JUSTIN SPRINGER","03/31/1986","MALE","BLACK"
"LAGARY SPRINGER","11/10/1984","MALE","BLACK"
"SHARTAVES SPRINGER","06/22/1992","MALE","BLACK"
"WILLIAM SPRINGER","07/06/1974","MALE","WHITE"
"SHYTRAILLE SPRUELL","12/19/1995","MALE","BLACK"
"MICHAEL SPRUILL","02/10/1991","MALE","WHITE"
"OTHA SPRUILL","07/24/1953","MALE","BLACK"
"MARKICE SPRUR","09/13/1992","MALE","BLACK"
"JEREMY SPURLOCK","10/05/1977","MALE","WHITE"
"LYNN SPURLOCK","10/16/1985","MALE","BLACK"
"RICHARD SPURLOCK","05/26/1958","MALE","BLACK"
"RUSTY SQUIRES","02/10/1967","MALE","WHITE"
