"JASON ST. AUBIN","07/03/1989","MALE","WHITE"
"BRANDON STABLER","09/22/1984","MALE","WHITE"
"STEPHAINE STACHURA","07/22/1982","FEMALE","WHITE"
"JOSEPH STACK","02/10/1970","MALE","WHITE"
"MICHAEL STACKS","05/03/1975","MALE","WHITE"
"MICHAEL STACY","04/10/1978","MALE","WHITE"
"JOSHUA STAFFORD","02/10/1997","MALE","WHITE"
"JULIAN STAFFORD","10/15/1987","MALE","WHITE"
"ROY STAFFORD","07/30/1963","MALE","WHITE"
"CINDY STAGGS","08/25/1964","FEMALE","WHITE"
"KEVIN STAGGS","02/26/1971","MALE","WHITE"
"JAMAR STALLINGS","02/22/1986","MALE","BLACK"
"JOSEPH STALLINGS","02/07/1986","MALE","WHITE"
"LANIE STALLINGS","10/01/1968","MALE","BLACK"
"ERIC STALLONE","02/01/1998","MALE","WHITE"
"SARAH STALLONE","12/12/1998","FEMALE","WHITE"
"DONTAE STALLWORTH","11/21/1986","MALE","BLACK"
"JURRELL STALLWORTH","12/27/1991","MALE","BLACK"
"SIDNEY STALLWORTH","06/08/1960","MALE","BLACK"
"DANIEL STAMPS","01/09/1991","MALE","BLACK"
"DELVIN STAMPS","06/10/1988","MALE","BLACK"
"DEVONTE STAMPS","07/21/1993","MALE","BLACK"
"ELIJAH STAMPS","05/23/1996","MALE","BLACK"
"ELLIOTT STAMPS","06/11/1970","MALE","BLACK"
"MARVIN STAMPS","08/20/1991","MALE","BLACK"
"TONY STAMPS","04/29/1969","MALE","BLACK"
"COREY STANCIL","12/29/1996","MALE","BLACK"
"WESLEY STANCILL","02/24/1992","MALE","WHITE"
"CLARENCE STANDARD","12/18/1987","MALE","BLACK"
"ARIEUS STANDFIELD","08/19/1989","MALE","BLACK"
"MICHAEL STANDIFER","05/30/1970","MALE","BLACK"
"DAVID STANFIELD","11/11/1975","MALE","BLACK"
"KEION STANFIELD","01/17/1995","MALE","BLACK"
"NANCY STANFIELD","02/13/1960","FEMALE","WHITE"
"ROBERT STANFILL","11/18/1976","MALE","WHITE"
"ETHAN STANFORD","01/19/1992","MALE","WHITE"
"JOSEPH STANFORD","04/29/1992","MALE","WHITE"
"REGINALD STANFORD","02/20/1993","MALE","BLACK"
"STEVEN STANFORD","08/03/1994","MALE","WHITE"
"ZACHARY STANFORD","01/27/1993","MALE","WHITE"
"ALEXANDER STANLEY","02/08/1994","MALE","WHITE"
"ANTHONY STANLEY","05/27/1967","MALE","WHITE"
"BENJAMIN STANLEY","01/15/1966","MALE","WHITE"
"CHARLES STANLEY","02/19/1971","MALE","WHITE"
"CYNTHIA STANLEY","12/02/1958","FEMALE","WHITE"
"GERRAD STANLEY","09/27/1974","MALE","WHITE"
"GREGORY STANLEY","03/15/1988","MALE","WHITE"
"JATHAN STANLEY","12/15/1986","MALE","WHITE"
"RUSSELL STANLEY","12/23/1978","MALE","WHITE"
"DARIN STANPHILL","06/26/1970","MALE","WHITE"
"BRANDY STANTON","01/15/1981","FEMALE","WHITE"
"CALEB STANTON","02/08/1995","MALE","WHITE"
"ROBERTO STANTON","05/11/1981","MALE","BLACK"
"TERRANCE STANTON","08/11/1989","MALE","BLACK"
"TONY STANTON","10/12/1993","MALE","BLACK"
"LONZO STAPLES","04/20/1944","MALE","BLACK"
"BOSS STAPLETON","11/27/1943","MALE","BLACK"
"CHRISTOPHER STAPLETON","06/25/1979","MALE","BLACK"
"ERIC STAPLETON","11/27/1968","MALE","BLACK"
"JOCK STAPLETON","07/28/1982","MALE","WHITE"
"JVARI STAPLETON","11/01/1994","MALE","BLACK"
"KEITH STAPLETON","04/23/1975","MALE","BLACK"
"LEVI STAPLETON","01/17/1986","MALE","BLACK"
"QUESHUN STAPLETON","08/06/1984","MALE","BLACK"
"SCHUYLER STAPLETON","02/23/1981","MALE","BLACK"
"SHAQUILLE STAPLETON","10/29/1993","MALE","BLACK"
"TROY STARK","06/11/1963","MALE","WHITE"
"CHRISTIAN STARKS","12/30/1993","MALE","BLACK"
"DAMIEN STARKS","02/13/1990","MALE","BLACK"
"GEORGE STARKS","12/17/1970","MALE","BLACK"
"KENNETH STARKS","03/15/1961","MALE","BLACK"
"LAKESHER STARKS","03/19/1976","FEMALE","BLACK"
"LORONUS STARKS","10/17/1974","MALE","BLACK"
"ROMAN STARKS","07/27/1987","MALE","BLACK"
"WILLIE STARKS","04/17/1963","MALE","BLACK"
"WILLIE STARKS","11/25/1981","MALE","BLACK"
"PEGGY STARNS","09/15/1962","FEMALE","WHITE"
"BRADFORD STATEN","12/15/1974","MALE","BLACK"
"CHARLES STATEN","07/15/1975","MALE","BLACK"
"CHRISTOPHER STATEN","12/26/1997","MALE","BLACK"
"TYREE STATEN","08/20/1980","MALE","BLACK"
"SHAWN STATES","05/26/1986","MALE","BLACK"
"BRIAN STATHAM","07/18/1973","MALE","WHITE"
"LIONEL STATON","04/05/1985","MALE","WHITE"
"BOBBY STEADHAM","02/01/1959","MALE","WHITE"
"CHRISTOPHER STEADHAM","05/11/1977","MALE","WHITE"
"MICHAEL STEADHAM","09/27/1976","MALE","WHITE"
"QUINTON STEADMAN","01/22/1996","MALE","BLACK"
"VINCENT STEED","03/22/1963","MALE","WHITE"
"CHARLTON STEEL","10/02/1987","MALE","WHITE"
"DANTE STEEL","06/16/1996","MALE","BLACK"
"BLAKE STEELE","03/03/1991","MALE","BLACK"
"BRIAN STEELE","01/05/1968","MALE","WHITE"
"CHRISTOPHER STEELE","04/10/1992","MALE","WHITE"
"KEDRIC STEELE","08/14/1979","MALE","BLACK"
"MARCUS STEELE","10/28/1996","MALE","BLACK"
"REMINGTON STEELE","07/21/1983","MALE","BLACK"
"WILLIAM STEELE","03/07/1964","MALE","WHITE"
"CHARLES STEEN","12/08/1980","MALE","BLACK"
"NICHOLAS STEEN","12/24/1980","MALE","WHITE"
"RICHARD STEEN","03/27/1975","MALE","WHITE"
"ROBERT STEEN","11/17/1953","MALE","WHITE"
"RYAN STEEN","05/10/1998","MALE","BLACK"
"CHRISTOPHER STEGALL","05/14/1986","MALE","WHITE"
"JESSIE STEGALL","11/06/1970","MALE","WHITE"
"STEVEN STEGALL","03/02/1976","MALE","BLACK"
"CHRISTOPHER STEINFORTH","09/13/1986","MALE","WHITE"
"KEITH STEINMETZ","07/21/1977","MALE","WHITE"
"CHRISTOPHER STEINWINDER","12/05/1986","MALE","WHITE"
"JESSE STEINWINDER","08/01/1996","MALE","WHITE"
"ANGELO STEPHENS","12/17/1980","MALE","BLACK"
"BILLY STEPHENS","12/12/1963","MALE","WHITE"
"BOBBY STEPHENS","08/02/1978","MALE","WHITE"
"BRITTANI STEPHENS","07/04/1990","FEMALE","WHITE"
"DEMETRIAS STEPHENS","11/08/1983","MALE","BLACK"
"HENRY STEPHENS","08/16/1974","MALE","WHITE"
"JIMMY STEPHENS","05/17/1934","MALE","WHITE"
"TERRENCE STEPHENS","10/18/1994","MALE","BLACK"
"ZACHARY STEPHENS","01/13/1990","MALE","WHITE"
"GEORGE STEPHENSON","11/01/1970","MALE","WHITE"
"GREGORY STEPHENSON","12/22/1988","MALE","WHITE"
"RICHARD STEPHENSON","11/06/1955","MALE","WHITE"
"JOHNNY STEPHNEY","01/02/1990","MALE","BLACK"
"DAVID STEPP","01/31/1984","MALE","WHITE"
"PHILLIP STEPP","10/20/1943","MALE","WHITE"
"WILLIAM STEPP","11/13/1960","MALE","WHITE"
"ROBERT STEPRO","12/18/1964","MALE","WHITE"
"JAMES STERLING","12/08/1962","MALE","BLACK"
"KAELEIGH STERLING","09/21/1998","FEMALE","WHITE"
"LARRY STERLING","10/18/1976","MALE","WHITE"
"LEONARD STERLING","04/10/1964","MALE","BLACK"
"CHAD STEVENS","02/15/1995","MALE","WHITE"
"CHARLES STEVENS","07/29/1969","MALE","BLACK"
"CHRISTOPHER STEVENS","08/04/1987","MALE","WHITE"
"CHRISTOPHER STEVENS","03/16/1983","MALE","WHITE"
"EDWARD STEVENS","11/15/1977","MALE","WHITE"
"EDWIN STEVENS","09/02/1963","MALE","WHITE"
"JAMAREE STEVENS","01/02/1992","MALE","BLACK"
"JAMES STEVENS","04/11/1982","MALE","WHITE"
"JAMES STEVENS","08/04/1984","MALE","WHITE"
"JASON STEVENS","05/17/1982","MALE","WHITE"
"JOHN STEVENS","09/25/1970","MALE","WHITE"
"KENNETH STEVENS","06/12/1954","MALE","BLACK"
"MARK STEVENS","03/03/1967","MALE","BLACK"
"MIDRECUS STEVENS","06/11/1994","MALE","BLACK"
"OCTAVIOUS STEVENS","05/28/1993","MALE","BLACK"
"ROBERT STEVENS","10/28/1988","MALE","WHITE"
"TIMOTHY STEVENS","10/11/1979","MALE","WHITE"
"TONY STEVENS","07/13/1978","MALE","BLACK"
"ANNETTA STEVENSON","01/29/1970","FEMALE","BLACK"
"ARTHUR STEVENSON","11/24/1949","MALE","BLACK"
"CALVIN STEVENSON","06/20/1977","MALE","BLACK"
"CLYDE STEVENSON","09/01/1964","MALE","BLACK"
"DALONE STEVENSON","10/12/1996","MALE","BLACK"
"DESHON STEVENSON","11/17/1998","MALE","BLACK"
"DOUGLAS STEVENSON","03/15/1984","MALE","BLACK"
"JAMES STEVENSON","02/21/1995","MALE","BLACK"
"JEREMIAH STEVENSON","11/28/1986","MALE","BLACK"
"JERMAINE STEVENSON","12/20/1986","MALE","BLACK"
"JERRY STEVENSON","04/28/1969","MALE","BLACK"
"JOSEPH STEVENSON","02/04/1969","MALE","BLACK"
"LEONARD STEVENSON","05/07/1960","MALE","BLACK"
"MARQUIS STEVENSON","06/30/1991","MALE","BLACK"
"NAPOLEON STEVENSON","08/18/1963","MALE","BLACK"
"YANCY STEVENSON","05/23/1988","MALE","BLACK"
"DEVIN STEVERSON","11/05/1994","MALE","BLACK"
"WILLIE STEVERSON","03/25/1963","MALE","BLACK"
"KRISTI STEWARD","06/12/1986","FEMALE","WHITE"
"PETER STEWARD","06/28/1962","MALE","BLACK"
"THOMAS STEWARD","05/19/1985","MALE","BLACK"
"ALEXANDER STEWART","10/17/1985","MALE","BLACK"
"ALEXANDER STEWART","07/11/1958","MALE","BLACK"
"ANGELA STEWART","08/20/1987","FEMALE","WHITE"
"ASHLEY STEWART","11/19/1981","FEMALE","WHITE"
"AUSTIN STEWART","10/08/1987","MALE","WHITE"
"BILL STEWART","07/19/1977","MALE","WHITE"
"BILLY STEWART","03/25/1955","MALE","BLACK"
"BRANDON STEWART","10/18/1992","MALE","WHITE"
"BRODERICK STEWART","03/10/1982","MALE","BLACK"
"BRYAN STEWART","02/13/1981","MALE","WHITE"
"CARLOS STEWART","05/30/1972","MALE","BLACK"
"CHRIS STEWART","06/10/1973","MALE","BLACK"
"CHRISTOPHER STEWART","12/08/1971","MALE","BLACK"
"CLIVE STEWART","11/13/1962","MALE","WHITE"
"COLLEEN STEWART","07/30/1963","FEMALE","WHITE"
"CORKCENO STEWART","02/09/1968","MALE","BLACK"
"COURTNEY STEWART","05/07/1999","FEMALE","BLACK"
"DANIEL STEWART","12/28/1964","MALE","WHITE"
"DAVID STEWART","05/04/1998","MALE","BLACK"
"DAVID STEWART","03/22/1994","MALE","WHITE"
"DECARLIOUS STEWART","06/16/1988","MALE","BLACK"
"DIKEMBE STEWART","01/30/1995","MALE","BLACK"
"EDDIE STEWART","09/19/1959","MALE","BLACK"
"ELIZABETH STEWART","10/25/1984","FEMALE","WHITE"
"FRANKIE STEWART","11/04/1963","MALE","BLACK"
"FREDERICK STEWART","01/23/1991","MALE","BLACK"
"FREDRICK STEWART","12/19/1975","MALE","BLACK"
"GARY STEWART","05/29/1972","MALE","WHITE"
"GORDON STEWART","08/11/1972","MALE","WHITE"
"HERSCHALE STEWART","06/07/1985","MALE","BLACK"
"J.C. STEWART","01/04/1979","MALE","BLACK"
"J.D. STEWART","11/03/1964","MALE","BLACK"
"JAMES STEWART","01/18/1978","MALE","WHITE"
"JAMES STEWART","05/05/1981","MALE","WHITE"
"JERMAINE STEWART","02/13/1987","MALE","BLACK"
"JEROME STEWART","08/01/1981","MALE","BLACK"
"JERRY STEWART","08/22/1977","MALE","BLACK"
"JESSE STEWART","08/03/1990","MALE","WHITE"
"JOHN STEWART","07/01/1987","MALE","BLACK"
"JOSEPH STEWART","08/03/1978","MALE","BLACK"
"JOSEPH STEWART","08/11/1983","MALE","WHITE"
"JOSEPH STEWART","09/25/1981","MALE","BLACK"
"JUSTIN STEWART","06/26/1992","MALE","WHITE"
"JUSTIN STEWART","10/17/1983","MALE","BLACK"
"KATAVIUS STEWART","09/22/1996","MALE","BLACK"
"KENNY STEWART","09/16/1984","MALE","BLACK"
"KENNY STEWART","07/01/1987","MALE","BLACK"
"KENNY STEWART","07/28/1987","MALE","BLACK"
"LAKORIAN STEWART","05/26/1989","MALE","BLACK"
"LAMONT STEWART","02/27/1978","MALE","BLACK"
"LARICO STEWART","05/07/1981","MALE","BLACK"
"LARRY STEWART","02/04/1980","MALE","BLACK"
"LEROY STEWART","06/07/1966","MALE","BLACK"
"LEROY STEWART","10/14/1994","MALE","BLACK"
"MALIK STEWART","06/17/1998","MALE","BLACK"
"MARQUIS STEWART","12/13/1977","MALE","BLACK"
"MICHAEL STEWART","03/19/1974","MALE","BLACK"
"NATHANIEL STEWART","06/02/1964","MALE","BLACK"
"NICHOLAS STEWART","09/30/1987","MALE","BLACK"
"PAUL STEWART","10/17/1967","MALE","BLACK"
"RAY STEWART","09/21/1980","MALE","BLACK"
"RICKEY STEWART","11/19/1988","MALE","BLACK"
"ROBERT STEWART","07/26/1993","MALE","BLACK"
"RODARIUS STEWART","12/01/1985","MALE","BLACK"
"RODNEY STEWART","04/24/1978","MALE","BLACK"
"SARITA STEWART","06/03/1984","FEMALE","WHITE"
"TERRELL STEWART","04/14/1983","MALE","BLACK"
"TERRY STEWART","09/24/1967","MALE","WHITE"
"TOMMY STEWART","11/03/1971","MALE","WHITE"
"TORRANCE STEWART","09/23/1993","MALE","BLACK"
"TROY STEWART","01/27/1974","MALE","WHITE"
"TYSON STEWART","05/02/1989","MALE","BLACK"
"WALTER STEWART","05/30/1992","MALE","BLACK"
"WILLIAM STEWART","12/04/1977","MALE","WHITE"
"XAVIER STEWART","06/27/1995","MALE","BLACK"
"KEN-NORRIS STIGLER","12/30/1984","MALE","BLACK"
"JERRY STIGLET","07/04/1989","MALE","WHITE"
"HENRY STIGLETT","11/10/1975","MALE","WHITE"
"ANTHONY STINGLEY","09/21/1985","MALE","BLACK"
"ANTONIO STINGLEY","07/26/1974","MALE","BLACK"
"JARRETT STINGLEY","11/25/1998","MALE","WHITE"
"MARVIN STINGLEY","07/09/1980","MALE","BLACK"
"WAYNE STINGLEY","08/29/1994","MALE","WHITE"
"CORDARIUS STINNER","05/16/1993","MALE","BLACK"
"ANTHONY STINSON","03/17/1965","MALE","BLACK"
"DAQUARIAN STINSON","12/19/1993","MALE","BLACK"
"JIMMY STINSON","04/26/1971","MALE","WHITE"
"JONATHAN STINSON","08/09/1976","MALE","WHITE"
"DAKKODA STIREWALT","06/17/1993","MALE","WHITE"
"ASHLEY STITES","11/26/1966","MALE","WHITE"
"ALLAN STOCKSTILL","08/09/1974","MALE","WHITE"
"CHRISTINE STOCKSTILL","01/28/1989","FEMALE","WHITE"
"LARRY STOCKSTILL","07/17/1970","MALE","WHITE"
"MARION STOCKSTILL","07/11/1964","MALE","WHITE"
"WILLIAM STOCKSTILL","07/16/1993","MALE","WHITE"
"EVERETT STOGNER","01/07/1974","MALE","WHITE"
"JASON STOGNER","03/02/1974","MALE","WHITE"
"SAMUEL STOGNER","11/29/1984","MALE","WHITE"
"BOBBY STOKES","07/03/1978","MALE","BLACK"
"BOBBY STOKES","02/06/1963","MALE","BLACK"
"CHARLES STOKES","01/10/1978","MALE","WHITE"
"DAMION STOKES","06/10/1992","MALE","BLACK"
"DEREK STOKES","05/07/1991","MALE","BLACK"
"DERRICK STOKES","10/24/1970","MALE","WHITE"
"GERALD STOKES","07/16/1992","MALE","BLACK"
"HENRY STOKES","08/24/1964","MALE","WHITE"
"JA'RIANT STOKES","08/24/1998","MALE","BLACK"
"JASON STOKES","09/26/1978","MALE","WHITE"
"JASON STOKES","04/28/1983","MALE","BLACK"
"JERELL STOKES","11/15/1982","MALE","BLACK"
"KATHY STOKES","08/30/1949","FEMALE","WHITE"
"KENYATTA STOKES","04/27/1975","MALE","BLACK"
"MIKEL STOKES","08/26/1994","MALE","BLACK"
"NOMDRAY STOKES","05/09/1971","MALE","BLACK"
"PRESTON STOKES","11/12/1970","MALE","BLACK"
"AARON STOKLEY","09/23/1992","MALE","WHITE"
"DUSTINE STOKLEY","04/03/1984","MALE","WHITE"
"DEX STONE","03/10/1988","MALE","WHITE"
"FREDERICO STONE","07/10/1981","MALE","BLACK"
"JACOB STONE","08/14/2001","MALE","WHITE"
"RICHARD STONE","12/13/1972","MALE","WHITE"
"ROBERT STONE","08/23/1980","MALE","BLACK"
"RONALD STONE","08/19/1964","MALE","BLACK"
"SKYLER STONE","03/08/1989","MALE","WHITE"
"TED STONE","11/19/1952","MALE","WHITE"
"HOLLY STORK","11/21/1976","FEMALE","WHITE"
"D'BRYUS STORY","12/12/1995","MALE","BLACK"
"DANIEL STORY","12/19/1947","MALE","WHITE"
"STEVIE STOUDENMIER","03/16/1985","MALE","WHITE"
"DAVID STOUGH","04/26/1970","MALE","WHITE"
"ALEXANDER STOVALL","04/14/1976","MALE","BLACK"
"DALEX STOVALL","11/03/1994","MALE","BLACK"
"DERRICK STOVALL","07/09/1992","MALE","BLACK"
"JEFFERY STOVALL","10/28/1984","MALE","BLACK"
"KYLE STOVALL","05/20/1986","MALE","WHITE"
"LAMBERT STOVALL","11/10/1977","MALE","BLACK"
"JESSE STOVER","03/18/1988","MALE","WHITE"
"BRUCE STOWERS","04/04/1967","MALE","BLACK"
"DEVONTE STOWERS","10/12/1994","MALE","BLACK"
"KENDRICK STOWERS","04/07/1987","MALE","BLACK"
"MOSE STOWERS","02/15/1976","MALE","BLACK"
"DARWIN STRAHAN","08/02/1979","MALE","BLACK"
"JASON STRAHAN","04/17/1975","MALE","WHITE"
"KARL STRAHAN","12/15/1960","MALE","WHITE"
"LOUIS STRAHAN","01/18/1977","MALE","BLACK"
"MICHAEL STRAIGHT","04/12/1954","MALE","BLACK"
"DANICA STRAIN","11/15/1982","FEMALE","WHITE"
"CHAD STRANGE","12/19/1986","MALE","WHITE"
"RODNEY STRANGE","02/13/1981","MALE","WHITE"
"STEVEN STRANGE","02/28/1975","MALE","WHITE"
"TONNIE STRANGE","08/12/1992","MALE","WHITE"
"ZACHARY STRANGE","08/24/1994","MALE","WHITE"
"TIMOTHY STRATTON","07/04/1964","MALE","BLACK"
"CHARLES STREET","07/23/1979","MALE","WHITE"
"GLINN STREET","11/12/1991","MALE","BLACK"
"HOWARD STREET","08/13/1959","MALE","BLACK"
"HOWARD STREET","08/11/1989","MALE","BLACK"
"JOHN STREET","06/02/1968","MALE","BLACK"
"SCOTTY STREET","02/20/1978","MALE","BLACK"
"UTHER STREET","12/09/1973","MALE","BLACK"
"DEANTHONY STREETER","10/06/1986","MALE","BLACK"
"JOSH STREETER","06/25/1999","MALE","WHITE"
"JOSEPH STREEVAL","09/18/1987","MALE","WHITE"
"DEANGELO STRIBLING","09/28/1990","MALE","BLACK"
"EARNEST STRIBLING","04/18/1972","MALE","BLACK"
"JEROLD STRIBLING","01/03/1977","MALE","BLACK"
"JERRY STRIBLING","11/28/1952","MALE","BLACK"
"ORLANDES STRIBLING","11/13/1988","MALE","BLACK"
"ALONZO STRICKLAND","07/11/1988","MALE","BLACK"
"ANTHONY STRICKLAND","11/09/1987","MALE","WHITE"
"ANTWON STRICKLAND","09/14/1996","MALE","BLACK"
"BARRY STRICKLAND","12/20/1962","MALE","WHITE"
"CARRIE STRICKLAND","09/02/1980","FEMALE","WHITE"
"DANNY STRICKLAND","11/15/1955","MALE","WHITE"
"DARRION STRICKLAND","07/20/1999","MALE","BLACK"
"DAVID STRICKLAND","10/12/1974","MALE","WHITE"
"DENZEL STRICKLAND","08/14/1995","MALE","BLACK"
"GEORGE STRICKLAND","06/10/1965","MALE","WHITE"
"JAMES STRICKLAND","08/21/1971","MALE","WHITE"
"JOE STRICKLAND","02/02/1967","MALE","BLACK"
"JOHN STRICKLAND","02/16/1983","MALE","WHITE"
"JOHNNY STRICKLAND","09/22/1961","MALE","WHITE"
"JOHNNY STRICKLAND","09/29/1954","MALE","WHITE"
"KEN STRICKLAND","08/09/1972","MALE","WHITE"
"KEVIN STRICKLAND","01/02/1979","MALE","WHITE"
"LADAYLE STRICKLAND","02/05/1995","MALE","BLACK"
"MARION STRICKLAND","07/30/1988","MALE","BLACK"
"QUARTAVEOUS STRICKLAND","05/12/1988","MALE","BLACK"
"ROY STRICKLAND","03/14/1988","MALE","BLACK"
"SCOTTY STRICKLAND","12/11/1984","MALE","WHITE"
"STANLEY STRICKLAND","02/09/1974","MALE","WHITE"
"TRIDARIOUS STRICKLAND","03/29/2001","MALE","BLACK"
"WILLIAM STRICKLAND","10/16/1991","MALE","WHITE"
"JASON STRICKLEN","03/25/1982","MALE","BLACK"
"LARRY STRICKLIN","09/15/1976","MALE","BLACK"
"TIMOTHY STRICKLIN","02/23/1980","MALE","WHITE"
"BENJAMIN STRINGER","04/28/1988","MALE","WHITE"
"BRYANT STRINGER","01/04/1979","MALE","BLACK"
"CHRISTOPHER STRINGER","08/27/1976","MALE","BLACK"
"DETRIC STRINGER","08/07/1980","MALE","BLACK"
"ERIC STRINGER","12/12/1992","MALE","BLACK"
"JACOB STRINGER","06/02/1990","MALE","WHITE"
"JOSEPH STRINGER","07/01/1986","MALE","WHITE"
"MICAH STRINGER","09/03/1976","MALE","WHITE"
"ROBERT STRINGER","10/22/1988","MALE","WHITE"
"TYRONE STRINGFELLOW","04/12/1965","MALE","BLACK"
"ANNANIS STRONG","05/04/1987","MALE","BLACK"
"ANTHONY STRONG","05/10/1999","MALE","BLACK"
"ANTHONY STRONG","07/30/1977","MALE","BLACK"
"CORDARIOUS STRONG","02/27/2001","MALE","BLACK"
"EDDIE STRONG","02/12/1980","MALE","BLACK"
"JAMMICHEAL STRONG","06/26/1989","MALE","BLACK"
"JUSTIN STRONG","02/16/1990","MALE","BLACK"
"KISHORE STRONG","07/17/1990","MALE","BLACK"
"MARCUS STRONG","12/05/1983","MALE","BLACK"
"RONNIE STRONG","08/31/1958","MALE","BLACK"
"WILLIE STRONG","12/20/1963","MALE","BLACK"
"ALLIE STROUD","10/14/1986","MALE","WHITE"
"LESTER STROUD","09/27/1984","MALE","BLACK"
"SHAWN STROUD","01/19/1986","MALE","WHITE"
"JARROD STUART","12/19/1986","MALE","WHITE"
"STEVEN STUART","09/01/1957","MALE","WHITE"
"BLAIR STUBBS","12/25/1986","MALE","BLACK"
"CHADWICK STUBBS","09/24/1989","MALE","BLACK"
"CORNELL STUBBS","11/29/1965","MALE","BLACK"
"JOSEPH STUBBS","11/04/1991","MALE","WHITE"
"QUADREKUS STUBBS","07/18/1990","MALE","BLACK"
"STELPHON STUBBS","12/22/1992","MALE","BLACK"
"TRASHUN STUBBS","09/27/1992","MALE","BLACK"
"BRIAN STUCKEY","01/05/1985","MALE","WHITE"
"CORNEILUS STUCKEY","03/06/1992","MALE","BLACK"
"EARNEST STUCKEY","05/03/1947","MALE","BLACK"
"MATTHEW STUCKEY","01/01/1988","MALE","WHITE"
"RANDY STUCKEY","01/07/1994","MALE","BLACK"
"DAKOTA STULTS","08/24/1993","MALE","WHITE"
"GARY STUMPF","11/26/1987","MALE","WHITE"
"MARK STURDIVANT","07/20/1986","MALE","WHITE"
"SHANNON STURGIS","12/24/1986","MALE","BLACK"
"CHRISTOPHER STUTSY","09/19/1982","MALE","WHITE"
"GABRIEL SWAIDNER","10/01/1984","MALE","WHITE"
"TIMOTHY SWAN","10/25/1989","MALE","BLACK"
"VICTORIA SWANAGAN","02/08/1987","FEMALE","BLACK"
"DARRYL SWANIER","10/05/1961","MALE","BLACK"
"RONNIE SWANN","12/28/1963","MALE","WHITE"
"LYNN SWANNER","05/04/1981","MALE","WHITE"
"JOHNNIE SWANS","08/14/1965","MALE","BLACK"
"JAMES SWANSON","04/20/1980","MALE","WHITE"
"CHRISTOPHER SWEARENGEN","07/28/1986","MALE","BLACK"
"BRANDON SWEENEY","04/09/1994","MALE","WHITE"
"BRIAN SWEET","03/10/1980","MALE","BLACK"
"SETH SWIATOWY","11/06/1989","MALE","WHITE"
"JAMES SWILLEY","06/03/1965","MALE","BLACK"
"MARQUELL SWILLEY","08/11/1994","MALE","BLACK"
"JAMES SWIMS","04/26/1985","MALE","BLACK"
"MATTHEW SWIMS","10/09/1978","MALE","BLACK"
"JESSIE SWINDLE","04/28/1982","MALE","WHITE"
"JAMES SWINFORD","01/14/1976","MALE","WHITE"
"JOHNNY SWINFORD","08/04/1983","MALE","WHITE"
"RICK SWINFORD","04/20/1946","MALE","BLACK"
"MAREICO SWINGRUM","12/15/1989","MALE","BLACK"
"AUDREY SWINNEY","11/06/1989","FEMALE","BLACK"
"KEVIN SWINNEY","02/09/1983","MALE","BLACK"
"TONY SWINNEY","06/12/1986","MALE","BLACK"
"VICKIE SWINNEY","09/08/1972","FEMALE","BLACK"
"PATRASHEON SWINSON","08/14/2002","MALE","BLACK"
"ROCKY SWITCHER","11/24/1965","MALE","WHITE"
"ADAM SWOR","11/22/1978","MALE","BLACK"
"ERNEST SYKES","09/16/1961","MALE","BLACK"
"JAMAL SYKES","03/26/1986","MALE","BLACK"
"JIMMY SYKES","07/23/1955","MALE","BLACK"
"LONNIE SYKES","08/24/1991","MALE","BLACK"
"MARICE SYKES","02/01/1995","MALE","BLACK"
"MARK SYKES","06/30/1976","MALE","BLACK"
"MARRIO SYKES","06/06/1980","MALE","BLACK"
"SYLVESTER SYKES","09/15/1967","MALE","BLACK"
"WILLIE SYKES","11/13/1967","MALE","BLACK"
"DEVONTEYE SYLVESTER","10/04/1994","MALE","BLACK"
"FERLANDO SYLVESTER","07/25/1981","MALE","BLACK"
"KRISTEN SYLVESTER","04/13/1994","FEMALE","WHITE"
