"ULYSSES TABB","08/10/1977","MALE","WHITE"
"TELVIN TABOR","09/12/1990","MALE","BLACK"
"HOLLY TACKER","06/05/1985","FEMALE","WHITE"
"BRANDY TACKETT","07/04/1981","FEMALE","WHITE"
"GARY TACKETT","06/09/1983","MALE","WHITE"
"KENDALL TACKETT","08/27/1989","MALE","WHITE"
"MICHAEL TACKETT","07/24/1976","MALE","WHITE"
"WILLIAM TACKETT","03/15/1957","MALE","WHITE"
"WILLIAM TACKETT","05/14/1985","MALE","WHITE"
"RICHARD TADLOCK","08/07/1964","MALE","WHITE"
"KANSAS TAESCHNER","04/01/1981","FEMALE","WHITE"
"DAVID TAGERT","11/14/1978","MALE","WHITE"
"LEON TAGGART","06/16/1961","MALE","WHITE"
"RASHEED TAHIR","09/22/1946","MALE","BLACK"
"ERIC TAIT","04/14/1972","MALE","BLACK"
"TINA TALARICO","11/11/1961","FEMALE","WHITE"
"BENJAMIN TALBERT","10/01/1981","MALE","WHITE"
"JAVONTAE TALIAFERRO","05/29/1995","MALE","BLACK"
"KELVIN TALIE","12/09/1984","MALE","BLACK"
"JOHN TALLANT","05/13/1977","MALE","WHITE"
"ANTHONY TALLEY","08/13/1980","MALE","BLACK"
"EARNEST TALLEY","12/04/1967","MALE","BLACK"
"JACK TALLEY","09/23/1960","MALE","WHITE"
"JERRY TALLEY","09/09/1986","MALE","BLACK"
"LAQUAN TALLEY","12/13/1989","MALE","BLACK"
"NIKE TALLEY","02/15/2000","MALE","BLACK"
"RICHARD TALLEY","05/04/1992","MALE","BLACK"
"RODERICK TALLEY","01/20/1999","MALE","BLACK"
"TAYLOR TALLEY","04/30/1992","MALE","WHITE"
"MORRIS TALLIE","05/31/1985","MALE","BLACK"
"TAVARIS TALLIE","04/07/1983","MALE","BLACK"
"ALBERT TAMAYO","02/15/1936","MALE","BLACK"
"CLARENCE TANKERSLEY","07/12/1969","MALE","WHITE"
"ALONZO TANKSLEY","10/29/1967","MALE","BLACK"
"JAMES TANKSLEY","04/11/1971","MALE","BLACK"
"KENNETH TANKSLEY","04/22/1991","MALE","BLACK"
"KYLESETH TANKSON","05/27/1992","MALE","BLACK"
"BRANDON TANNER","09/14/1995","MALE","WHITE"
"JUDE TANNER","07/21/1975","MALE","BLACK"
"MARKEY TANNER","11/12/1991","MALE","WHITE"
"SCOTT TANNER","02/03/1975","MALE","WHITE"
"WILLIE TANNER","04/04/1963","MALE","BLACK"
"ISIAH TAPP","09/30/1968","MALE","BLACK"
"RANDY TAPPER","09/17/1961","MALE","WHITE"
"QUENTIN TARD","06/16/1974","MALE","BLACK"
"SYLVESTER TART","05/07/1960","MALE","BLACK"
"SCOTT TARTER","01/14/1967","MALE","WHITE"
"TERRY TARTT","01/26/1974","MALE","WHITE"
"BRANDON TARVER","06/05/1998","MALE","WHITE"
"MICHAEL TARVIN","05/30/1974","MALE","BLACK"
"ALBERT TATE","11/13/1973","MALE","BLACK"
"ANTONIO TATE","12/13/1978","MALE","BLACK"
"BREONNE TATE","11/26/1979","MALE","BLACK"
"CALVIN TATE","01/24/1982","MALE","BLACK"
"CARLTON TATE","07/12/1992","MALE","BLACK"
"CHRISTOPHER TATE","01/13/1997","MALE","BLACK"
"COREY TATE","07/02/1989","MALE","BLACK"
"CORNELIUS TATE","03/07/2000","MALE","BLACK"
"DEMARQUIS TATE","04/28/1989","MALE","BLACK"
"DEQUAYLE TATE","11/05/1992","MALE","BLACK"
"DIQOUREIUS TATE","08/23/1993","MALE","BLACK"
"ERIC TATE","12/15/1970","MALE","BLACK"
"GERRI TATE","10/31/1982","MALE","BLACK"
"JOSHUA TATE","12/20/1995","MALE","BLACK"
"KIMBERLY TATE","03/29/1979","FEMALE","BLACK"
"LAWRENCE TATE","10/13/1998","MALE","BLACK"
"MICHAEL TATE","08/03/1987","MALE","BLACK"
"NORMAN TATE","10/15/1993","MALE","BLACK"
"OLLIE TATE","08/27/1994","MALE","BLACK"
"QUINTAVIUS TATE","12/20/1993","MALE","BLACK"
"VAN TATE","08/26/1991","MALE","BLACK"
"VANESSA TATE","05/26/1969","FEMALE","BLACK"
"VIRGIL TATE","07/16/1957","MALE","BLACK"
"WESLEY TATE","01/14/1980","MALE","BLACK"
"JONATHAN TATMAN","08/24/1995","MALE","WHITE"
"DEVIN TATSCH","01/26/1993","MALE","WHITE"
"BRENT TATUM","05/11/1984","MALE","BLACK"
"CHARLES TATUM","12/13/1975","MALE","BLACK"
"CLIFTON TATUM","07/07/1970","MALE","BLACK"
"JIMMY TATUM","07/03/1972","MALE","BLACK"
"JOSHUA TATUM","07/18/1998","MALE","WHITE"
"MARCUS TATUM","09/09/1988","MALE","BLACK"
"RICHARD TATUM","09/26/1980","MALE","WHITE"
"VERBIE TATUM","04/13/1972","MALE","BLACK"
"ADDREAN TAYLOR","12/25/1998","MALE","BLACK"
"ADRIAN TAYLOR","09/15/1984","MALE","BLACK"
"ALLEN TAYLOR","01/18/1953","MALE","BLACK"
"ANDREW TAYLOR","09/21/1981","MALE","WHITE"
"ANTOINE TAYLOR","01/19/1984","MALE","BLACK"
"ANTONIO TAYLOR","10/12/1993","MALE","BLACK"
"ASEANTE TAYLOR","08/21/1997","MALE","BLACK"
"BAILESS TAYLOR","09/29/1981","MALE","BLACK"
"BENJAMIN TAYLOR","06/08/1977","MALE","BLACK"
"BERNARD TAYLOR","10/23/1994","MALE","BLACK"
"BOBBY TAYLOR","07/23/1971","MALE","BLACK"
"BOBBY TAYLOR","07/13/1990","MALE","WHITE"
"CADARRO TAYLOR","10/08/1995","MALE","BLACK"
"CARLOS TAYLOR","12/15/1979","MALE","BLACK"
"CEDRIC TAYLOR","03/29/1991","MALE","BLACK"
"CEDRICK TAYLOR","07/09/1977","MALE","BLACK"
"CHARLIE TAYLOR","11/03/1962","MALE","BLACK"
"CHARLIE TAYLOR","12/12/1985","MALE","BLACK"
"CHARLIE TAYLOR","06/18/1989","MALE","BLACK"
"CHRISTOPHER TAYLOR","08/01/1981","MALE","WHITE"
"CHRISTOPHER TAYLOR","02/25/1989","MALE","BLACK"
"CHRISTOPHER TAYLOR","05/11/1986","MALE","WHITE"
"CHRISTOPHER TAYLOR","11/13/1977","MALE","BLACK"
"COREY TAYLOR","03/14/1996","MALE","BLACK"
"COREY TAYLOR","07/17/1987","MALE","BLACK"
"CORNELIUS TAYLOR","05/07/1958","MALE","WHITE"
"CORTEZ TAYLOR","01/21/1986","MALE","BLACK"
"CORYELL TAYLOR","12/17/1978","MALE","BLACK"
"COURTNEY TAYLOR","09/27/1965","MALE","BLACK"
"COURTNEY TAYLOR","04/04/1989","FEMALE","WHITE"
"D'KRISTOPHER TAYLOR","12/24/1979","MALE","BLACK"
"DALVIN TAYLOR","02/06/1998","MALE","BLACK"
"DAMIEN TAYLOR","02/23/1994","MALE","BLACK"
"DANIEL TAYLOR","06/24/1984","MALE","BLACK"
"DARRELL TAYLOR","09/23/1989","MALE","BLACK"
"DAVID TAYLOR","01/10/1985","MALE","BLACK"
"DEANGELO TAYLOR","12/23/1990","MALE","BLACK"
"DERRICK TAYLOR","10/08/1987","MALE","BLACK"
"DEZI TAYLOR","12/08/1977","MALE","BLACK"
"DONTEL TAYLOR","11/16/1996","MALE","BLACK"
"DOUGLAS TAYLOR","06/02/1965","MALE","BLACK"
"EDDIE TAYLOR","10/08/1970","MALE","BLACK"
"EDDIE TAYLOR","06/09/1983","MALE","BLACK"
"EFRAM TAYLOR","04/20/1984","MALE","BLACK"
"ENOCH TAYLOR","05/15/1984","MALE","BLACK"
"ERIC TAYLOR","05/09/1996","MALE","BLACK"
"FERNANDEZ TAYLOR","05/12/1984","MALE","BLACK"
"FLOYD TAYLOR","09/10/1996","MALE","BLACK"
"FORREST TAYLOR","07/11/1998","MALE","WHITE"
"GARY TAYLOR","06/18/1959","MALE","WHITE"
"HERMAN TAYLOR","07/19/1962","MALE","WHITE"
"JACKIE TAYLOR","01/08/1973","MALE","WHITE"
"JAMARCUS TAYLOR","09/16/1993","MALE","BLACK"
"JAMES TAYLOR","02/14/1982","MALE","WHITE"
"JAMES TAYLOR","08/27/1971","MALE","WHITE"
"JEFFERY TAYLOR","08/20/1990","MALE","BLACK"
"JEFFERY TAYLOR","05/16/1994","MALE","BLACK"
"JOE TAYLOR","09/11/1950","MALE","WHITE"
"JOE TAYLOR","05/16/1979","MALE","BLACK"
"JOHN TAYLOR","12/26/1951","MALE","WHITE"
"JOHN TAYLOR","11/06/1985","MALE","WHITE"
"JOHN TAYLOR","07/24/1988","MALE","WHITE"
"JOHNNY TAYLOR","12/08/1970","MALE","BLACK"
"JOHNNY TAYLOR","06/25/1965","MALE","WHITE"
"JONAH TAYLOR","05/11/1982","MALE","WHITE"
"JOSEPH TAYLOR","11/15/1974","MALE","WHITE"
"JOSEPH TAYLOR","12/19/1951","MALE","BLACK"
"JOSHUA TAYLOR","03/26/1988","MALE","BLACK"
"KAINE TAYLOR","02/17/1996","MALE","WHITE"
"KARNARVIS TAYLOR","12/16/1987","MALE","BLACK"
"KEATON TAYLOR","03/28/2002","MALE","WHITE"
"KELVIN TAYLOR","11/15/1976","MALE","BLACK"
"KENJI TAYLOR","04/02/1997","MALE","BLACK"
"KERRY TAYLOR","07/23/1973","MALE","BLACK"
"KRISTOFFER TAYLOR","02/04/1995","MALE","BLACK"
"LADARON TAYLOR","06/06/1994","MALE","BLACK"
"LAMAJOR TAYLOR","06/14/1990","MALE","BLACK"
"LARON TAYLOR","10/11/1978","MALE","BLACK"
"LARRY TAYLOR","03/16/1982","MALE","BLACK"
"LASHAUN TAYLOR","01/24/1985","MALE","BLACK"
"LATASHA TAYLOR","08/10/1976","FEMALE","BLACK"
"LAVELL TAYLOR","08/30/1980","MALE","BLACK"
"LEMARTINE TAYLOR","11/02/1988","MALE","BLACK"
"LEROY TAYLOR","11/14/1975","MALE","BLACK"
"LEVOR TAYLOR","03/23/1989","MALE","BLACK"
"LORENZO TAYLOR","01/16/1992","MALE","BLACK"
"LUKE TAYLOR","08/28/1982","MALE","WHITE"
"MARCUS TAYLOR","12/15/1981","MALE","BLACK"
"MARIO TAYLOR","06/26/1982","MALE","BLACK"
"MAURICE TAYLOR","12/15/1981","MALE","BLACK"
"MICHAEL TAYLOR","07/18/1969","MALE","BLACK"
"MICHAEL TAYLOR","04/01/1966","MALE","WHITE"
"MICHAEL TAYLOR","09/04/1989","MALE","BLACK"
"MICHAEL TAYLOR","07/26/1991","MALE","WHITE"
"MICHAEL TAYLOR","07/30/1997","MALE","BLACK"
"MONTRAIL TAYLOR","04/28/1993","MALE","BLACK"
"NATHANIEL TAYLOR","05/01/1988","MALE","BLACK"
"OTIS TAYLOR","11/21/1983","MALE","BLACK"
"OTIS TAYLOR","04/29/1969","MALE","BLACK"
"PRENTISS TAYLOR","03/07/1981","MALE","BLACK"
"QUENDRAVIOUS TAYLOR","08/21/1994","MALE","BLACK"
"QUENTIN TAYLOR","09/21/1991","MALE","BLACK"
"RANDOL TAYLOR","12/28/1962","MALE","WHITE"
"ROBERT TAYLOR","12/19/1986","MALE","BLACK"
"RODERICK TAYLOR","08/13/1970","MALE","BLACK"
"RODERICK TAYLOR","01/14/1976","MALE","BLACK"
"RODREXOUS TAYLOR","09/03/1993","MALE","BLACK"
"SAMUEL TAYLOR","02/11/1988","MALE","BLACK"
"SHAWN TAYLOR","04/19/1971","MALE","BLACK"
"STEVE TAYLOR","05/20/1964","MALE","BLACK"
"STEVEN TAYLOR","10/15/1981","MALE","WHITE"
"TAMICHAEL TAYLOR","05/31/1989","MALE","BLACK"
"TERRANCE TAYLOR","08/20/1991","MALE","BLACK"
"THOMAS TAYLOR","05/15/1942","MALE","WHITE"
"TIMOTHY TAYLOR","09/06/2001","MALE","BLACK"
"TORRIAN TAYLOR","02/17/1988","MALE","BLACK"
"TRAVELL TAYLOR","08/26/1995","MALE","BLACK"
"TRAVELL TAYLOR","12/16/1972","MALE","BLACK"
"TREVOR TAYLOR","01/28/1989","MALE","WHITE"
"VINSA TAYLOR","06/12/1996","MALE","BLACK"
"WILLIAM TAYLOR","09/15/1989","MALE","BLACK"
"WILLIE TAYLOR","06/03/1994","MALE","BLACK"
"WILLIE TAYLOR","03/02/1955","MALE","BLACK"
"WILLIE TAYLOR","12/05/1978","MALE","BLACK"
"XAVIER TAYLOR","10/11/1992","MALE","BLACK"
"XEZAVION TAYLOR","06/26/1985","MALE","BLACK"
"ZACHARY TAYLOR","09/09/1994","MALE","BLACK"
"ZACK TAYLOR","08/08/1992","MALE","WHITE"
"ZACKARY TAYLOR","08/07/1998","MALE","BLACK"
"ZACKERY TAYLOR","06/05/1996","MALE","WHITE"
"BRANDON TEAGUE","08/07/1991","MALE","WHITE"
"JOSHUA TEAGUE","12/04/1985","MALE","WHITE"
"NICHOLAS TEAGUE","11/25/1985","MALE","WHITE"
"SKYLER TEAGUE","03/18/1989","MALE","WHITE"
"WILLIAM TEDDER","06/28/1957","MALE","WHITE"
"CHRISTOPHER TEDFORD","05/06/1977","MALE","WHITE"
"CHRISTOPHER TEDFORD","08/19/1964","MALE","WHITE"
"CHRISTOPHER TEDFORD","01/10/1998","MALE","WHITE"
"DANNY TEDFORD","10/21/1962","MALE","WHITE"
"JAMIE TEDFORD","09/22/1976","MALE","WHITE"
"CASSITY TEER","03/06/1990","FEMALE","WHITE"
"YOHANNES TEKLE","09/01/1959","MALE","BLACK"
"MARCUS TELFORD","04/13/1986","MALE","BLACK"
"OZZIE TELFORD","11/06/1989","MALE","BLACK"
"QUINTON TELLIS","10/06/1988","MALE","BLACK"
"AURILIANO TELLO","09/30/1978","MALE","SPANISH"
"HARRY TEMPLE","05/15/1970","MALE","BLACK"
"PATRICK TEMPLE","03/19/1960","MALE","BLACK"
"BILLY TEMPLETON","03/28/1964","MALE","WHITE"
"ROBERT TEMPLETON","04/01/1981","MALE","WHITE"
"BRITTANY TENNANT","05/02/1985","FEMALE","WHITE"
"BARBARA TENNEY","03/02/1971","FEMALE","WHITE"
"MICHAEL TENNORT","02/16/1962","MALE","BLACK"
"ANTHONY TENSLEY","12/03/1980","MALE","BLACK"
"SHANNON TENTION","09/19/1980","MALE","BLACK"
"EDDIE TERNOIR","01/07/1980","MALE","BLACK"
"ADARIUS TERRELL","02/15/1990","MALE","BLACK"
"ANDREAS TERRELL","08/19/1996","MALE","BLACK"
"DEMARCUS TERRELL","07/27/1991","MALE","BLACK"
"ISAAC TERRELL","08/30/1994","MALE","BLACK"
"JAMES TERRELL","01/26/1991","MALE","BLACK"
"JAVONTEE TERRELL","11/03/1996","MALE","BLACK"
"JOHN TERRELL","02/12/1960","MALE","BLACK"
"MICHAEL TERRELL","12/14/1971","MALE","BLACK"
"MICHAEL TERRELL","04/14/1994","MALE","WHITE"
"PAUL TERRELL","06/09/1976","MALE","WHITE"
"RICARDO TERRELL","10/17/1977","MALE","BLACK"
"ROBERT TERRELL","01/27/1980","MALE","BLACK"
"TODD TERRELL","12/29/1969","MALE","WHITE"
"ALLEN TERRY","07/24/1983","MALE","BLACK"
"AUSTIN TERRY","03/03/1999","MALE","WHITE"
"BEN TERRY","06/12/1985","MALE","WHITE"
"CEDRIC TERRY","02/14/1985","MALE","BLACK"
"CEPHUS TERRY","02/07/1983","MALE","BLACK"
"CHRISTOPHER TERRY","09/01/1980","MALE","BLACK"
"ERIC TERRY","08/30/1978","MALE","WHITE"
"GEROGE TERRY","08/24/1995","MALE","BLACK"
"JARED TERRY","04/11/1991","MALE","BLACK"
"KENNETH TERRY","12/22/1972","MALE","BLACK"
"MICHAEL TERRY","05/23/1985","MALE","WHITE"
"RODERICK TERRY","03/18/1980","MALE","BLACK"
"SHAMIKA TERRY","08/30/1981","FEMALE","BLACK"
"BILL TEST","01/01/1961","MALE","WHITE"
"RUN TEST","05/03/1961","MALE","ASIAN"
"ERIC TEW","02/20/1959","MALE","WHITE"
"BENJAMIN TIBBETTS","10/03/1969","MALE","WHITE"
"CODY TIDWELL","08/12/1985","MALE","WHITE"
"GLEN TIDWELL","09/29/1972","MALE","WHITE"
"JASON TIDWELL","08/09/1977","MALE","WHITE"
"JOSEPH TIDWELL","09/20/1975","MALE","BLACK"
"RICHARD TIDWELL","07/17/1977","MALE","WHITE"
"TIMOTHY TIDWELL","08/08/1969","MALE","WHITE"
"RYAN TIETJEN","12/31/1986","MALE","WHITE"
"JAMES TILFORD","03/31/1969","MALE","WHITE"
"RAFFEAL TILLERY","12/14/1988","MALE","BLACK"
"RONNIE TILLERY","05/14/1976","MALE","BLACK"
"TREY TILLERY","03/26/1992","MALE","WHITE"
"BRANDON TILLEY","03/21/1989","MALE","WHITE"
"JUSTIN TILLEY","12/30/2001","MALE","WHITE"
"CONTI TILLIS","07/31/1992","MALE","BLACK"
"DARRELL TILLIS","11/13/1980","MALE","BLACK"
"JAMARTEZ TILLIS","05/15/1995","MALE","BLACK"
"MICHAEL TILLIS","12/21/1989","MALE","BLACK"
"UNDARIUS TILLIS","09/27/1997","MALE","BLACK"
"ZENAS TILLIS","10/23/1987","MALE","BLACK"
"TONY TILLISON","06/11/1968","MALE","BLACK"
"BENNIE TILLMAN","02/10/1953","MALE","BLACK"
"CEDRIC TILLMAN","10/11/1985","MALE","BLACK"
"DEREL TILLMAN","04/17/1987","MALE","BLACK"
"GENO TILLMAN","09/10/1971","MALE","BLACK"
"JORDAN TILLMAN","06/05/1998","MALE","BLACK"
"MARQUISE TILLMAN","08/24/1987","MALE","BLACK"
"MELISSA TILLMAN","03/21/1971","FEMALE","BLACK"
"MICHAEL TILLMAN","10/21/1970","MALE","WHITE"
"RAKAVIOUS TILLMAN","08/27/1999","MALE","BLACK"
"ROSHUNDA TILLMAN","08/25/1989","FEMALE","BLACK"
"ROY TILLMAN","01/18/1972","MALE","WHITE"
"DONNA TILLMON","09/18/1971","FEMALE","BLACK"
"JANET TIMES","10/30/1955","FEMALE","BLACK"
"DEMARCUS TIMMONS","11/25/1988","MALE","BLACK"
"DEBRECO TIMS","05/07/1997","MALE","BLACK"
"KENNETH TIMS","01/23/1967","MALE","BLACK"
"LABARRIAN TIMS","02/06/1986","MALE","BLACK"
"MACJAVORIS TIMS","07/14/1993","MALE","BLACK"
"QUINNVARIUS TIMS","04/02/1995","MALE","BLACK"
"DOUGLAS TINDALL","02/27/1964","MALE","BLACK"
"BRAD TINGLE","07/25/1977","MALE","WHITE"
"DONNELL TINGLE","06/18/1969","MALE","BLACK"
"JESSICA TINGLE","06/10/1986","FEMALE","WHITE"
"DEANTHONY TINSLEY","08/25/1995","MALE","BLACK"
"DEMARCUS TIPLER","07/28/1991","MALE","BLACK"
"DEXTER TIPLER","06/14/1984","MALE","BLACK"
"TATYANNA TIPTON","04/07/1980","FEMALE","BLACK"
"CHARLES TISABY","06/02/1996","MALE","BLACK"
"TIMOTHY TISDALE","12/17/1979","MALE","WHITE"
"CHRISTOPHER TITTLE","08/12/1972","MALE","BLACK"
"MARVIN TITUS","01/13/1971","MALE","BLACK"
"RAYSHUN TITUS","12/02/1984","MALE","BLACK"
"NATHANIEL TOBIAS","05/06/1990","MALE","BLACK"
"ANDREANNA TODD","04/28/1989","FEMALE","BLACK"
"CARLA TODD","09/22/1971","FEMALE","WHITE"
"CLINT TODD","08/07/1975","MALE","WHITE"
"CURRYE TODD","07/26/1985","MALE","BLACK"
"JERRICK TODD","12/17/1990","MALE","BLACK"
"JHARA TODD","09/28/1993","MALE","BLACK"
"JONATHAN TODD","02/26/1993","MALE","WHITE"
"JUSTIN TODD","11/16/1978","MALE","WHITE"
"KELVIN TODD","03/13/1973","MALE","BLACK"
"KENNETH TODD","09/12/1952","MALE","WHITE"
"MYCHAL TODD","01/28/1992","MALE","BLACK"
"RODNEY TODD","03/25/1978","MALE","WHITE"
"TOBEY TODD","05/31/1974","MALE","BLACK"
"AIRICK TOINS","07/22/1997","MALE","BLACK"
"DAIQHUIN TOLAR","09/21/1995","MALE","BLACK"
"ARVIS TOLBERT","11/22/1978","MALE","WHITE"
"CEDRIC TOLBERT","03/19/1987","MALE","BLACK"
"DEVIN TOLBERT","02/05/1988","MALE","BLACK"
"MARCUS TOLBERT","04/02/1977","MALE","BLACK"
"PHILLIP TOLBERT","10/16/1987","MALE","WHITE"
"SATCHEL TOLBERT","12/19/1994","MALE","BLACK"
"AMBER TOLER","03/28/1983","FEMALE","WHITE"
"DARREN TOLES","12/02/1996","MALE","BLACK"
"PURVIS TOLES","08/11/1977","MALE","BLACK"
"PHILLIP TOLIBLE","10/08/1986","MALE","BLACK"
"CHARLES TOLIVER","12/25/1963","MALE","BLACK"
"CORNELIUS TOLIVER","04/18/1994","MALE","BLACK"
"JAMES TOLLISON","04/05/1968","MALE","WHITE"
"JESSICA TOLLISON","07/01/1984","FEMALE","WHITE"
"QUINCY TOLLIVAR","06/05/1991","MALE","BLACK"
"DEVONTE TOLLIVER","06/10/1996","MALE","BLACK"
"WALTER TOLLIVER","08/15/1994","MALE","BLACK"
"JOSHUA TOMEY","04/27/1981","MALE","WHITE"
"DONALD TOMLIN","11/06/1977","MALE","WHITE"
"RONALD TONCREY","06/06/1956","MALE","WHITE"
"DARRIAN TONEY","04/25/1993","MALE","BLACK"
"MELISSA TONEY","10/09/1983","FEMALE","WHITE"
"PAMELA TONEY","04/25/1977","FEMALE","WHITE"
"TIERRE TONEY","12/10/1975","MALE","BLACK"
"CRAIG TOOLE","11/08/1993","MALE","BLACK"
"DOUGLAS TOOTLE","07/16/1985","MALE","WHITE"
"WILLIAM TOPP","10/25/1993","MALE","BLACK"
"GERALD TOPPS","03/02/1995","MALE","BLACK"
"JACOREY TOPPS","07/07/1998","MALE","BLACK"
"JAMES TOPPS","09/01/1982","MALE","BLACK"
"CHRISTOPHER TORRES","06/27/1971","MALE","SPANISH"
"FRANCISCO TORRES","12/09/1990","MALE","SPANISH"
"OCTOVIANA TORRES","08/02/1975","MALE","SPANISH"
"TROY TORRES","11/15/1979","MALE","WHITE"
"VICTORIA TORRES","08/29/1987","FEMALE","BLACK"
"CLIFTON TORREY","01/22/1957","MALE","WHITE"
"NED TORREY","08/11/1957","MALE","BLACK"
"THEODOSIUS TORREY","01/02/1974","MALE","BLACK"
"JOSHUA TORRY","06/11/1998","MALE","BLACK"
"ROBERT TOTMAN","05/21/1973","MALE","WHITE"
"JEROME TOTTEN","02/10/1971","MALE","BLACK"
"SAMANTHA TOUCHET","01/16/1986","FEMALE","WHITE"
"STARLETTE TOUCHSTONE","08/26/1968","FEMALE","BLACK"
"MILLARD TOUSSAINT","09/09/1972","MALE","WHITE"
"DAVID TOWERY","05/25/1982","MALE","WHITE"
"JUSTIN TOWLER","02/24/1995","MALE","BLACK"
"DEONTE TOWNER","10/09/1995","MALE","BLACK"
"ERNEST TOWNER","11/29/1978","MALE","BLACK"
"JOSEPH TOWNER","02/09/1985","MALE","BLACK"
"MONICA TOWNER","01/29/1980","FEMALE","BLACK"
"RONALD TOWNER","02/03/1988","MALE","BLACK"
"JIMMY TOWNES","05/07/1972","MALE","BLACK"
"MARQUIS TOWNES","08/29/1985","MALE","BLACK"
"QY'DARRIOUS TOWNS","05/06/2000","MALE","BLACK"
"VONDARIOUS TOWNS","05/25/1999","MALE","BLACK"
"ALFRONZIA TOWNSEL","06/09/1990","MALE","BLACK"
"CEDRIC TOWNSEL","12/27/1982","MALE","BLACK"
"JOSIAH TOWNSEL","03/03/1997","MALE","BLACK"
"ANTRAIL TOWNSEND","06/30/1984","MALE","BLACK"
"BARRY TOWNSEND","01/28/1967","MALE","BLACK"
"BRODRICK TOWNSEND","12/16/1993","MALE","BLACK"
"CAMERON TOWNSEND","05/22/1999","MALE","BLACK"
"DAMIEN TOWNSEND","02/10/1980","MALE","BLACK"
"DANIEL TOWNSEND","12/22/1984","MALE","WHITE"
"DAQUON TOWNSEND","02/19/1996","MALE","BLACK"
"DEVIN TOWNSEND","09/14/1995","MALE","WHITE"
"ERIC TOWNSEND","10/27/1983","MALE","BLACK"
"FRANK TOWNSEND","05/05/1961","MALE","BLACK"
"HERBERT TOWNSEND","08/26/1981","MALE","BLACK"
"JOHNNY TOWNSEND","11/11/1964","MALE","BLACK"
"JOHNNY TOWNSEND","10/26/1991","MALE","BLACK"
"KENNETH TOWNSEND","04/22/1962","MALE","BLACK"
"KEVIUS TOWNSEND","12/17/1994","MALE","BLACK"
"LEARTIS TOWNSEND","06/06/1976","MALE","BLACK"
"LIONEL TOWNSEND","09/21/1998","MALE","BLACK"
"LISA TOWNSEND","08/15/1971","FEMALE","WHITE"
"LUKE TOWNSEND","07/31/1981","MALE","WHITE"
"NEBAUCHEDNEZ TOWNSEND","09/17/1985","MALE","BLACK"
"PHILA TOWNSEND","01/31/1972","MALE","BLACK"
"RENARDO TOWNSEND","07/19/1971","MALE","BLACK"
"ROBERT TOWNSEND","04/04/1958","MALE","BLACK"
"ROMEIUS TOWNSEND","08/11/1978","MALE","BLACK"
"TEDDY TOWNSEND","12/27/1981","MALE","WHITE"
"WILLIE TOWNSEND","06/29/1956","MALE","BLACK"
"WILLIE TOWNSEND","11/25/1961","MALE","BLACK"
"CHARLES TOY","12/11/1974","MALE","BLACK"
"RHONDA TUBB","01/21/1980","FEMALE","WHITE"
"JAMIE TUBBS","06/17/1995","FEMALE","WHITE"
"KUDARRIUS TUBBS","11/30/1996","MALE","BLACK"
"RICKY TUBBS","07/09/1989","MALE","BLACK"
"THOMAS TUBBS","01/29/1954","MALE","BLACK"
"WAYNE TUBBS","10/16/1973","MALE","WHITE"
"MARK TUBERVILLE","08/21/1983","MALE","WHITE"
"DOMINIC TUCK","03/02/1989","MALE","BLACK"
"AKEVIOUS TUCKER","01/29/1996","MALE","BLACK"
"AKILLUS TUCKER","09/10/1997","MALE","BLACK"
"ANGELA TUCKER","03/08/1988","FEMALE","WHITE"
"BLAISE TUCKER","04/01/1993","MALE","BLACK"
"CARL TUCKER","09/10/1965","MALE","BLACK"
"CHARLES TUCKER","09/17/1994","MALE","WHITE"
"DANIEL TUCKER","01/17/1997","MALE","WHITE"
"DONNIE TUCKER","04/11/1972","MALE","WHITE"
"GEORGE TUCKER","11/08/1962","MALE","WHITE"
"HOWARD TUCKER","06/07/1995","MALE","UNKNOWN"
"JAMIE TUCKER","05/27/1985","MALE","BLACK"
"JEFF TUCKER","02/14/1956","MALE","WHITE"
"JIMMY TUCKER","12/26/1990","MALE","WHITE"
"LARRY TUCKER","08/06/1980","MALE","BLACK"
"MARION TUCKER","02/17/1968","MALE","WHITE"
"MARLON TUCKER","12/10/1994","MALE","BLACK"
"MARTIN TUCKER","08/26/1997","MALE","WHITE"
"MATTHEW TUCKER","10/08/1978","MALE","WHITE"
"MEKISHA TUCKER","06/10/1980","FEMALE","BLACK"
"ROBERT TUCKER","10/15/1984","MALE","WHITE"
"TIMOTHY TUCKER","12/15/1988","MALE","WHITE"
"VICTOR TUCKER","12/18/1962","MALE","WHITE"
"DARRELL TUGGLE","06/22/1966","MALE","WHITE"
"DEWAYNE TUGLE","09/10/1978","MALE","BLACK"
"CHRIS TULLOS","05/24/1976","MALE","WHITE"
"DANIEL TUNNELL","03/18/1990","MALE","WHITE"
"MICHAEL TUNNELL","11/19/1977","MALE","WHITE"
"BARRY TUNSTALL","02/07/1982","MALE","BLACK"
"DEMARIOUS TUNSTALL","11/28/1997","MALE","BLACK"
"JERWIN TUNSTALL","03/22/1993","MALE","BLACK"
"LARRY TURK","09/23/1971","MALE","BLACK"
"AMY TURLEY","07/15/1975","FEMALE","WHITE"
"BRYAN TURNAGE","11/14/1998","MALE","WHITE"
"CHYENNE TURNAGE","12/13/1997","FEMALE","SPANISH"
"JAMES TURNAGE","04/18/1987","MALE","WHITE"
"KEVIN TURNAGE","01/12/1969","MALE","WHITE"
"RENE TURNAGE","02/26/1972","FEMALE","BLACK"
"ALESHA TURNER","11/29/1993","FEMALE","WHITE"
"ALEXANDER TURNER","04/12/1985","MALE","BLACK"
"AMANDA TURNER","05/05/1981","FEMALE","WHITE"
"ANDRES TURNER","04/16/1987","MALE","BLACK"
"ANGELA TURNER","12/12/1971","FEMALE","WHITE"
"ANTHONY TURNER","05/06/1987","MALE","BLACK"
"ANTHONY TURNER","07/23/1984","MALE","BLACK"
"ANTHONY TURNER","08/23/1980","MALE","BLACK"
"AVIS TURNER","08/10/1985","MALE","BLACK"
"BILLY TURNER","03/17/1989","MALE","WHITE"
"BOBBY TURNER","01/31/1995","MALE","WHITE"
"BRANDON TURNER","07/16/1985","MALE","BLACK"
"BRIAN TURNER","11/17/1973","MALE","WHITE"
"CARL TURNER","08/08/1994","MALE","BLACK"
"CHARLES TURNER","03/01/1955","MALE","BLACK"
"CLARENCE TURNER","05/02/1953","MALE","BLACK"
"CLYDE TURNER","04/15/1979","MALE","WHITE"
"DANIEL TURNER","05/18/1991","MALE","WHITE"
"DARION TURNER","03/18/2001","MALE","BLACK"
"DARLENE TURNER","04/03/1995","FEMALE","BLACK"
"DAVID TURNER","04/10/1989","MALE","BLACK"
"DEAN TURNER","12/27/1966","MALE","WHITE"
"DEMITRIUS TURNER","09/02/1989","MALE","BLACK"
"DERRICK TURNER","03/05/1976","MALE","BLACK"
"DOMINIC TURNER","07/11/1990","MALE","BLACK"
"DUSTY TURNER","05/16/1978","MALE","WHITE"
"EDDIE TURNER","12/28/1993","MALE","BLACK"
"EVERETT TURNER","01/30/1966","MALE","BLACK"
"JAMES TURNER","12/24/1992","MALE","BLACK"
"JASON TURNER","07/23/1973","MALE","BLACK"
"JEFFORY TURNER","07/25/1985","MALE","WHITE"
"JERRY TURNER","07/29/1978","MALE","BLACK"
"JIMMY TURNER","08/13/1973","MALE","WHITE"
"JOCQUES TURNER","05/29/1993","MALE","BLACK"
"JOE TURNER","11/24/1976","MALE","WHITE"
"JOHN TURNER","01/01/1967","MALE","WHITE"
"JOHNNY TURNER","07/19/1958","MALE","WHITE"
"JONATHAN TURNER","03/30/1985","MALE","BLACK"
"JONATHAN TURNER","08/17/1992","MALE","BLACK"
"JOSHUA TURNER","02/20/1989","MALE","WHITE"
"JULIUS TURNER","10/23/1982","MALE","BLACK"
"JUSTIN TURNER","12/15/1987","MALE","WHITE"
"KALVIN TURNER","06/30/1990","MALE","BLACK"
"KEELAN TURNER","06/28/2000","MALE","BLACK"
"KEETHION TURNER","02/22/1995","MALE","BLACK"
"KELVIN TURNER","06/09/1974","MALE","BLACK"
"LANE TURNER","08/26/1997","MALE","WHITE"
"LEKENDRICK TURNER","12/24/1989","MALE","BLACK"
"LEON TURNER","05/01/1985","MALE","WHITE"
"MARIO TURNER","07/17/1990","MALE","BLACK"
"MELISSA TURNER","07/04/1970","FEMALE","WHITE"
"MICHAEL TURNER","06/13/1985","MALE","BLACK"
"MICHAEL TURNER","06/13/1980","MALE","BLACK"
"RICHARD TURNER","08/09/1985","MALE","BLACK"
"RODNEY TURNER","04/20/1989","MALE","WHITE"
"ROZANDER TURNER","11/30/1992","MALE","BLACK"
"RUNNEL TURNER","06/13/1986","MALE","BLACK"
"SANTANGELA TURNER","03/04/1991","FEMALE","BLACK"
"SEAN TURNER","09/10/1987","MALE","WHITE"
"SHIRLEY TURNER","01/04/1972","FEMALE","BLACK"
"STEPHEN TURNER","12/02/1997","MALE","BLACK"
"TIMOTHY TURNER","10/28/1972","MALE","WHITE"
"TIMOTHY TURNER","11/19/1963","MALE","WHITE"
"TOMMIE TURNER","06/25/1955","MALE","BLACK"
"WILEY TURNER","06/06/1958","MALE","BLACK"
"ZACHARAIS TURNER","03/28/1999","MALE","BLACK"
"MICAH TURNLEY","10/02/1980","MALE","WHITE"
"ANDRUE TUTOR","07/10/1998","MALE","WHITE"
"BARRY TUTOR","12/21/1960","MALE","WHITE"
"BILLY TUTOR","07/28/1986","MALE","WHITE"
"JIMMY TUTOR","03/25/1990","MALE","WHITE"
"ADREL TUTWILER","05/11/1990","MALE","BLACK"
