"CLEVELAND TH OMPSON","12/01/1987","MALE","WHITE"
"DARRON THAMES","09/15/1987","MALE","BLACK"
"DONNELL THAMES","09/01/1957","MALE","BLACK"
"JERRY THAMES","01/28/1948","MALE","WHITE"
"JOSHUA THAMES","09/03/1999","MALE","WHITE"
"KENDRICK THAMES","04/26/1990","MALE","BLACK"
"THOMAS THAMES","10/31/1996","MALE","BLACK"
"WILLIE THAMES","11/13/1963","MALE","BLACK"
"JOHN THARP","03/27/1986","MALE","WHITE"
"KEVIN THARP","08/20/1975","MALE","WHITE"
"CHARLES THARPE","02/28/1979","MALE","BLACK"
"KEITH THAYER","11/23/1961","MALE","WHITE"
"BILLY THEDFORD","10/16/1988","MALE","BLACK"
"RODERIC THEODORE","11/27/1977","MALE","BLACK"
"JOSEPH THIBODEAUX","01/26/1982","MALE","WHITE"
"ANTHONY THIGPEN","01/06/1966","MALE","BLACK"
"JOHNNY THIGPEN","08/04/1957","MALE","BLACK"
"JWYANZA THIGPEN","12/19/1974","MALE","BLACK"
"RICHARD THIGPEN","09/17/1980","MALE","WHITE"
"STACEY THIGPEN","02/15/1973","FEMALE","WHITE"
"AUSTIN THIMM","08/30/1994","MALE","WHITE"
"FREDRICK THIROUX","03/08/1969","MALE","WHITE"
"AARON THOMAS","09/28/1985","MALE","BLACK"
"ALBERT THOMAS","10/25/1979","MALE","BLACK"
"ALVIN THOMAS","12/16/1973","MALE","BLACK"
"ANDRE THOMAS","12/09/1983","MALE","BLACK"
"ANDREA THOMAS","03/14/1984","MALE","BLACK"
"ANTHONY THOMAS","06/19/1959","MALE","BLACK"
"ANTHONY THOMAS","11/10/1981","MALE","BLACK"
"ANTHONY THOMAS","09/06/1968","MALE","BLACK"
"ANTONIO THOMAS","07/11/1980","MALE","BLACK"
"ANTONIO THOMAS","02/14/1999","MALE","BLACK"
"ANTWAIN THOMAS","02/10/1981","MALE","BLACK"
"AQUINO THOMAS","10/06/1983","MALE","BLACK"
"BOBBY THOMAS","03/07/1985","MALE","BLACK"
"BOBBY THOMAS","12/30/1987","MALE","BLACK"
"BRIAN THOMAS","03/25/1988","MALE","BLACK"
"BRYDARIUS THOMAS","07/17/1997","MALE","BLACK"
"CALOB THOMAS","03/24/1997","MALE","WHITE"
"CARLOS THOMAS","11/21/1981","MALE","BLACK"
"CARLOS THOMAS","04/28/1976","MALE","BLACK"
"CAROLYN THOMAS","01/30/1992","FEMALE","BLACK"
"CEDRIC THOMAS","02/09/1984","MALE","BLACK"
"CHANDEL THOMAS","01/09/1987","MALE","BLACK"
"CHARLES THOMAS","11/11/1962","MALE","BLACK"
"CHRISTOPHER THOMAS","09/26/1978","MALE","BLACK"
"CHRISTOPHER THOMAS","01/09/1982","MALE","BLACK"
"CHRISTOPHER THOMAS","07/07/1972","MALE","BLACK"
"CHRISTOPHER THOMAS","12/25/1995","MALE","BLACK"
"CHRISTOPHER THOMAS","08/05/1994","MALE","BLACK"
"CORDERIUS THOMAS","09/14/1993","MALE","BLACK"
"COTRELL THOMAS","04/19/1990","MALE","BLACK"
"CRAIG THOMAS","09/13/1971","MALE","BLACK"
"DANIEL THOMAS","06/24/1994","MALE","BLACK"
"DANIEL THOMAS","07/23/1982","MALE","BLACK"
"DANNY THOMAS","11/20/1954","MALE","BLACK"
"DANNY THOMAS","07/17/1952","MALE","WHITE"
"DARIUS THOMAS","02/06/1992","MALE","BLACK"
"DARRELL THOMAS","01/20/1979","MALE","BLACK"
"DAVID THOMAS","01/10/1992","MALE","BLACK"
"DAVID THOMAS","01/12/1987","MALE","BLACK"
"DEADRICK THOMAS","04/02/1979","MALE","BLACK"
"DEAIRRIS THOMAS","08/26/1999","MALE","BLACK"
"DEALIO THOMAS","03/30/1995","MALE","BLACK"
"DEANDRE THOMAS","06/26/1991","MALE","BLACK"
"DEDRICK THOMAS","07/03/1984","MALE","BLACK"
"DEGAREN THOMAS","01/20/1997","MALE","BLACK"
"DEMARCUS THOMAS","03/13/1984","MALE","BLACK"
"DEMETRIUS THOMAS","04/20/1980","MALE","BLACK"
"DEPRISE THOMAS","05/01/1992","MALE","BLACK"
"DERLANDO THOMAS","12/30/1988","MALE","BLACK"
"DERRICK THOMAS","07/06/1979","MALE","BLACK"
"DEVIN THOMAS","04/05/1994","MALE","BLACK"
"DOUGLAS THOMAS","09/09/1977","MALE","BLACK"
"DWAYNE THOMAS","06/10/1978","MALE","BLACK"
"DYLAN THOMAS","06/29/1992","MALE","WHITE"
"EDDIE THOMAS","09/23/1990","MALE","BLACK"
"EDWARD THOMAS","05/16/1964","MALE","BLACK"
"EFFIE THOMAS","08/31/1975","FEMALE","WHITE"
"ELMER THOMAS","08/18/1962","MALE","BLACK"
"ERESTIA THOMAS","07/02/1972","MALE","BLACK"
"ERIC THOMAS","06/14/1982","MALE","WHITE"
"FERDINANDO THOMAS","05/06/1965","MALE","BLACK"
"FORREST THOMAS","07/07/1971","MALE","BLACK"
"GARRICK THOMAS","10/28/1972","MALE","BLACK"
"GUY THOMAS","04/01/1988","MALE","AMERICAN"
"HARRY THOMAS","12/07/1975","MALE","BLACK"
"HARVEY THOMAS","10/20/1977","MALE","WHITE"
"JACOREY THOMAS","06/23/1995","MALE","BLACK"
"JADARIUS THOMAS","09/22/1996","MALE","BLACK"
"JAMES THOMAS","01/07/1975","MALE","WHITE"
"JAMES THOMAS","07/03/1980","MALE","WHITE"
"JAMES THOMAS","05/08/1986","MALE","BLACK"
"JEMETRICE THOMAS","06/03/1997","MALE","BLACK"
"JEREMY THOMAS","07/05/1992","MALE","BLACK"
"JERRELL THOMAS","06/19/1978","MALE","BLACK"
"JIMMY THOMAS","04/05/1975","MALE","BLACK"
"JOHNNY THOMAS","03/20/1985","MALE","BLACK"
"JOSEPH THOMAS","03/20/1982","MALE","WHITE"
"JOSHUA THOMAS","01/24/1985","MALE","WHITE"
"JOSHUA THOMAS","10/06/1994","MALE","BLACK"
"KADEEM THOMAS","12/07/1992","MALE","BLACK"
"KENJARELL THOMAS","08/01/2000","MALE","BLACK"
"KENJARVIS THOMAS","04/25/1996","MALE","BLACK"
"KENNETH THOMAS","12/15/1970","MALE","BLACK"
"KEVIN THOMAS","05/15/1966","MALE","BLACK"
"LAMARCUS THOMAS","02/09/1993","MALE","BLACK"
"LARON THOMAS","05/30/1987","MALE","BLACK"
"LARRY THOMAS","10/05/1960","MALE","BLACK"
"LATROY THOMAS","07/05/1975","FEMALE","BLACK"
"LAVELL THOMAS","02/19/1976","MALE","BLACK"
"LAZAVIUS THOMAS","05/16/1990","MALE","BLACK"
"LENNON THOMAS","11/02/1977","MALE","BLACK"
"LUCKY THOMAS","11/26/1990","MALE","BLACK"
"MARCUS THOMAS","06/19/1993","MALE","BLACK"
"MARCUS THOMAS","05/27/1995","MALE","BLACK"
"MARK THOMAS","01/20/1972","MALE","BLACK"
"MELINDA THOMAS","11/30/1980","FEMALE","WHITE"
"MELVIN THOMAS","06/05/1954","MALE","BLACK"
"MICHAEL THOMAS","08/29/1969","MALE","BLACK"
"MICHAEL THOMAS","12/13/1973","MALE","WHITE"
"MICHAEL THOMAS","08/28/1996","MALE","BLACK"
"MICHAEL THOMAS","08/13/1997","MALE","BLACK"
"NATHANIEL THOMAS","10/03/1992","MALE","BLACK"
"NATHANIEL THOMAS","07/02/1979","MALE","BLACK"
"ORLANDO THOMAS","09/20/1971","MALE","BLACK"
"PERRY THOMAS","01/16/1986","MALE","BLACK"
"PIERRE THOMAS","05/27/1992","MALE","BLACK"
"RANDOLPH THOMAS","12/01/1954","MALE","WHITE"
"RAYMOND THOMAS","08/02/1977","MALE","BLACK"
"RICHARD THOMAS","04/29/1984","MALE","WHITE"
"ROBERT THOMAS","03/10/1985","MALE","BLACK"
"ROBERT THOMAS","08/07/1987","MALE","WHITE"
"ROBERT THOMAS","11/15/1973","MALE","BLACK"
"ROBERT THOMAS","02/25/1962","MALE","BLACK"
"ROBERT THOMAS","09/12/1972","MALE","BLACK"
"ROBERT THOMAS","06/30/1964","MALE","WHITE"
"ROBERT THOMAS","02/10/1963","MALE","BLACK"
"ROBERT THOMAS","12/27/1972","MALE","BLACK"
"RODERICK THOMAS","06/13/1974","MALE","BLACK"
"RONALD THOMAS","10/04/1977","MALE","BLACK"
"RUSSELL THOMAS","08/21/1952","MALE","WHITE"
"RUSSELL THOMAS","04/03/1972","MALE","BLACK"
"RUSSELL THOMAS","09/15/1979","MALE","WHITE"
"SHAMETRICE THOMAS","12/03/1998","FEMALE","BLACK"
"SHERMAN THOMAS","12/18/1997","MALE","BLACK"
"STEPHEN THOMAS","05/11/1984","MALE","WHITE"
"STEVEN THOMAS","06/22/1989","MALE","BLACK"
"STEVEN THOMAS","12/04/1971","MALE","BLACK"
"SUSIE THOMAS","01/09/1985","FEMALE","BLACK"
"TAKESHIA THOMAS","09/12/1989","FEMALE","BLACK"
"TERRY THOMAS","11/16/1956","MALE","WHITE"
"TIMMY THOMAS","02/08/1960","MALE","WHITE"
"TOMMY THOMAS","03/28/1999","MALE","BLACK"
"TYANDRA THOMAS","05/18/1993","MALE","BLACK"
"UMNEON THOMAS","04/07/1993","MALE","BLACK"
"WAYNE THOMAS","09/03/1975","MALE","WHITE"
"WILLIAM THOMAS","09/05/1985","MALE","BLACK"
"WILLIE THOMAS","03/02/1986","MALE","BLACK"
"WILLIE THOMAS","01/21/2001","MALE","BLACK"
"ALVIN THOMAS III","04/08/1992","MALE","BLACK"
"COURTNEY THOMPKINS","03/27/1980","MALE","BLACK"
"KELVIN THOMPKINS","03/13/1977","MALE","BLACK"
"DENNIS THOMPSOM","05/29/1989","MALE","BLACK"
"ALBERT THOMPSON","08/26/1990","MALE","BLACK"
"ALBERT THOMPSON","04/13/1995","MALE","BLACK"
"ALEX THOMPSON","03/16/1969","MALE","BLACK"
"ANDRE THOMPSON","08/18/1991","MALE","BLACK"
"ANTHONY THOMPSON","09/27/1974","MALE","BLACK"
"ANTHONY THOMPSON","07/03/1988","MALE","WHITE"
"ANTHONY THOMPSON","08/16/1972","MALE","BLACK"
"ANTONIO THOMPSON","11/07/1981","MALE","BLACK"
"ARION THOMPSON","02/24/1991","MALE","BLACK"
"ASHTON THOMPSON","05/21/1993","FEMALE","BLACK"
"AUNDRA THOMPSON","10/22/1990","MALE","BLACK"
"BLAKE THOMPSON","12/05/1998","MALE","BLACK"
"BOBBY THOMPSON","08/26/1978","MALE","WHITE"
"BRIAN THOMPSON","09/14/1982","MALE","BLACK"
"BRYAN THOMPSON","01/22/1970","MALE","WHITE"
"BYRON THOMPSON","08/26/1991","MALE","WHITE"
"CEDRIC THOMPSON","10/26/1965","MALE","BLACK"
"CHAD THOMPSON","08/02/1977","MALE","WHITE"
"CHARLES THOMPSON","10/02/1975","MALE","BLACK"
"CHIVAN THOMPSON","11/15/1992","MALE","BLACK"
"CHRISTOPHER THOMPSON","12/14/1990","MALE","BLACK"
"CHRISTOPHER THOMPSON","09/13/1992","MALE","WHITE"
"CHRISTOPHER THOMPSON","12/03/1967","MALE","WHITE"
"COREY THOMPSON","07/17/1985","MALE","BLACK"
"COURTNI THOMPSON","07/16/1998","FEMALE","BLACK"
"CURTIS THOMPSON","03/14/1991","MALE","BLACK"
"DARIUS THOMPSON","01/21/1992","MALE","BLACK"
"DEANDRA THOMPSON","04/04/1989","MALE","BLACK"
"DELONTA THOMPSON","08/07/1983","MALE","BLACK"
"DELORES THOMPSON","01/19/1981","FEMALE","WHITE"
"DEMARCO THOMPSON","03/05/1988","MALE","BLACK"
"DENNIS THOMPSON","01/03/1992","MALE","BLACK"
"DEREK THOMPSON","08/26/1983","MALE","BLACK"
"DERRICK THOMPSON","04/08/1980","MALE","BLACK"
"DEWAYNE THOMPSON","12/05/1994","MALE","BLACK"
"DOMINICK THOMPSON","07/13/1983","MALE","BLACK"
"DUSTIN THOMPSON","12/15/1982","MALE","WHITE"
"DWAUNN THOMPSON","01/12/1990","MALE","BLACK"
"FREDDERICK THOMPSON","04/06/1982","MALE","BLACK"
"G THOMPSON","02/08/1952","MALE","BLACK"
"GABRIEL THOMPSON","05/26/1972","MALE","BLACK"
"GARY THOMPSON","04/06/1983","MALE","BLACK"
"HARRISON THOMPSON","07/21/1981","MALE","BLACK"
"HEATHER THOMPSON","02/07/1995","FEMALE","WHITE"
"JABARI THOMPSON","09/24/1996","MALE","BLACK"
"JAMARIO THOMPSON","02/05/1988","MALE","BLACK"
"JAMEL THOMPSON","06/24/1991","MALE","BLACK"
"JAMES THOMPSON","10/09/1945","MALE","WHITE"
"JAMES THOMPSON","10/05/1953","MALE","BLACK"
"JAMES THOMPSON","03/25/1979","MALE","WHITE"
"JAMES THOMPSON","12/29/1987","MALE","WHITE"
"JAMES THOMPSON","06/09/1960","MALE","BLACK"
"JAMES THOMPSON","10/17/1954","MALE","BLACK"
"JANERO THOMPSON","05/16/1996","MALE","BLACK"
"JARMAL THOMPSON","11/28/1988","MALE","BLACK"
"JARVIS THOMPSON","10/27/1997","MALE","BLACK"
"JASON THOMPSON","05/03/1977","MALE","BLACK"
"JAVED THOMPSON","07/25/1993","MALE","BLACK"
"JERRY THOMPSON","09/26/1982","MALE","BLACK"
"JOEL THOMPSON","08/15/1974","MALE","BLACK"
"JONATHON THOMPSON","05/16/1989","MALE","BLACK"
"JOSEPH THOMPSON","08/05/1964","MALE","BLACK"
"JULIAN THOMPSON","12/10/1980","MALE","BLACK"
"JUNIOR THOMPSON","12/19/1980","MALE","BLACK"
"KENNETH THOMPSON","04/13/1992","MALE","WHITE"
"KEVIN THOMPSON","06/24/1993","MALE","BLACK"
"KEVIN THOMPSON","04/03/1969","MALE","BLACK"
"LA BRANDON THOMPSON","12/29/1989","MALE","BLACK"
"LARRY THOMPSON","10/29/1973","MALE","BLACK"
"LEE THOMPSON","08/10/1987","MALE","BLACK"
"LEWIS THOMPSON","11/20/1975","MALE","WHITE"
"LEWIS THOMPSON","10/19/1992","MALE","WHITE"
"ORLANDO THOMPSON","01/26/1990","MALE","BLACK"
"OSCAR THOMPSON","10/31/1955","MALE","BLACK"
"PAUL THOMPSON","10/19/1964","MALE","BLACK"
"RANDALL THOMPSON","10/22/1977","MALE","BLACK"
"REAGAN THOMPSON","09/10/1969","MALE","WHITE"
"REO THOMPSON","11/14/1983","MALE","BLACK"
"RICARDO THOMPSON","05/19/1988","MALE","BLACK"
"ROBERT THOMPSON","11/06/1980","MALE","BLACK"
"RONALD THOMPSON","10/19/1985","MALE","BLACK"
"RONNIE THOMPSON","07/21/1992","MALE","BLACK"
"SARAH THOMPSON","07/02/1983","FEMALE","WHITE"
"TANGEE THOMPSON","11/03/1969","FEMALE","BLACK"
"TIMOTHY THOMPSON","01/12/1964","MALE","BLACK"
"TIMOTHY THOMPSON","09/26/1983","MALE","WHITE"
"TONYA THOMPSON","12/22/1974","FEMALE","BLACK"
"TRAVIS THOMPSON","09/25/1984","MALE","BLACK"
"ZACHERY THOMPSON","05/18/1985","MALE","BLACK"
"ERIC THORN","06/29/1985","MALE","WHITE"
"TRAVIS THORN","09/10/1980","MALE","BLACK"
"DAVID THORNE","11/20/1980","MALE","WHITE"
"JALEN THORNHILL","05/25/1995","FEMALE","WHITE"
"MICHAEL THORNHILL","11/06/1978","MALE","WHITE"
"ROBERT THORNHILL","11/24/1993","MALE","WHITE"
"TAL THORNHILL","10/23/1964","MALE","WHITE"
"DAVID THORNTON","06/03/1988","MALE","BLACK"
"DEVIN THORNTON","08/09/1988","MALE","WHITE"
"JAMES THORNTON","05/14/1998","MALE","WHITE"
"JASON THORNTON","03/06/1976","MALE","WHITE"
"JOMORRIS THORNTON","03/22/1978","MALE","BLACK"
"JUSTIN THORNTON","04/20/1991","MALE","AMERICAN"
"KAYLA THORNTON","12/28/1991","FEMALE","WHITE"
"MATT THORNTON","12/17/1984","MALE","WHITE"
"MELVIN THORNTON","09/13/1983","MALE","BLACK"
"MICHAEL THORNTON","12/30/1990","MALE","BLACK"
"RONALD THORNTON","06/27/1970","MALE","WHITE"
"TRE THORNTON","06/04/1995","MALE","BLACK"
"WHITNEY THORNTON","08/24/1997","FEMALE","BLACK"
"ROGER THORSON","03/05/1958","MALE","WHITE"
"GERREN THORTON","02/08/1988","MALE","BLACK"
"JOSHUA THRASH","12/07/1982","MALE","WHITE"
"NATHAN THRASH","08/12/1996","MALE","WHITE"
"BRANDON THRASHER","08/12/1989","MALE","WHITE"
"BRENTON THRASHER","09/08/1991","MALE","WHITE"
"CHARLIE THRASHER","05/04/1990","FEMALE","WHITE"
"KAWLARIS THRASHER","09/24/1997","MALE","BLACK"
"KULYN THRASHER","12/01/1998","MALE","WHITE"
"LAURA THRASHER","08/13/1981","FEMALE","WHITE"
"KELVIN THREADGILL","08/19/1986","MALE","BLACK"
"SHARAE THREADGILL","11/11/1997","FEMALE","BLACK"
"VERNON THREADGILL","02/16/1956","MALE","BLACK"
"MARSHA THRELKEL","02/09/1978","FEMALE","WHITE"
"EDWARD THRONBERRY","07/09/1989","MALE","WHITE"
"KAREN THROWER","03/10/1973","FEMALE","WHITE"
"DERRICK THURMAN","05/04/1990","MALE","BLACK"
"DEWAYNE THURMAN","12/13/1988","MALE","BLACK"
"JARVIS THURMAN","03/06/1987","MALE","BLACK"
"JOSHUA THURMAN","12/01/1987","MALE","BLACK"
"RICKY THURMAN","09/17/1966","MALE","BLACK"
"TARQUINIOUS THURMAN","08/07/1995","MALE","BLACK"
"ZACHARY THURMAN","10/09/1991","MALE","BLACK"
"DEIDRE THURMOND","08/18/1966","FEMALE","BLACK"
"DEMARCUS THURMOND","09/10/1996","MALE","BLACK"
"MICHAEL THWEATT","03/01/1966","MALE","WHITE"
