"MELVIN TRACEY","04/25/1973","MALE","WHITE"
"HALEY TRAFFICANO","02/09/1996","FEMALE","WHITE"
"MARCUS TRAHAN","05/11/1993","MALE","BLACK"
"CLAYTON TRAMMEL","07/03/1979","MALE","BLACK"
"ANDY TRAN","05/15/1992","MALE","ASIAN"
"DUNG TRAN","03/27/1972","MALE","ASIAN"
"DUNG TRAN","05/23/1981","MALE","ASIAN"
"LOI TRAN","02/12/1966","MALE","ASIAN"
"NIN TRAN","10/17/1994","MALE","ASIAN"
"TRUNG TRAN","07/16/1987","MALE","ASIAN"
"RILEY TRASK","02/18/1986","MALE","BLACK"
"CAMERON TRAVELSTEAD","05/03/1990","MALE","WHITE"
"IVORY TRAVIS","11/27/1987","MALE","BLACK"
"KENTREAL TRAVIS","08/31/1991","MALE","BLACK"
"TERRANCE TRAVIS","04/14/1976","MALE","BLACK"
"JARIOUS TRAXLER","10/19/1999","MALE","BLACK"
"MICHAEL TRAXLER","06/05/1989","MALE","WHITE"
"BROOKLYN TRAYLOR","10/13/1998","MALE","BLACK"
"DAKOTA TRAYLOR","03/04/1997","MALE","WHITE"
"JERMAINE TRAYLOR","10/11/1988","MALE","BLACK"
"JIMMY TRAYLOR","07/03/1981","MALE","BLACK"
"KENNETH TRAYLOR","11/24/1980","MALE","BLACK"
"MARTINI TRAYWICKS","03/30/1989","MALE","BLACK"
"LORETTA TREADWAY","04/11/1968","FEMALE","WHITE"
"ERIC TREADWELL","07/22/1980","MALE","BLACK"
"RICKY TRELOAR","04/19/1971","MALE","WHITE"
"FRANKLIN TREMBLE","08/23/1976","MALE","BLACK"
"ANTHONY TREVILLION","05/05/1977","MALE","BLACK"
"ARMOND TREVILLION","01/19/1980","MALE","BLACK"
"BRADLEE TREVINO","10/29/1988","MALE","WHITE"
"ANTHONY TRIBBLE","06/16/1967","MALE","BLACK"
"DEWAYNE TRIBBLE","07/15/1980","MALE","BLACK"
"DONTERRIUS TRIBBLE","04/15/1999","MALE","BLACK"
"MICHAEL TRIBBLE","01/27/1962","MALE","WHITE"
"JAVARIUS TRICE","11/23/1997","MALE","BLACK"
"NORMAN TRICE","04/24/1986","MALE","BLACK"
"GREGORY TRIGG","12/29/1978","MALE","BLACK"
"SETH TRIGGS","12/12/1991","MALE","BLACK"
"FREDERICK TRIMBLE","03/04/1980","MALE","BLACK"
"JAMES TRIMBLE","02/11/1990","MALE","WHITE"
"RICHARD TRIMM","01/25/1968","MALE","WHITE"
"DARVIN TRIPLETT","06/13/1968","MALE","BLACK"
"DEMILLO TRIPLETT","06/03/1978","MALE","BLACK"
"DERRICK TRIPLETT","01/09/1986","MALE","BLACK"
"DOUGLAS TRIPLETT","10/31/1963","MALE","BLACK"
"JACOB TRIPLETT","06/26/1986","MALE","BLACK"
"JAMES TRIPLETT","04/11/1983","MALE","BLACK"
"KWUNTORES TRIPLETT","01/23/1994","MALE","BLACK"
"LESTER TRIPLETT","12/09/1966","MALE","BLACK"
"MICHAEL TRIPLETT","09/16/1985","MALE","BLACK"
"MICHAEL TRIPLETT","12/19/1980","MALE","WHITE"
"REGINA TRIPLETT","07/17/1989","FEMALE","BLACK"
"ROBERT TRIPLETT","12/10/1952","MALE","WHITE"
"WILLIE TRIPLETT","03/23/1969","MALE","BLACK"
"WILLIE TRIPLETT","03/29/1988","MALE","BLACK"
"CHRISTOPHER TRIPPI","07/12/1985","MALE","BLACK"
"KIMBERLY TRIPPLET","07/04/1985","FEMALE","BLACK"
"DANNY TRIPPLETT","12/08/1966","MALE","BLACK"
"DEAUNDRE TRISBY","11/03/1998","MALE","BLACK"
"JERMICHAEL TRISBY","10/09/1992","MALE","BLACK"
"BRITTANY TROTTER","04/05/1995","FEMALE","WHITE"
"ELEVESTER TROTTER","12/22/1993","MALE","BLACK"
"LARRY TROTTER","02/04/1959","MALE","BLACK"
"LEON TROTTER","12/27/1985","MALE","BLACK"
"MARIO TROTTER","11/09/1998","MALE","BLACK"
"MICHELLE TROTTER","12/19/1972","FEMALE","WHITE"
"NAKITA TROTTER","10/15/1981","FEMALE","BLACK"
"WILLIAM TROTTER","07/10/1985","MALE","WHITE"
"KAYNE TROUTMAN","10/18/1984","MALE","WHITE"
"TODD TROWER","11/10/1967","MALE","WHITE"
"JOHN TROY","12/21/1987","MALE","WHITE"
"JAMES TRUE","01/01/1979","MALE","WHITE"
"TERRY TRUELOVE","03/19/1960","MALE","BLACK"
"MELVIN TRUITT","10/31/1968","MALE","BLACK"
"ALEJANDRO TRUJILLO","11/25/1987","MALE","SPANISH"
"SERGE TRULLET","11/07/1961","MALE","WHITE"
"ROBERT TRUNELL","10/27/1998","MALE","BLACK"
"JERRY TRUNNELL","02/09/1984","MALE","BLACK"
"JIMMIE TRUNNELL","04/12/1978","MALE","BLACK"
"TIMOTHY TRUNNELL","05/30/1989","MALE","BLACK"
"JAVARIUS TRUNNER","01/04/1997","MALE","BLACK"
"MARVIN TRUSS","11/05/1989","MALE","BLACK"
"MICHAEL TRUSS","09/03/1962","MALE","BLACK"
"JAMES TRUSSELL","06/28/1972","MALE","WHITE"
"APRIL TRUSTY","04/19/1982","FEMALE","WHITE"
"JACQUELINE TSELEPIS","12/08/1973","FEMALE","WHITE"
