"DARLENE TWIGGS","02/07/1960","FEMALE","WHITE"
"CARLOS TWILLIE","08/08/1974","MALE","BLACK"
"JOHN TYES","09/10/1969","MALE","BLACK"
"MICHEAL TYES","07/01/1978","MALE","BLACK"
"CHARLES TYLER","03/21/1965","MALE","BLACK"
"CHRISTOPHER TYLER","01/08/2002","MALE","BLACK"
"CYNTESA TYLER","02/16/1988","FEMALE","BLACK"
"DARRION TYLER","06/11/1982","MALE","BLACK"
"DAVID TYLER","09/18/1990","MALE","BLACK"
"FREDRICK TYLER","11/22/1993","MALE","BLACK"
"JIM TYLER","08/14/1984","MALE","BLACK"
"JOHNNY TYLER","03/14/1968","MALE","WHITE"
"LADARIUS TYLER","12/25/1993","MALE","BLACK"
"PETER TYLER","12/16/1971","MALE","BLACK"
"ROBERT TYLER","02/19/1968","MALE","BLACK"
"ZAREK TYLER","11/16/1991","MALE","BLACK"
"SCOTT TYNER","11/06/1967","MALE","WHITE"
"NATHANIEL TYRA","02/02/1995","MALE","WHITE"
"AUSTIN TYSON","07/29/1993","MALE","WHITE"
"KENDRICK TYSON","07/27/1974","MALE","BLACK"
"MATTHEW TYSON","10/27/1993","MALE","WHITE"
"NETORRIUM TYSON","02/09/1998","MALE","BLACK"
"THOMAS TYSON","05/17/1983","MALE","WHITE"
"NICHOLAS TYUS","06/23/1984","MALE","WHITE"
