"BRITTNEY WADDELL","06/23/1986","FEMALE","WHITE"
"BRUCE WADE","05/28/1992","MALE","BLACK"
"CHARLES WADE","09/30/1957","MALE","BLACK"
"CLARENCE WADE","10/30/1962","MALE","BLACK"
"JAMES WADE","03/07/1983","MALE","WHITE"
"JUDD WADE","10/27/1971","MALE","WHITE"
"LISA WADE","10/19/1974","FEMALE","WHITE"
"MARIO WADE","05/04/1975","MALE","BLACK"
"PAUL WADE","01/04/1963","MALE","WHITE"
"RICHARD WADE","04/20/1982","MALE","WHITE"
"VIRGIE WADE","12/10/1992","MALE","BLACK"
"DENZEL WADLINGTON","03/04/1993","MALE","BLACK"
"MONTAVIOUS WADLINGTON","06/22/1996","MALE","BLACK"
"CECIL WAGERS","12/01/1984","MALE","WHITE"
"MICHAEL WAGES","07/28/1968","MALE","WHITE"
"KENNETH WAGGONER","11/14/1968","MALE","WHITE"
"KENNETH WAGNER","11/29/1960","MALE","BLACK"
"LYLE WAGNER","05/18/1984","MALE","WHITE"
"TERRANCE WAGNER","04/16/1974","MALE","WHITE"
"CHRISTOPHER WAGONER","06/20/1980","MALE","WHITE"
"TRENTON WAHL","01/20/1992","MALE","WHITE"
"HORACE WAITES","07/13/1965","MALE","BLACK"
"JAYCEE WAITES","08/08/1990","MALE","WHITE"
"THOMAS WAITES","04/07/1980","MALE","WHITE"
"DAVID WAITS","08/29/1984","MALE","BLACK"
"JERMAINE WAITS","01/27/1989","MALE","BLACK"
"JOSEPH WAITS","02/05/1982","MALE","WHITE"
"SAM WAITS","09/30/1954","MALE","BLACK"
"DWAN WAKEFIELD","08/23/1999","MALE","BLACK"
"HARRY WALDEN","10/08/1949","MALE","WHITE"
"NATHANIEL WALDEN","10/24/1967","MALE","BLACK"
"THOMAS WALDEN","03/28/1971","MALE","WHITE"
"WILLIAM WALDEN","10/24/1989","MALE","WHITE"
"DAVID WALDO","07/07/1972","MALE","WHITE"
"LARRY WALDON","02/16/1964","MALE","BLACK"
"DAVID WALDREP","07/14/1971","MALE","WHITE"
"BOBBY WALDRON","08/12/1962","MALE","WHITE"
"PHILLIP WALDRON","02/03/1989","MALE","WHITE"
"ALEX WALDROP","09/30/1997","MALE","WHITE"
"CORY WALDROP","03/04/1984","MALE","WHITE"
"DAYLON WALDROP","01/05/1994","MALE","BLACK"
"EDDIE WALDROP","09/20/1950","MALE","WHITE"
"JULIA WALDROP","06/06/1975","FEMALE","WHITE"
"JOE WALES","10/06/1972","MALE","BLACK"
"KRISTOPHER WALES","06/15/1973","MALE","WHITE"
"LEO WALES","05/21/1989","MALE","BLACK"
"TABARES WALES","05/24/1999","MALE","BLACK"
"TERRY WALES","06/09/1964","MALE","BLACK"
"BRANDON WALK","03/09/1992","MALE","BLACK"
"ADRIAN WALKER","10/22/1967","MALE","BLACK"
"ALAN WALKER","08/31/1965","MALE","WHITE"
"ALANCE WALKER","10/16/1967","MALE","BLACK"
"AMY WALKER","01/12/1970","FEMALE","WHITE"
"ANTHONY WALKER","09/19/1965","MALE","BLACK"
"ARTHUR WALKER","08/18/1992","MALE","BLACK"
"AUSTIN WALKER","05/08/1990","MALE","WHITE"
"BILLY WALKER","11/23/1966","MALE","BLACK"
"BILLY WALKER","06/25/1984","MALE","WHITE"
"BILLY WALKER","05/27/1982","MALE","BLACK"
"BRANDON WALKER","11/23/1982","MALE","WHITE"
"BRANDON WALKER","03/03/1992","MALE","BLACK"
"CALVIN WALKER","04/24/1965","MALE","BLACK"
"CALVIN WALKER","06/27/1969","MALE","BLACK"
"CALVIN WALKER","06/26/1963","MALE","BLACK"
"CARL WALKER","07/27/1983","MALE","BLACK"
"CHANCE WALKER","03/03/1987","MALE","BLACK"
"CHAS WALKER","03/21/1989","MALE","BLACK"
"CHRISTOPHER WALKER","07/17/1975","MALE","BLACK"
"CHRISTOPHER WALKER","03/03/1994","MALE","WHITE"
"COLTON WALKER","11/04/1989","MALE","BLACK"
"DANA WALKER","05/15/1973","MALE","BLACK"
"DARRYL WALKER","02/21/1969","MALE","BLACK"
"DEMARIO WALKER","03/30/1984","MALE","BLACK"
"DENNIS WALKER","09/06/1979","MALE","BLACK"
"DENZEL WALKER","09/06/1995","MALE","BLACK"
"DERRICK WALKER","08/17/1980","MALE","BLACK"
"DETUAN WALKER","12/04/1997","MALE","BLACK"
"DOUGLAS WALKER","01/07/1987","MALE","BLACK"
"EDWIN WALKER","01/17/1979","MALE","WHITE"
"EUNICE WALKER","05/08/1958","FEMALE","WHITE"
"FREDDRICK WALKER","11/24/1977","MALE","BLACK"
"GACOBY WALKER","03/26/1982","MALE","BLACK"
"GREGORY WALKER","02/23/1977","MALE","BLACK"
"GREGORY WALKER","01/27/1961","MALE","BLACK"
"HUBERT WALKER","12/19/1957","MALE","BLACK"
"JACOB WALKER","06/07/1988","MALE","WHITE"
"JAMES WALKER","07/09/1982","MALE","WHITE"
"JAMES WALKER","03/23/1968","MALE","BLACK"
"JAMES WALKER","08/19/1998","MALE","BLACK"
"JERALD WALKER","08/16/1961","MALE","WHITE"
"JEREMIAH WALKER","08/09/1989","MALE","BLACK"
"JEREMY WALKER","11/30/1993","MALE","BLACK"
"JERMAINE WALKER","07/29/1983","MALE","BLACK"
"JESSE WALKER","05/07/1975","MALE","WHITE"
"JIMMY WALKER","11/19/1967","MALE","BLACK"
"JOHN WALKER","12/08/1970","MALE","BLACK"
"JOHNATHAN WALKER","01/04/1987","MALE","BLACK"
"JONATHAN WALKER","07/20/1983","MALE","BLACK"
"JOSEPH WALKER","10/26/2000","MALE","WHITE"
"JUSTIN WALKER","12/19/1988","MALE","BLACK"
"JUSTIN WALKER","07/25/1990","MALE","BLACK"
"JUSTIN WALKER","09/16/1974","MALE","WHITE"
"KAYVON WALKER","10/30/1996","MALE","BLACK"
"KEITH WALKER","07/20/1981","MALE","WHITE"
"KELVINE WALKER","01/03/1989","MALE","BLACK"
"KENNETH WALKER","08/23/1974","MALE","BLACK"
"KENYATTA WALKER","01/11/1995","MALE","BLACK"
"KEVIN WALKER","02/18/1989","MALE","BLACK"
"KYLE WALKER","08/30/1992","MALE","BLACK"
"LAKENDRICK WALKER","07/21/1984","MALE","BLACK"
"LARRY WALKER","12/08/1986","MALE","BLACK"
"LARRY WALKER","06/09/1987","MALE","BLACK"
"LARRY WALKER","03/25/1965","MALE","BLACK"
"LEE WALKER","07/14/1984","MALE","BLACK"
"LEMAR WALKER","05/18/1995","MALE","BLACK"
"LETAURIO WALKER","07/23/1985","MALE","BLACK"
"LINNOX WALKER","10/20/1974","MALE","BLACK"
"MARCELLUS WALKER","01/15/1995","MALE","BLACK"
"MARCUS WALKER","08/20/1986","MALE","BLACK"
"MENTRVEION WALKER","11/30/1993","MALE","BLACK"
"MICHAEL WALKER","05/22/1976","MALE","BLACK"
"MICHAEL WALKER","07/11/1995","MALE","WHITE"
"MORGAN WALKER","04/20/1996","FEMALE","WHITE"
"NICHOLAS WALKER","01/09/1992","MALE","BLACK"
"NICHOLAS WALKER","11/27/1990","MALE","WHITE"
"NORMAN WALKER","10/06/1984","MALE","BLACK"
"OLIVIA WALKER","03/16/1982","FEMALE","BLACK"
"PERRY WALKER","01/29/1986","MALE","WHITE"
"PHILLIP WALKER","11/25/1963","MALE","WHITE"
"QUINCY WALKER","02/07/1989","MALE","BLACK"
"REGINALD WALKER","12/22/1983","MALE","BLACK"
"ROBERT WALKER","11/05/1983","MALE","WHITE"
"ROBERT WALKER","07/15/1994","MALE","WHITE"
"RODNEY WALKER","07/14/1980","MALE","BLACK"
"ROMELO WALKER","09/08/1997","MALE","BLACK"
"ROSE WALKER","05/25/1961","FEMALE","BLACK"
"SAMANTHA WALKER","10/26/1982","FEMALE","WHITE"
"SAMARYEN WALKER","08/06/1981","MALE","BLACK"
"SANSURAYE WALKER","01/06/1980","FEMALE","BLACK"
"SANTONIO WALKER","07/17/1974","MALE","BLACK"
"SHANNAH WALKER","08/27/1982","MALE","BLACK"
"SHAWN WALKER","12/16/1982","MALE","BLACK"
"SHEDERICK WALKER","02/07/1975","MALE","BLACK"
"STEPHEN WALKER","10/10/1993","MALE","WHITE"
"TARVIS WALKER","02/26/1975","MALE","BLACK"
"TERRANCE WALKER","02/01/1980","MALE","BLACK"
"TERRANCE WALKER","01/15/1981","MALE","BLACK"
"TERRY WALKER","11/22/1984","MALE","BLACK"
"TERRY WALKER","04/18/1975","MALE","BLACK"
"TRAVIS WALKER","02/19/1985","MALE","BLACK"
"VENDIX WALKER","06/01/1982","MALE","BLACK"
"VICKI WALKER","12/21/1973","FEMALE","WHITE"
"WALTER WALKER","11/15/1993","MALE","BLACK"
"WHITZEY WALKER","08/20/1967","MALE","BLACK"
"ZACHARY WALKER","09/14/1987","MALE","BLACK"
"BOBBY WALL","05/23/1978","MALE","WHITE"
"EDWARD WALL","08/05/1973","MALE","BLACK"
"JOCTAVIOUS WALL","11/26/1996","MALE","BLACK"
"RICKIE WALL","02/05/1970","MALE","WHITE"
"ADAM WALLACE","02/11/1981","MALE","WHITE"
"AMANDA WALLACE","09/24/1982","FEMALE","WHITE"
"ANTONIO WALLACE","07/20/1985","MALE","BLACK"
"ARMY WALLACE","12/15/1978","MALE","BLACK"
"BARRY WALLACE","12/22/1994","MALE","BLACK"
"BENNIE WALLACE","11/16/1957","MALE","BLACK"
"CARL WALLACE","05/26/1976","MALE","BLACK"
"CHAD WALLACE","08/30/1972","MALE","WHITE"
"CHAVIS WALLACE","04/13/1985","MALE","BLACK"
"CHRISTOPHER WALLACE","01/16/1993","MALE","BLACK"
"CLIFTON WALLACE","10/27/1987","MALE","BLACK"
"DANIEL WALLACE","11/28/1972","MALE","WHITE"
"ERIC WALLACE","09/09/1981","MALE","BLACK"
"GARY WALLACE","04/23/1982","MALE","WHITE"
"JAMES WALLACE","11/26/1958","MALE","WHITE"
"JAMIE WALLACE","09/25/1993","MALE","BLACK"
"JERRY WALLACE","10/27/1989","MALE","BLACK"
"JOHNNY WALLACE","07/02/1983","MALE","WHITE"
"JUSTIN WALLACE","03/26/1987","MALE","AMERICAN"
"KERRY WALLACE","04/06/1990","MALE","BLACK"
"LAKIN WALLACE","04/15/1999","MALE","WHITE"
"LAMARCUS WALLACE","04/01/1991","MALE","BLACK"
"OTHEL WALLACE","04/24/1979","MALE","BLACK"
"REGINALD WALLACE","12/10/1986","MALE","BLACK"
"ROSA WALLACE","04/14/1977","FEMALE","BLACK"
"RUSSELL WALLACE","04/27/1958","MALE","WHITE"
"SAM WALLACE","10/09/1975","MALE","BLACK"
"TAKARRI WALLACE","07/30/1976","MALE","BLACK"
"TERANCE WALLACE","12/10/1985","MALE","BLACK"
"THOMAS WALLACE","02/26/1971","MALE","WHITE"
"TIMOTHY WALLACE","11/15/1980","MALE","WHITE"
"TIMOTHY WALLACE","08/18/1972","MALE","WHITE"
"TOMMIE WALLACE","01/03/1959","MALE","BLACK"
"BOYCE WALLER","06/27/1971","MALE","BLACK"
"JOSHUA WALLER","07/15/1982","MALE","WHITE"
"SHENISE WALLER","02/01/1991","FEMALE","BLACK"
"BENNIE WALLEY","04/10/1981","MALE","BLACK"
"BOBBY WALLEY","03/17/1977","MALE","WHITE"
"CHRISTOPHER WALLEY","07/20/1972","MALE","BLACK"
"JEFFERY WALLEY","08/05/1981","MALE","WHITE"
"JOSEPH WALLEY","10/20/1986","MALE","WHITE"
"THEODORE WALLEY","07/09/1975","MALE","WHITE"
"CHASE WALLIS","10/18/1992","MALE","WHITE"
"HENRY WALLIS","07/23/1959","MALE","WHITE"
"ALEXANDER WALLS","04/17/1985","MALE","BLACK"
"ALLEN WALLS","10/14/1965","MALE","BLACK"
"CHARLES WALLS","01/06/1988","MALE","BLACK"
"CINDI WALLS","07/09/1983","FEMALE","WHITE"
"COURTNEY WALLS","12/04/1979","FEMALE","WHITE"
"DARRION WALLS","02/21/1989","MALE","BLACK"
"DERACE WALLS","06/25/1979","MALE","BLACK"
"ERIC WALLS","09/03/1984","MALE","WHITE"
"ERICA WALLS","12/30/1982","FEMALE","BLACK"
"JEREMY WALLS","09/25/1986","MALE","BLACK"
"KARL WALLS","06/22/1990","MALE","WHITE"
"MACK WALLS","03/03/1946","MALE","BLACK"
"MARCUS WALLS","08/26/1983","MALE","BLACK"
"MARIO WALLS","03/18/1983","MALE","BLACK"
"MICHAEL WALLS","06/07/1983","MALE","WHITE"
"MICHAEL WALLS","09/06/1996","MALE","BLACK"
"NICHOLAS WALLS","11/19/1992","MALE","BLACK"
"QUINTORIS WALLS","07/05/1988","MALE","BLACK"
"RICKY WALLS","08/15/1955","MALE","WHITE"
"RIVA WALLS","02/02/1968","FEMALE","WHITE"
"RODNEY WALLS","08/15/1980","MALE","WHITE"
"RONNIE WALLS","09/30/1961","MALE","BLACK"
"DARRELL WALTER","06/19/1989","MALE","BLACK"
"MICHAEL WALTER","08/06/1980","MALE","BLACK"
"ANDREW WALTERS","12/19/1988","MALE","WHITE"
"CHRISTOPHER WALTERS","11/11/1987","MALE","WHITE"
"GREGORY WALTERS","11/22/1966","MALE","WHITE"
"JAMES WALTERS","02/02/1976","MALE","WHITE"
"JAMES WALTERS","03/31/1990","MALE","WHITE"
"JERRY WALTERS","06/27/1963","MALE","WHITE"
"JOHN WALTERS","12/22/1983","MALE","WHITE"
"LEONARD WALTERS","06/24/1957","MALE","BLACK"
"NOAH WALTERS","07/22/1981","MALE","WHITE"
"THOMAS WALTERS","11/09/1980","MALE","WHITE"
"TIMOTHY WALTERS","02/14/1959","MALE","WHITE"
"TOMMY WALTERS","12/19/1979","MALE","WHITE"
"WARNESHA WALTERS","12/24/1990","FEMALE","BLACK"
"SAMUEL WALTHALL","05/09/1997","MALE","WHITE"
"WHITNEY WALTHERS","11/27/1991","FEMALE","WHITE"
"JESSICA WALTMAN","07/12/1983","FEMALE","WHITE"
"TARA WALTMAN","09/11/1991","FEMALE","WHITE"
"ANTARIUS WALTON","07/25/1999","MALE","BLACK"
"ARTHUR WALTON","07/02/1978","MALE","BLACK"
"CHRISTIAN WALTON","12/16/1985","MALE","BLACK"
"CHRISTOPHER WALTON","05/10/1983","MALE","BLACK"
"CHRISTOPHER WALTON","08/16/1979","MALE","BLACK"
"CLIFFORD WALTON","02/17/1989","MALE","BLACK"
"CLIFTON WALTON","08/26/2000","MALE","BLACK"
"DEREK WALTON","04/12/1994","MALE","BLACK"
"DESMOND WALTON","01/27/1978","MALE","BLACK"
"JADARIUS WALTON","04/17/1997","MALE","BLACK"
"JEFFERY WALTON","07/18/1974","MALE","WHITE"
"JOSHUA WALTON","08/05/1983","MALE","WHITE"
"KENNY WALTON","10/04/1987","MALE","BLACK"
"LEWIS WALTON","01/09/1949","MALE","WHITE"
"MERRICK WALTON","08/28/1999","MALE","BLACK"
"RICKY WALTON","01/28/1980","MALE","BLACK"
"WILLIE WALTON","06/19/1992","MALE","BLACK"
"THOMAS WANSLEY","08/08/1988","MALE","BLACK"
"ALPHONSO WARD","12/10/1975","MALE","BLACK"
"DUSTY WARD","10/16/1981","MALE","WHITE"
"EDWARD WARD","07/05/1969","MALE","BLACK"
"G'QWHUAN WARD","02/28/1997","MALE","BLACK"
"JASON WARD","01/12/1979","MALE","BLACK"
"JAVON WARD","09/17/1981","MALE","BLACK"
"JESSE WARD","05/14/1988","MALE","WHITE"
"KAWANA WARD","09/12/1995","FEMALE","BLACK"
"LAHARRY WARD","09/04/1969","MALE","BLACK"
"LUTHER WARD","07/10/1972","MALE","WHITE"
"MALCOLM WARD","02/13/1989","MALE","BLACK"
"MARCUS WARD","09/05/1980","MALE","BLACK"
"MICHAEL WARD","06/08/1974","MALE","BLACK"
"MONTEZ WARD","08/27/1991","MALE","BLACK"
"MYRON WARD","12/17/1988","MALE","BLACK"
"MYRON WARD","09/23/1963","MALE","BLACK"
"NIGERIA WARD","03/20/1981","MALE","BLACK"
"PRESTON WARD","03/20/1980","MALE","WHITE"
"RICHARD WARD","06/10/1983","MALE","WHITE"
"ROY WARD","06/04/1969","MALE","WHITE"
"STEPHANIE WARD","03/10/1980","FEMALE","WHITE"
"STEPHANIE WARD","12/23/1975","FEMALE","BLACK"
"TEVIN WARD","08/20/1992","MALE","BLACK"
"TIMOTHY WARD","06/04/1981","MALE","BLACK"
"UNDRA WARD","09/16/1990","MALE","BLACK"
"ZARIUS WARD","03/21/1984","MALE","BLACK"
"TRAVIS WARDEN","10/05/1987","MALE","BLACK"
"CHARLES WARDLOW","11/22/1964","MALE","WHITE"
"JIMMY WARDLOW","03/26/1962","MALE","WHITE"
"BARRY WARE","03/28/1969","MALE","WHITE"
"BRYANT WARE","10/24/1971","MALE","BLACK"
"BRYANT WARE","01/13/2003","MALE","BLACK"
"CARL WARE","10/01/1970","MALE","BLACK"
"CARLOS WARE","07/07/1976","MALE","BLACK"
"DANNIE WARE","01/30/1979","MALE","BLACK"
"DANNY WARE","11/10/1956","MALE","WHITE"
"DAVID WARE","10/30/1962","MALE","BLACK"
"DEANGELO WARE","04/21/1989","MALE","BLACK"
"DEMETRIUS WARE","01/24/1993","MALE","BLACK"
"DONALD WARE","07/26/1969","MALE","WHITE"
"DONTORIUS WARE","03/14/1989","MALE","BLACK"
"EDWARD WARE","06/10/1986","MALE","BLACK"
"HENRY WARE","02/10/1970","MALE","BLACK"
"JOHN WARE","09/10/1966","MALE","BLACK"
"JUSTIN WARE","12/01/1993","MALE","BLACK"
"QUENTIN WARE","11/21/1987","MALE","BLACK"
"SHADRICK WARE","04/20/1976","MALE","BLACK"
"TERRY WARF","11/15/1991","MALE","WHITE"
"ROOSEVELT WARMACK","05/02/1968","MALE","BLACK"
"DARRYL WARNER","01/02/1995","MALE","WHITE"
"JERRY WARNER","12/21/1953","MALE","WHITE"
"MONTAVIOUS WARNER","07/23/1984","MALE","BLACK"
"EMILIO WARNSLEY","07/27/1991","MALE","BLACK"
"ADAM WARREN","04/30/1994","MALE","BLACK"
"ANTHONY WARREN","02/19/1965","MALE","BLACK"
"AUBRY WARREN","04/09/1990","MALE","BLACK"
"BRYSON WARREN","09/20/1995","MALE","BLACK"
"CURTIS WARREN","05/26/1994","MALE","BLACK"
"CURTWAN WARREN","07/09/1994","MALE","BLACK"
"DELDRICK WARREN","08/12/1995","MALE","BLACK"
"DERRICK WARREN","07/31/1981","MALE","BLACK"
"DERRIE WARREN","02/26/1975","MALE","BLACK"
"HENRY WARREN","06/23/1975","MALE","WHITE"
"JAKEIVIS WARREN","04/27/1999","MALE","BLACK"
"JAMIE WARREN","04/09/1979","MALE","WHITE"
"JAVIS WARREN","07/17/1987","MALE","BLACK"
"JIMMY WARREN","05/11/1981","MALE","BLACK"
"JOSEPH WARREN","06/22/1978","MALE","WHITE"
"JOSHUA WARREN","01/26/1994","MALE","BLACK"
"JOSHUA WARREN","01/29/1985","MALE","WHITE"
"KELVIN WARREN","01/16/1993","MALE","BLACK"
"KENNETH WARREN","03/17/1986","MALE","WHITE"
"KEVIN WARREN","08/25/1971","MALE","BLACK"
"KIRMON WARREN","06/23/1978","MALE","BLACK"
"PRINCETON WARREN","03/24/1996","MALE","BLACK"
"ROBERT WARREN","09/20/1984","MALE","BLACK"
"STACEY WARREN","05/15/1972","MALE","BLACK"
"TERRY WARREN","09/26/1974","MALE","BLACK"
"THOMAS WARREN","02/19/1969","MALE","BLACK"
"TRAMELL WARREN","04/16/1991","MALE","BLACK"
"WINFIELD WARREN","09/11/1970","MALE","WHITE"
"JAMES WASH","03/06/1981","MALE","BLACK"
"JAMES WASH","11/05/1969","MALE","BLACK"
"JAMES WASH","05/20/1971","MALE","BLACK"
"RODNEY WASH","02/02/1976","MALE","BLACK"
"TRIEMARIUS WASH","06/23/1997","MALE","BLACK"
"A. C. WASHINGTON","06/20/1989","MALE","BLACK"
"ANTHONY WASHINGTON","11/22/1974","MALE","BLACK"
"ANTWUNE WASHINGTON","12/26/1980","MALE","BLACK"
"ARTHUR WASHINGTON","05/14/1990","MALE","BLACK"
"AVERY WASHINGTON","11/24/1993","MALE","BLACK"
"BOBBY WASHINGTON","01/25/1979","MALE","BLACK"
"CAREY WASHINGTON","01/08/1984","MALE","BLACK"
"CHARLES WASHINGTON","03/31/1972","MALE","BLACK"
"CHARLES WASHINGTON","10/24/1979","MALE","BLACK"
"CHRISTOPHER WASHINGTON","09/15/1976","MALE","BLACK"
"CLAYTON WASHINGTON","11/30/1966","MALE","BLACK"
"CORTEZ WASHINGTON","12/05/1990","MALE","BLACK"
"CURTIS WASHINGTON","01/19/1990","MALE","BLACK"
"D'ALLEN WASHINGTON","08/05/1999","MALE","BLACK"
"DAONDRICK WASHINGTON","07/04/1985","MALE","BLACK"
"DAVID WASHINGTON","03/03/1985","MALE","BLACK"
"DAVID WASHINGTON","01/13/1994","MALE","BLACK"
"DEJUAN WASHINGTON","12/13/1988","MALE","BLACK"
"DEXTER WASHINGTON","08/30/1989","MALE","BLACK"
"DOMINIC WASHINGTON","10/09/1978","MALE","BLACK"
"EARL WASHINGTON","08/09/1977","MALE","BLACK"
"EARTHALIE WASHINGTON","02/14/1992","MALE","BLACK"
"ERIC WASHINGTON","11/14/1989","MALE","BLACK"
"ERIC WASHINGTON","04/22/1965","MALE","BLACK"
"EUGENE WASHINGTON","04/07/1965","MALE","BLACK"
"FERNANDO WASHINGTON","11/15/1977","MALE","BLACK"
"FRANK WASHINGTON","09/27/1990","MALE","BLACK"
"FREDERRICK WASHINGTON","12/23/1998","MALE","BLACK"
"FREDRICK WASHINGTON","08/04/1991","MALE","BLACK"
"JATOREY WASHINGTON","03/18/1998","MALE","BLACK"
"JENNIFER WASHINGTON","03/05/1975","FEMALE","WHITE"
"JOHNNY WASHINGTON","05/24/1954","MALE","BLACK"
"JOHNNY WASHINGTON","08/07/1966","MALE","BLACK"
"JON WASHINGTON","06/30/1986","MALE","BLACK"
"JOSHUA WASHINGTON","01/22/1988","MALE","BLACK"
"JOSHUA WASHINGTON","08/27/1988","MALE","BLACK"
"KELEE WASHINGTON","10/14/1986","MALE","BLACK"
"KEMP WASHINGTON","05/29/1984","MALE","BLACK"
"KENDRICK WASHINGTON","07/31/1990","MALE","BLACK"
"KENNETH WASHINGTON","11/29/1982","MALE","BLACK"
"KENNETH WASHINGTON","07/02/2001","MALE","BLACK"
"KERVIN WASHINGTON","08/21/1995","MALE","BLACK"
"KIANDAS WASHINGTON","08/01/1998","MALE","BLACK"
"KORDERO WASHINGTON","07/24/1989","MALE","BLACK"
"LINZELL WASHINGTON","12/26/1993","MALE","BLACK"
"LORENZO WASHINGTON","05/13/1989","MALE","BLACK"
"MARQUEZ WASHINGTON","06/09/1993","MALE","BLACK"
"O WASHINGTON","07/13/1946","MALE","BLACK"
"RENALDEZ WASHINGTON","11/28/1984","MALE","BLACK"
"ROOSEVELT WASHINGTON","10/03/1966","MALE","BLACK"
"STANLEY WASHINGTON","02/15/1964","MALE","BLACK"
"TREVINO WASHINGTON","05/13/1976","MALE","BLACK"
"VICTOR WASHINGTON","04/17/1966","MALE","BLACK"
"WILL WASHINGTON","12/19/1989","MALE","BLACK"
"WILLIE WASHINGTON","02/15/1974","MALE","BLACK"
"WILLIE WASHINGTON","12/27/1998","MALE","BLACK"
"YAQUILLA WASHINGTON","10/16/1987","MALE","BLACK"
"ADAM WATERS","10/07/1968","MALE","BLACK"
"ASHTON WATERS","03/16/1995","MALE","BLACK"
"JERRY WATERS","12/11/1962","MALE","BLACK"
"KENDRICK WATERS","11/05/1993","MALE","BLACK"
"LAJOE WATERS","01/23/1980","MALE","BLACK"
"CURTIS WATHEN","06/03/1990","MALE","WHITE"
"AIMEE WATKINS","07/06/1979","FEMALE","WHITE"
"ANTHONY WATKINS","01/15/1974","MALE","WHITE"
"DANNY WATKINS","08/21/1962","MALE","BLACK"
"DEMETRIUS WATKINS","11/14/1992","MALE","BLACK"
"DESEANTEZ WATKINS","03/14/1995","MALE","BLACK"
"EDDIE WATKINS","03/03/1956","MALE","WHITE"
"ERIC WATKINS","07/01/1976","MALE","WHITE"
"ILLYA WATKINS","08/05/1968","MALE","BLACK"
"ISSAC WATKINS","06/20/1965","MALE","BLACK"
"JEREMY WATKINS","10/12/1976","MALE","WHITE"
"JOHNEIL WATKINS","08/01/1956","MALE","BLACK"
"KENNETH WATKINS","06/18/1990","MALE","WHITE"
"KENNY WATKINS","06/09/1961","MALE","BLACK"
"KENNY WATKINS","07/26/1981","MALE","WHITE"
"KENTORRIE WATKINS","11/03/1981","MALE","BLACK"
"LARRY WATKINS","11/22/1990","MALE","BLACK"
"PATRICK WATKINS","06/12/1963","MALE","BLACK"
"PRESTON WATKINS","06/06/1991","MALE","BLACK"
"TERRANCE WATKINS","11/19/1982","MALE","BLACK"
"VERBIE WATKINS","04/30/1992","MALE","BLACK"
"BRENDA WATKINS-FORD","12/20/1983","FEMALE","WHITE"
"ANDREW WATSON","12/31/1995","MALE","WHITE"
"ANDREW WATSON","12/23/1988","MALE","BLACK"
"ANGELA WATSON","05/01/1984","FEMALE","WHITE"
"BRANDY WATSON","10/26/1980","FEMALE","WHITE"
"BRIAN WATSON","10/02/1969","MALE","BLACK"
"CAREY WATSON","10/11/1991","MALE","BLACK"
"CEDRIC WATSON","12/30/1974","MALE","BLACK"
"CHARLES WATSON","06/08/1976","MALE","WHITE"
"CLAYDE WATSON","01/11/2000","MALE","BLACK"
"CORKNEY WATSON","08/20/1987","MALE","BLACK"
"CORTEZ WATSON","02/03/1983","MALE","BLACK"
"DEAUNDRIC WATSON","08/04/1987","MALE","BLACK"
"DEXTER WATSON","04/20/1970","MALE","BLACK"
"JAMES WATSON","07/19/1989","MALE","BLACK"
"JAMIE WATSON","03/17/1971","MALE","BLACK"
"JARMARCUS WATSON","10/29/1998","MALE","BLACK"
"JEREMY WATSON","03/03/1982","MALE","WHITE"
"JIMMY WATSON","08/11/1999","MALE","BLACK"
"JOSEPH WATSON","12/27/1989","MALE","BLACK"
"KALCEY WATSON","10/14/1995","MALE","BLACK"
"LOUIS WATSON","08/13/1990","MALE","BLACK"
"MICHAEL WATSON","09/12/1977","MALE","WHITE"
"NATHANIEL WATSON","04/05/1981","MALE","BLACK"
"NICKIE WATSON","11/26/1982","FEMALE","WHITE"
"OSRIC WATSON","10/30/1982","MALE","BLACK"
"RYAVIA WATSON","12/07/1988","FEMALE","BLACK"
"SAMUEL WATSON","01/14/1992","MALE","BLACK"
"SERGIO WATSON","11/30/1982","MALE","BLACK"
"SKYLAR WATSON","02/17/1984","MALE","BLACK"
"TAMDRIUM WATSON","08/18/1984","FEMALE","BLACK"
"TONJA WATSON","08/10/1959","FEMALE","WHITE"
"TRAVON WATSON","06/09/1993","MALE","BLACK"
"VERNORA WATSON","02/08/1971","FEMALE","BLACK"
"WALTRAVIOUS WATSON","05/26/1991","MALE","BLACK"
"SHANE WATT","10/04/1989","MALE","WHITE"
"ALBERT WATTS","11/18/1960","MALE","BLACK"
"ALBERT WATTS","01/25/1965","MALE","BLACK"
"ANDREW WATTS","05/24/1985","MALE","WHITE"
"ARTHUR WATTS","02/03/1989","MALE","BLACK"
"CARL WATTS","09/28/1970","MALE","BLACK"
"CHARLES WATTS","04/20/1944","MALE","WHITE"
"CHRISTOPHER WATTS","01/11/1980","MALE","BLACK"
"DANNY WATTS","04/21/1954","MALE","WHITE"
"DARRION WATTS","01/06/1992","MALE","BLACK"
"DELEMIOUS WATTS","05/15/1976","MALE","BLACK"
"DENZELL WATTS","07/21/1996","MALE","BLACK"
"DYLVESTER WATTS","02/08/1992","MALE","BLACK"
"ELIZABETH WATTS","04/28/1997","FEMALE","WHITE"
"HAROLD WATTS","04/09/1967","MALE","BLACK"
"JAMAR WATTS","04/20/1977","MALE","BLACK"
"JAMES WATTS","12/08/1967","MALE","BLACK"
"JAMES WATTS","11/19/1985","MALE","BLACK"
"JAVONTE WATTS","12/05/1997","MALE","BLACK"
"LARRY WATTS","12/03/1983","MALE","BLACK"
"LARRY WATTS","08/03/1950","MALE","BLACK"
"LESLIE WATTS","04/07/1993","MALE","BLACK"
"MACK WATTS","05/06/1963","MALE","BLACK"
"MARCCO WATTS","03/15/1981","MALE","BLACK"
"MILTON WATTS","10/12/1964","MALE","WHITE"
"RICHARD WATTS","11/26/1973","MALE","WHITE"
"ROBERT WATTS","05/02/1963","MALE","BLACK"
"THOMAS WATTS","01/24/1971","MALE","BLACK"
"CHARLES WAUGH","12/15/1963","MALE","WHITE"
"CURTIS WAY","10/05/1962","MALE","BLACK"
"GEMALE WEARY","02/09/1987","MALE","BLACK"
"CODY WEATHERLY","02/22/1988","MALE","WHITE"
"JOTIS WEATHERS","04/21/1993","MALE","BLACK"
"JARIUS WEATHERSBY","06/12/1993","MALE","BLACK"
"JEREMY WEATHERSBY","01/02/1991","MALE","BLACK"
"LANEY WEATHERSBY","10/26/1984","MALE","WHITE"
"MCDANIEL WEATHERSBY","07/14/1972","MALE","BLACK"
"SHEQUITA WEATHERSBY","11/14/1987","FEMALE","BLACK"
"TRENT WEATHERSBY","12/12/1991","MALE","BLACK"
"CHARLES WEATHERSPOON","03/28/1980","MALE","BLACK"
"DAVID WEATHERSPOON","08/06/1962","MALE","BLACK"
"DEADRICK WEATHERSPOON","01/23/1997","MALE","BLACK"
"FRANK WEATHERSPOON","10/10/1963","MALE","BLACK"
"JAMES WEATHERSPOON","08/24/1971","MALE","BLACK"
"JENNIFER WEATHERSPOON","04/25/1985","FEMALE","BLACK"
"JIMMIE WEATHERSPOON","01/19/1982","MALE","BLACK"
"JUSTIN WEATHERSPOON","02/15/2001","MALE","BLACK"
"KEIVAN WEATHERSPOON","04/02/1986","MALE","BLACK"
"MARIAH WEATHERSPOON","01/16/1977","MALE","BLACK"
"RAY WEATHERSPOON","04/06/1961","MALE","BLACK"
"TRAVIS WEATHERSPOON","03/05/1981","MALE","BLACK"
"JEROME WEATHINGTON","03/20/1985","MALE","BLACK"
"ANDREW WEAVER","06/13/1980","MALE","WHITE"
"DANIEL WEAVER","01/24/1981","MALE","WHITE"
"DONALD WEAVER","08/10/1963","MALE","WHITE"
"IDA WEAVER","02/23/1960","FEMALE","WHITE"
"JACKIE WEAVER","08/31/1977","MALE","WHITE"
"JOSEPH WEAVER","06/07/1995","MALE","WHITE"
"KENNETH WEAVER","02/18/1983","MALE","WHITE"
"LONNIE WEAVER","05/05/1965","MALE","BLACK"
"OCTZAVIUS WEAVER","01/06/1978","MALE","BLACK"
"ROBERT WEAVER","10/16/1952","MALE","BLACK"
"TYRONE WEAVER","10/24/1995","MALE","BLACK"
"ARVELL WEBB","03/30/1971","MALE","BLACK"
"CATERINA WEBB","10/02/1980","FEMALE","WHITE"
"FERNANDO WEBB","11/20/1985","MALE","BLACK"
"JEFFERY WEBB","09/21/1958","MALE","BLACK"
"JEREMY WEBB","04/09/1981","MALE","BLACK"
"JEROME WEBB","08/28/1962","MALE","BLACK"
"JONATHAN WEBB","04/30/1992","MALE","WHITE"
"KNOXIE WEBB","03/15/1978","FEMALE","BLACK"
"MARCUS WEBB","07/28/1986","MALE","BLACK"
"MARVIN WEBB","12/26/1966","MALE","BLACK"
"MICHAEL WEBB","09/24/1972","MALE","WHITE"
"SHAWN WEBB","03/11/1988","MALE","WHITE"
"TIMOTHY WEBB","02/05/1987","MALE","BLACK"
"TREMARCUS WEBB","12/07/1992","MALE","BLACK"
"WALDSEE WEBBER","11/29/1973","MALE","BLACK"
"JOSHUA WEBER","07/14/1988","MALE","WHITE"
"ADRIAN WEBSTER","09/15/1988","MALE","BLACK"
"ANNALARA WEBSTER","01/31/2000","FEMALE","WHITE"
"DEMARIO WEBSTER","12/17/1995","MALE","BLACK"
"FRANK WEBSTER","01/08/1975","MALE","BLACK"
"HAROLD WEBSTER","03/21/1969","MALE","BLACK"
"JAMES WEBSTER","07/06/1985","MALE","WHITE"
"MICHAEL WEBSTER","07/18/1984","MALE","BLACK"
"MICHAEL WEBSTER","07/29/1977","MALE","WHITE"
"PHILLIP WEBSTER","02/05/1988","MALE","BLACK"
"SHARRON WEBSTER","08/23/1968","MALE","BLACK"
"KELLY WEDGEWORTH","04/27/1981","FEMALE","WHITE"
"KOREY WEDGEWORTH","01/10/1989","MALE","WHITE"
"SAMMY WEDGEWORTH","06/23/1954","MALE","WHITE"
"WILEY WEDGEWORTH","08/17/1990","MALE","WHITE"
"WILLIAM WEEDEN","06/02/1994","MALE","BLACK"
"ALAN WEEKS","01/19/1963","MALE","WHITE"
"BRIAN WEEKS","08/11/1966","MALE","WHITE"
"L WEEKS","07/08/1964","MALE","BLACK"
"MALCOLM WEEKS","10/18/1970","MALE","WHITE"
"MICHAEL WEEKS","02/11/1971","MALE","WHITE"
"RUBIN WEEKS","07/12/1961","MALE","WHITE"
"WALTER WEEKS","10/23/1981","MALE","WHITE"
"JOHN WEEMS","04/27/1984","MALE","WHITE"
"RICHARD WEEMS","07/29/1968","MALE","WHITE"
"VICTOR WEEMS","10/27/1957","MALE","WHITE"
"JAMES WEIGEL","12/17/1971","MALE","WHITE"
"JOSHUA WEIR","02/06/1990","MALE","WHITE"
"BRANDON WELCH","09/23/1981","MALE","WHITE"
"CALEB WELCH","07/14/1998","MALE","WHITE"
"CALVIN WELCH","07/15/1984","MALE","BLACK"
"CASSIE WELCH","03/07/1991","FEMALE","WHITE"
"DAVID WELCH","03/24/1966","MALE","WHITE"
"DONALD WELCH","12/18/1978","MALE","WHITE"
"JAMEE WELCH","12/02/1997","MALE","BLACK"
"JASON WELCH","04/28/1976","MALE","BLACK"
"JOSEPH WELCH","12/17/1989","MALE","WHITE"
"KEEUNA WELCH","11/09/1995","MALE","BLACK"
"MICHAEL WELCH","09/27/1982","MALE","BLACK"
"NICHOLAS WELCH","05/10/1987","MALE","WHITE"
"QUENTIN WELCH","03/31/1973","MALE","WHITE"
"ROBERT WELCH","04/26/1962","MALE","WHITE"
"ROBERT WELCH","10/05/1975","MALE","WHITE"
"VERNON WELCH","06/25/1953","MALE","WHITE"
"WILLIE WELCH","04/29/1990","MALE","BLACK"
"DAVID WELDE","10/16/1967","MALE","WHITE"
"ALBERT WELLS","12/21/1977","MALE","BLACK"
"ALONZO WELLS","02/28/1977","MALE","BLACK"
"BOBBY WELLS","02/11/1983","MALE","WHITE"
"BRYAN WELLS","05/29/1974","MALE","WHITE"
"CHANA WELLS","09/16/1985","FEMALE","BLACK"
"CHRISTOPHER WELLS","04/09/1987","MALE","BLACK"
"CONNIE WELLS","12/29/1953","MALE","BLACK"
"COREY WELLS","07/14/1988","MALE","WHITE"
"DARWIN WELLS","11/01/1992","MALE","BLACK"
"DAVIOUS WELLS","03/11/1992","MALE","BLACK"
"DEAUNTA WELLS","08/23/1990","MALE","BLACK"
"DEMARCUS WELLS","03/16/1986","MALE","BLACK"
"DEXTER WELLS","03/07/1975","MALE","BLACK"
"FREDRICK WELLS","10/26/1984","MALE","BLACK"
"GREGORY WELLS","07/24/1971","MALE","BLACK"
"JOE WELLS","12/23/1947","MALE","BLACK"
"JOSEPH WELLS","04/28/1976","MALE","BLACK"
"KASHAWN WELLS","05/07/1994","MALE","BLACK"
"KORTEZ WELLS","04/08/1981","MALE","BLACK"
"LARRY WELLS","09/17/1987","MALE","BLACK"
"LASONDRA WELLS","03/31/1991","FEMALE","BLACK"
"LINCOLN WELLS","08/28/1979","MALE","WHITE"
"MACK WELLS","12/02/1957","MALE","BLACK"
"MARCUS WELLS","07/26/1987","MALE","BLACK"
"MICHAEL WELLS","12/02/1968","MALE","BLACK"
"PERCY WELLS","12/26/1991","MALE","BLACK"
"QUARTAVIOUS WELLS","08/06/1994","MALE","BLACK"
"SCOTTY WELLS","12/11/1990","MALE","WHITE"
"TYSKI WELLS","06/17/1991","MALE","BLACK"
"WALTER WELLS","08/03/1967","MALE","BLACK"
"WILLIAM WELLS","11/12/1990","MALE","BLACK"
"XAVIER WELLS","08/08/1985","MALE","BLACK"
"JOSHUA WELZBACHER","08/20/1991","MALE","WHITE"
"KYLE WENDT","12/19/1990","MALE","WHITE"
"JOSEPH WENGER","11/17/1989","MALE","WHITE"
"SHANNON WERNETH","06/18/2019","FEMALE","WHITE"
"JONATHAN WESLEY","01/18/1996","MALE","WHITE"
"RAMON WESLEY","09/09/1991","MALE","BLACK"
"REGINALD WESLEY","09/03/1995","MALE","BLACK"
"TRADARRIUS WESLEY","09/01/1992","MALE","BLACK"
"JAMES WESS","10/06/1963","MALE","BLACK"
"MARCUS WESS","11/08/1967","MALE","BLACK"
"DEAN WESSON","07/17/1993","MALE","WHITE"
"DAKOTA WEST","12/08/1991","MALE","WHITE"
"DEMARLO WEST","10/17/1976","MALE","BLACK"
"DEMARTREZ WEST","12/27/1994","MALE","BLACK"
"FRANK WEST","10/15/1981","MALE","WHITE"
"HANCE WEST","02/05/1982","MALE","BLACK"
"JAHVADUS WEST","10/08/1997","MALE","BLACK"
"JAMES WEST","02/06/1983","MALE","WHITE"
"JAMES WEST","12/13/1968","MALE","BLACK"
"JONATHAN WEST","11/03/1993","MALE","BLACK"
"JOSEPH WEST","11/26/1975","MALE","WHITE"
"KENNETH WEST","05/31/1965","MALE","WHITE"
"MARQUE WEST","02/22/1993","MALE","BLACK"
"MICHAEL WEST","11/09/1978","MALE","WHITE"
"RANDY WEST","10/27/1978","MALE","BLACK"
"TIMOTHY WEST","07/22/1980","MALE","WHITE"
"TORIE WEST","03/25/1993","FEMALE","WHITE"
"TRACY WEST","04/09/1970","MALE","WHITE"
"TRAVARUS WEST","04/04/1993","MALE","BLACK"
"RONNIE WESTBERRY","07/08/1977","MALE","WHITE"
"BILLY WESTBROOK","03/26/1989","MALE","WHITE"
"CHARLES WESTBROOK","03/03/1964","MALE","BLACK"
"DANNY WESTBROOK","11/30/1965","MALE","WHITE"
"DWIGHT WESTBROOK","06/01/1977","MALE","BLACK"
"GLENN WESTBROOK","07/22/1954","MALE","WHITE"
"JOSEPH WESTBROOK","08/08/1959","MALE","BLACK"
"MARK WESTBROOK","03/28/1990","MALE","WHITE"
"MELVIN WESTBROOK","11/21/1963","MALE","BLACK"
"RICHARD WESTBROOK","08/03/1981","MALE","WHITE"
"TARA WESTBROOK","12/13/1979","FEMALE","WHITE"
"TERRANCE WESTERFIELD","05/25/1994","MALE","WHITE"
"COTY WESTLEY","11/26/1983","MALE","BLACK"
"BRANDON WESTMORELAND","05/07/1995","MALE","WHITE"
"DENARDIS WESTMORELAND","07/10/1996","MALE","BLACK"
"JOHN WESTMORELAND","01/23/1972","MALE","WHITE"
"MICHAEL WESTMORELAND","04/02/1982","MALE","WHITE"
"SHERRY WESTMORELAND","01/09/1958","FEMALE","WHITE"
"ANTHONY WESTON","06/23/1982","MALE","WHITE"
"TRAVIS WICKER","06/22/1964","MALE","WHITE"
"WILLIAM WICKER","05/25/1977","MALE","WHITE"
"BRODERICK WICKS","02/10/1988","MALE","BLACK"
"KENNETH WICKS","11/02/1970","MALE","BLACK"
"JUSTIN WIDEL","03/20/1982","MALE","WHITE"
"AUSTIN WIGG","11/21/1995","MALE","WHITE"
"THOMAS WIGGINGTON","07/21/1974","MALE","WHITE"
"ALVIN WIGGINS","11/17/1989","MALE","BLACK"
"MARQUIS WIGGINS","04/29/1988","MALE","BLACK"
"MAURICE WIGGINS","09/10/1980","MALE","BLACK"
"GINA WIGHTMAN","06/25/1971","FEMALE","WHITE"
"BERNARD WIGLEY","03/29/1973","MALE","BLACK"
"DREW WILBANKS","05/05/1987","MALE","WHITE"
"JUDY WILBANKS","01/13/1956","FEMALE","WHITE"
"LARRY WILBANKS","12/16/1966","MALE","WHITE"
"STEVEN WILBANKS","09/07/1991","MALE","WHITE"
"ZACHARY WILBANKS","03/16/2000","MALE","WHITE"
"HASSAN WILBORN","07/07/1978","MALE","BLACK"
"JERRY WILBORN","05/03/1979","MALE","WHITE"
"KIRK WILBORN","02/14/1988","MALE","BLACK"
"QUONTAVIOUS WILBORN","03/26/1995","MALE","BLACK"
"DARREN WILBURN","12/19/1994","MALE","BLACK"
"DONNIE WILBURN","10/24/1943","MALE","BLACK"
"JACKIE WILBURN","03/03/1953","MALE","WHITE"
"JAMES WILBURN","09/19/1976","MALE","WHITE"
"MICHAEL WILBURN","08/23/1964","MALE","WHITE"
"REGGIE WILBURN","02/21/1980","MALE","BLACK"
"JAMES WILCHER","12/29/1974","MALE","WHITE"
"MACK WILCHER","07/14/1944","MALE","WHITE"
"TERRISA WILCHER","08/18/1976","FEMALE","BLACK"
"ANDREW WILCOX","12/08/1987","MALE","BLACK"
"ARTHUR WILDE","02/21/1952","MALE","BLACK"
"CHRISTOPHER WILDER","07/10/1973","MALE","WHITE"
"GARY WILDER","12/21/1974","MALE","BLACK"
"GREGORY WILDER","06/21/1984","MALE","BLACK"
"LEE WILDER","06/28/1990","MALE","BLACK"
"LEJUAN WILDER","02/09/1997","MALE","BLACK"
"LEROY WILDER","10/29/1954","MALE","BLACK"
"VICTOR WILDER","03/25/1981","MALE","BLACK"
"JOSHUA WILEMON","01/20/1991","MALE","WHITE"
"MINDY WILES","01/14/1980","FEMALE","WHITE"
"BETTY WILEY","12/08/1972","FEMALE","WHITE"
"HERMAN WILEY","10/31/1961","MALE","WHITE"
"KENTRELL WILEY","08/19/1992","MALE","BLACK"
"LARRY WILEY","03/02/1965","MALE","WHITE"
"RODERICK WILEY","06/27/1988","MALE","BLACK"
"WANDA WILEY","11/06/1973","FEMALE","BLACK"
"WILLIE WILEY","06/04/1983","MALE","BLACK"
"MICHAEL WILFONG","12/18/1981","MALE","BLACK"
"TINA WILHELM","11/14/1968","FEMALE","WHITE"
"MATTHEW WILHITE","01/20/1988","MALE","BLACK"
"AMY WILKERSON","04/19/1976","FEMALE","WHITE"
"CODY WILKERSON","04/19/1991","MALE","WHITE"
"DAVID WILKERSON","12/19/1979","MALE","WHITE"
"DAVID WILKERSON","04/20/1984","MALE","WHITE"
"GRANT WILKERSON","08/03/1984","MALE","BLACK"
"JEREMY WILKERSON","01/02/1992","MALE","WHITE"
"JOSHUA WILKERSON","05/24/1992","MALE","WHITE"
"MAURICE WILKERSON","03/08/1960","MALE","BLACK"
"ROBERT WILKERSON","05/30/1967","MALE","WHITE"
"THOMAS WILKERSON","09/07/1990","MALE","WHITE"
"LAVONTE WILKES","06/14/1995","MALE","BLACK"
"ASHLEY WILKINS","09/19/1985","FEMALE","WHITE"
"BERNARD WILKINS","05/29/1982","MALE","BLACK"
"BRIAN WILKINS","12/08/1982","MALE","BLACK"
"CHRISTOPHER WILKINS","05/02/1979","MALE","WHITE"
"DEMARCO WILKINS","12/10/1985","MALE","BLACK"
"EDWARD WILKINS","01/14/1993","MALE","BLACK"
"ELMO WILKINS","08/05/1994","MALE","BLACK"
"GREGORY WILKINS","11/30/1975","MALE","BLACK"
"GUS WILKINS","04/04/1977","MALE","BLACK"
"STEVEN WILKINS","04/29/1974","MALE","BLACK"
"TERRY WILKINS","10/19/1965","MALE","WHITE"
"WILLIAM WILKINS","03/14/1987","MALE","WHITE"
"CHRISTOPHER WILKINSON","02/06/1983","MALE","BLACK"
"DAVID WILKINSON","08/24/1988","MALE","WHITE"
"WILLIE WILKINSON","01/31/1993","MALE","BLACK"
"ANDREW WILKS","05/31/1997","MALE","BLACK"
"JAVION WILKS","02/19/2002","MALE","BLACK"
"MELVIN WILKS","12/31/1975","MALE","BLACK"
"WHITLEY WILLAIMS","04/02/1991","FEMALE","BLACK"
"AMY WILLARD","03/15/1982","FEMALE","WHITE"
"BOYCE WILLARD","07/21/1963","MALE","WHITE"
"DYLAN WILLARD","03/08/1990","MALE","WHITE"
"WADE WILLARD","11/07/1985","MALE","WHITE"
"CHRISTOPHER WILLHITE","04/20/1980","MALE","WHITE"
"EARNEST WILLHITE","06/01/1981","MALE","WHITE"
"ASHIA WILLIAM","09/18/1985","FEMALE","BLACK"
"VANTONIO WILLIAM","11/26/1998","MALE","BLACK"
"ADRIAN WILLIAMS","08/06/1988","MALE","BLACK"
"ALBERT WILLIAMS","04/03/1989","MALE","BLACK"
"ALBERT WILLIAMS","10/31/1988","MALE","BLACK"
"ALBERT WILLIAMS","10/22/1962","MALE","BLACK"
"ALBERT WILLIAMS","01/09/1996","MALE","WHITE"
"ALFRED WILLIAMS","05/31/1992","MALE","BLACK"
"ALFRED WILLIAMS","04/11/1968","MALE","BLACK"
"ALISON WILLIAMS","11/07/1979","FEMALE","WHITE"
"ALONZO WILLIAMS","06/26/1998","MALE","BLACK"
"ANDRANETTE WILLIAMS","02/06/1984","FEMALE","BLACK"
"ANDREW WILLIAMS","09/04/1987","MALE","BLACK"
"ANGELA WILLIAMS","10/03/1976","FEMALE","BLACK"
"ANTHONY WILLIAMS","03/30/1977","MALE","BLACK"
"ANTHONY WILLIAMS","05/21/1976","MALE","BLACK"
"ANTHONY WILLIAMS","10/11/1973","MALE","BLACK"
"ANTHONY WILLIAMS","11/26/1976","MALE","BLACK"
"ANTHONY WILLIAMS","05/10/1990","MALE","BLACK"
"ANTINA WILLIAMS","04/23/1987","FEMALE","BLACK"
"ANTONIO WILLIAMS","09/13/1999","MALE","BLACK"
"ANTONIO WILLIAMS","10/19/1976","FEMALE","BLACK"
"ANTONY WILLIAMS","01/15/1966","MALE","BLACK"
"ANTWON WILLIAMS","08/10/1991","MALE","BLACK"
"APRIL WILLIAMS","05/06/1986","FEMALE","WHITE"
"ARTHUR WILLIAMS","07/28/1989","MALE","BLACK"
"BARIK WILLIAMS","03/22/1988","MALE","WHITE"
"BENNY WILLIAMS","06/17/1981","MALE","BLACK"
"BILLY WILLIAMS","08/28/1990","MALE","WHITE"
"BRAJUN WILLIAMS","09/27/1993","MALE","BLACK"
"BRANDON WILLIAMS","06/17/1985","MALE","WHITE"
"BRANDON WILLIAMS","09/25/1981","MALE","BLACK"
"BRANDON WILLIAMS","05/08/1986","MALE","WHITE"
"BRANDON WILLIAMS","11/07/1996","MALE","WHITE"
"BRANDY WILLIAMS","07/24/1991","FEMALE","WHITE"
"BRIAN WILLIAMS","07/09/1980","MALE","BLACK"
"BRIAN WILLIAMS","12/09/1978","MALE","BLACK"
"BRICK WILLIAMS","12/25/1998","MALE","WHITE"
"BRION WILLIAMS","07/18/1977","MALE","WHITE"
"BRITTANY WILLIAMS","09/09/1982","FEMALE","WHITE"
"BRITTON WILLIAMS","04/30/1993","MALE","WHITE"
"BRYSON WILLIAMS","07/11/1981","MALE","BLACK"
"BYREN WILLIAMS","03/15/1999","MALE","BLACK"
"CALVIN WILLIAMS","01/29/1967","MALE","BLACK"
"CAREY WILLIAMS","11/02/1976","MALE","BLACK"
"CARLDARONE WILLIAMS","06/30/1988","MALE","BLACK"
"CARLOS WILLIAMS","10/06/1977","MALE","BLACK"
"CEDRIC WILLIAMS","05/28/1979","MALE","BLACK"
"CEDRIC WILLIAMS","04/13/1973","MALE","BLACK"
"CEDRIC WILLIAMS","07/02/1984","MALE","BLACK"
"CHARLES WILLIAMS","02/23/1997","MALE","BLACK"
"CHARLIE WILLIAMS","04/04/1983","MALE","BLACK"
"CHARLIE WILLIAMS","11/29/1971","MALE","BLACK"
"CHRIS WILLIAMS","10/11/1983","MALE","WHITE"
"CHRISTOPHER WILLIAMS","01/22/1994","MALE","BLACK"
"CHRISTOPHER WILLIAMS","07/17/1978","MALE","BLACK"
"CLARENCE WILLIAMS","11/29/1970","MALE","BLACK"
"CLIFTON WILLIAMS","01/19/1980","MALE","BLACK"
"CLINTON WILLIAMS","03/14/1953","MALE","BLACK"
"CLYDE WILLIAMS","08/20/1987","MALE","BLACK"
"CLYDE WILLIAMS","01/26/1967","MALE","WHITE"
"CODARRELL WILLIAMS","07/28/1977","MALE","BLACK"
"CODY WILLIAMS","07/05/1995","MALE","WHITE"
"COLLIN WILLIAMS","11/19/1979","MALE","BLACK"
"COREY WILLIAMS","04/29/1991","MALE","WHITE"
"CORNEALOUS WILLIAMS","03/19/1990","MALE","BLACK"
"CORTEZ WILLIAMS","09/25/1984","MALE","BLACK"
"CRAIG WILLIAMS","10/30/1973","MALE","BLACK"
"CRAIG WILLIAMS","05/19/1995","MALE","BLACK"
"D'ANDRAE WILLIAMS","10/13/1972","MALE","BLACK"
"DAMIEN WILLIAMS","05/13/1980","MALE","BLACK"
"DANA WILLIAMS","08/22/1961","MALE","BLACK"
"DANIEL WILLIAMS","10/25/1992","MALE","BLACK"
"DANIEL WILLIAMS","02/10/1985","MALE","BLACK"
"DANIEL WILLIAMS","01/27/1983","MALE","WHITE"
"DANNIE WILLIAMS","06/14/1960","MALE","BLACK"
"DANNY WILLIAMS","12/12/1974","MALE","BLACK"
"DAQUARRIUS WILLIAMS","10/11/1998","MALE","BLACK"
"DARIOUS WILLIAMS","10/18/1992","MALE","BLACK"
"DARRAH WILLIAMS","08/04/1967","MALE","BLACK"
"DAVID WILLIAMS","06/06/1962","MALE","BLACK"
"DAVID WILLIAMS","03/17/1975","MALE","WHITE"
"DAVID WILLIAMS","07/25/1983","MALE","WHITE"
"DEMARKQUEZ WILLIAMS","11/14/1994","MALE","BLACK"
"DEMETRIC WILLIAMS","03/11/1975","MALE","BLACK"
"DEMETRICE WILLIAMS","09/02/1981","MALE","BLACK"
"DEMETRIS WILLIAMS","06/25/1992","MALE","BLACK"
"DEMETRIUS WILLIAMS","11/05/1989","MALE","BLACK"
"DEMON WILLIAMS","05/02/1994","MALE","BLACK"
"DERRICK WILLIAMS","01/10/1983","MALE","BLACK"
"DERRICK WILLIAMS","08/02/1994","MALE","BLACK"
"DERRICK WILLIAMS","08/27/1978","MALE","BLACK"
"DESMOND WILLIAMS","03/25/1992","MALE","BLACK"
"DEVIN WILLIAMS","09/02/1995","MALE","BLACK"
"DEVONTE WILLIAMS","01/22/1998","MALE","BLACK"
"DEWAYNE WILLIAMS","08/12/1976","MALE","BLACK"
"DEWAYNE WILLIAMS","04/13/1979","MALE","BLACK"
"DEXTER WILLIAMS","10/27/1974","MALE","BLACK"
"DILLION WILLIAMS","08/12/1992","MALE","BLACK"
"DIONTE WILLIAMS","05/24/1985","MALE","BLACK"
"DONALD WILLIAMS","03/12/1965","MALE","BLACK"
"DONALD WILLIAMS","02/02/1973","MALE","BLACK"
"DONZELL WILLIAMS","04/23/1991","MALE","BLACK"
"DOUGLAS WILLIAMS","11/01/1970","MALE","BLACK"
"DRODRIQUEZ WILLIAMS","05/05/1992","MALE","BLACK"
"DWAYNE WILLIAMS","01/14/1968","MALE","BLACK"
"EARL WILLIAMS","02/22/1999","MALE","BLACK"
"EARNEST WILLIAMS","01/04/1993","MALE","BLACK"
"EDDIE WILLIAMS","03/27/1992","MALE","BLACK"
"EDDIE WILLIAMS","09/29/1972","MALE","BLACK"
"EDDIE WILLIAMS","05/13/1984","MALE","BLACK"
"EDRIAN WILLIAMS","09/26/1994","MALE","BLACK"
"EDWARD WILLIAMS","06/18/1966","MALE","BLACK"
"EDWIN WILLIAMS","06/07/1989","MALE","BLACK"
"EMANUEL WILLIAMS","03/18/1987","MALE","BLACK"
"EMMANUEL WILLIAMS","11/13/1985","MALE","BLACK"
"ERIC WILLIAMS","01/21/1990","MALE","BLACK"
"ERIC WILLIAMS","07/02/1967","MALE","BLACK"
"ERNEST WILLIAMS","01/05/1964","MALE","BLACK"
"ERNIST WILLIAMS","10/27/1992","MALE","BLACK"
"ETERIO WILLIAMS","04/19/1994","MALE","BLACK"
"FRANK WILLIAMS","12/07/1994","MALE","BLACK"
"FRANK WILLIAMS","05/16/1966","MALE","BLACK"
"FRANKIE WILLIAMS","04/20/1966","MALE","BLACK"
"FRANKLIN WILLIAMS","12/29/1975","MALE","WHITE"
"FREDERICK WILLIAMS","11/20/1998","MALE","BLACK"
"GEORGE WILLIAMS","07/25/1991","MALE","BLACK"
"GEORGE WILLIAMS","11/14/1992","MALE","BLACK"
"GEORGE WILLIAMS","03/23/1977","MALE","BLACK"
"GORDON WILLIAMS","10/06/1973","MALE","BLACK"
"GREGORY WILLIAMS","09/17/1982","MALE","WHITE"
"GREGORY WILLIAMS","01/15/1964","MALE","BLACK"
"HERMAN WILLIAMS","09/15/1978","MALE","BLACK"
"ISAIAH WILLIAMS","06/17/1956","MALE","BLACK"
"ISIAH WILLIAMS","08/15/1962","MALE","BLACK"
"JACK WILLIAMS","04/16/1983","MALE","BLACK"
"JACOB WILLIAMS","02/22/1995","MALE","WHITE"
"JACQUAVIS WILLIAMS","07/24/1997","MALE","BLACK"
"JALEN WILLIAMS","08/31/1994","MALE","BLACK"
"JAMAL WILLIAMS","10/16/1995","MALE","BLACK"
"JAMARKKI WILLIAMS","04/30/1989","MALE","BLACK"
"JAMES WILLIAMS","01/26/1975","MALE","BLACK"
"JAMES WILLIAMS","03/17/1985","MALE","WHITE"
"JAMES WILLIAMS","02/06/1981","MALE","WHITE"
"JAMES WILLIAMS","06/01/1967","MALE","BLACK"
"JAMES WILLIAMS","04/26/1986","MALE","BLACK"
"JAMES WILLIAMS","04/07/1975","MALE","BLACK"
"JAMES WILLIAMS","09/16/1976","MALE","WHITE"
"JAMES WILLIAMS","01/19/1980","MALE","BLACK"
"JAMES WILLIAMS","02/12/1990","MALE","WHITE"
"JAMES WILLIAMS","07/23/1966","MALE","WHITE"
"JARVIS WILLIAMS","11/03/1995","MALE","BLACK"
"JASON WILLIAMS","04/26/1974","MALE","WHITE"
"JASON WILLIAMS","11/19/1981","MALE","BLACK"
"JEFFERY WILLIAMS","09/12/1972","MALE","WHITE"
"JEKELL WILLIAMS","04/19/2001","MALE","BLACK"
"JEMEIKO WILLIAMS","09/05/1987","MALE","BLACK"
"JENNIFER WILLIAMS","11/11/1974","FEMALE","WHITE"
"JENNIFER WILLIAMS","08/29/1979","FEMALE","WHITE"
"JERAMI WILLIAMS","09/09/1980","MALE","BLACK"
"JEREMY WILLIAMS","04/12/1984","MALE","WHITE"
"JEREMY WILLIAMS","01/23/1989","MALE","WHITE"
"JERMAINE WILLIAMS","03/08/1975","MALE","BLACK"
"JERMAINE WILLIAMS","08/07/1979","MALE","BLACK"
"JERMARIO WILLIAMS","06/06/1992","MALE","BLACK"
"JEROME WILLIAMS","02/09/1973","MALE","BLACK"
"JERRY WILLIAMS","03/10/1963","MALE","BLACK"
"JERRY WILLIAMS","08/22/1975","MALE","WHITE"
"JERTAVIOUS WILLIAMS","02/07/1998","MALE","BLACK"
"JESSICA WILLIAMS","04/14/1986","FEMALE","WHITE"
"JESSIE WILLIAMS","12/28/1992","MALE","BLACK"
"JESSIE WILLIAMS","03/29/1962","FEMALE","BLACK"
"JOHN WILLIAMS","11/20/1995","MALE","BLACK"
"JOHN WILLIAMS","04/01/1986","MALE","WHITE"
"JOHN WILLIAMS","04/20/1984","MALE","BLACK"
"JOHN WILLIAMS","04/25/1972","MALE","WHITE"
"JOHN WILLIAMS","05/18/1955","MALE","WHITE"
"JOHN WILLIAMS","10/18/1977","MALE","BLACK"
"JOHN WILLIAMS","06/29/1976","MALE","WHITE"
"JOHNNY WILLIAMS","05/15/1984","MALE","BLACK"
"JOHNNY WILLIAMS","08/28/1994","MALE","BLACK"
"JONATHAN WILLIAMS","07/04/1973","MALE","WHITE"
"JONATHAN WILLIAMS","08/27/1981","MALE","WHITE"
"JORDAN WILLIAMS","03/15/1994","MALE","BLACK"
"JORDAN WILLIAMS","08/24/2000","MALE","BLACK"
"JOSEPH WILLIAMS","07/23/1999","MALE","BLACK"
"JOSEPH WILLIAMS","11/14/1984","MALE","WHITE"
"JOSEPH WILLIAMS","08/07/1985","MALE","BLACK"
"JOSEPH WILLIAMS","10/01/1975","MALE","BLACK"
"JOSHUA WILLIAMS","03/31/1989","MALE","BLACK"
"JOSHUA WILLIAMS","05/08/1989","MALE","BLACK"
"JULIAN WILLIAMS","11/03/1972","MALE","BLACK"
"JULIO WILLIAMS","08/18/1982","MALE","BLACK"
"JULIUS WILLIAMS","10/05/1989","MALE","BLACK"
"JUMEARIO WILLIAMS","02/02/2000","MALE","BLACK"
"JUSTIN WILLIAMS","12/04/1990","MALE","BLACK"
"JUSTIN WILLIAMS","04/18/1994","MALE","WHITE"
"JUSTIN WILLIAMS","02/07/1990","MALE","BLACK"
"KABBANIS WILLIAMS","11/03/1997","MALE","BLACK"
"KACY WILLIAMS","03/22/1975","MALE","BLACK"
"KAMERON WILLIAMS","06/13/1994","MALE","BLACK"
"KATHERINE WILLIAMS","08/25/1989","FEMALE","BLACK"
"KE'SHAWN WILLIAMS","02/26/2003","MALE","BLACK"
"KEITH WILLIAMS","06/21/1991","MALE","BLACK"
"KELLY WILLIAMS","08/19/1980","FEMALE","WHITE"
"KEN WILLIAMS","07/11/1970","MALE","BLACK"
"KENDRICK WILLIAMS","08/20/1987","MALE","BLACK"
"KENDRICK WILLIAMS","05/23/1980","MALE","BLACK"
"KENNETH WILLIAMS","02/09/1962","MALE","BLACK"
"KENNETH WILLIAMS","09/01/1962","MALE","BLACK"
"KENNETH WILLIAMS","12/15/1988","MALE","BLACK"
"KENTRELL WILLIAMS","11/12/1992","MALE","BLACK"
"KENYON WILLIAMS","02/24/1982","MALE","BLACK"
"KERRY WILLIAMS","10/20/1986","MALE","BLACK"
"KEVIN WILLIAMS","08/07/1976","MALE","BLACK"
"KEVIN WILLIAMS","10/16/1963","MALE","BLACK"
"KEVIN WILLIAMS","09/14/1965","MALE","BLACK"
"KEVIN WILLIAMS","07/31/1992","MALE","WHITE"
"KHAALIS WILLIAMS","01/06/1979","MALE","BLACK"
"KIZZIE WILLIAMS","02/01/1982","FEMALE","BLACK"
"KORDARIUS WILLIAMS","06/28/1998","MALE","BLACK"
"KOREY WILLIAMS","03/10/1994","MALE","BLACK"
"KORTEZ WILLIAMS","02/13/1987","MALE","BLACK"
"KRISHUN WILLIAMS","09/28/1976","FEMALE","BLACK"
"KRISTEN WILLIAMS","02/26/1980","FEMALE","WHITE"
"KRYSTLE WILLIAMS","12/07/1982","FEMALE","BLACK"
"LAMAR WILLIAMS","08/01/1988","MALE","BLACK"
"LAMARCUS WILLIAMS","04/07/1989","MALE","BLACK"
"LAMONT WILLIAMS","02/07/1985","MALE","BLACK"
"LASHEKA WILLIAMS","10/10/1983","FEMALE","BLACK"
"LAVAR WILLIAMS","03/10/1980","MALE","BLACK"
"LAVENDER WILLIAMS","09/23/1979","MALE","BLACK"
"LEANDREW WILLIAMS","09/07/1962","MALE","BLACK"
"LECHUNG WILLIAMS","12/07/1984","MALE","BLACK"
"LEDALE WILLIAMS","12/13/1976","MALE","BLACK"
"LEE WILLIAMS","06/20/1972","MALE","BLACK"
"LEROY WILLIAMS","02/01/1947","MALE","WHITE"
"LEROY WILLIAMS","09/23/1985","MALE","BLACK"
"LESTER WILLIAMS","11/11/1947","MALE","WHITE"
"LICOBERT WILLIAMS","10/10/1981","MALE","BLACK"
"LOUIS WILLIAMS","09/26/1989","MALE","BLACK"
"LUTHER WILLIAMS","05/09/1984","MALE","WHITE"
"MACREO WILLIAMS","08/18/2002","MALE","BLACK"
"MALCOLM WILLIAMS","07/20/1990","MALE","WHITE"
"MANUEL WILLIAMS","09/28/1974","MALE","BLACK"
"MARCUS WILLIAMS","06/27/1986","MALE","BLACK"
"MARCUS WILLIAMS","11/15/1986","MALE","BLACK"
"MARCUS WILLIAMS","04/24/1976","MALE","BLACK"
"MARIAN WILLIAMS","06/05/1972","FEMALE","BLACK"
"MARIO WILLIAMS","01/09/1989","MALE","BLACK"
"MARIO WILLIAMS","10/28/1992","MALE","BLACK"
"MARKEE WILLIAMS","01/14/1975","MALE","BLACK"
"MARKEITH WILLIAMS","01/31/1989","MALE","BLACK"
"MARKELLE WILLIAMS","05/29/1997","MALE","BLACK"
"MARQUISE WILLIAMS","04/09/1993","MALE","BLACK"
"MARVIN WILLIAMS","08/08/1985","MALE","BLACK"
"MATTHEW WILLIAMS","11/22/1983","MALE","BLACK"
"MATTHEW WILLIAMS","01/20/1981","MALE","BLACK"
"MAURICE WILLIAMS","01/13/1988","MALE","BLACK"
"MCAUTHUR WILLIAMS","04/06/1978","MALE","BLACK"
"MERLIN WILLIAMS","09/27/1985","MALE","BLACK"
"MICHAEL WILLIAMS","12/03/2002","MALE","BLACK"
"MICHAEL WILLIAMS","02/03/1974","MALE","WHITE"
"MICHAEL WILLIAMS","02/09/1967","MALE","BLACK"
"MICHAEL WILLIAMS","10/25/1973","MALE","BLACK"
"MICHAEL WILLIAMS","10/13/1977","MALE","BLACK"
"MICHAEL WILLIAMS","03/04/1952","MALE","BLACK"
"MICHAEL WILLIAMS","02/14/1979","MALE","BLACK"
"MICHAEL WILLIAMS","11/19/1976","MALE","BLACK"
"MICHAEL WILLIAMS","04/22/1973","MALE","WHITE"
"MICHAEL WILLIAMS","05/21/1995","MALE","BLACK"
"MICHAEL WILLIAMS","08/13/1990","MALE","BLACK"
"MICKEY WILLIAMS","07/18/2001","MALE","BLACK"
"MONTY WILLIAMS","07/23/1979","MALE","WHITE"
"NACARDIS WILLIAMS","12/18/1983","MALE","BLACK"
"NATHAN WILLIAMS","10/10/1968","MALE","WHITE"
"NEKIA WILLIAMS","08/22/1982","MALE","BLACK"
"NICHOLAS WILLIAMS","06/20/1983","MALE","BLACK"
"NICKETHIA WILLIAMS","08/21/1987","FEMALE","BLACK"
"NICKEY WILLIAMS","10/07/1973","MALE","WHITE"
"OLIVER WILLIAMS","12/03/1992","MALE","BLACK"
"ONTARIO WILLIAMS","06/02/1994","MALE","BLACK"
"PALANSTEA WILLIAMS","02/15/1989","MALE","BLACK"
"PATRICK WILLIAMS","05/09/1993","MALE","BLACK"
"PHILLIP WILLIAMS","07/18/1994","MALE","BLACK"
"PHILLIP WILLIAMS","09/24/1980","MALE","BLACK"
"PIERRE WILLIAMS","09/12/1988","MALE","BLACK"
"PRENTISS WILLIAMS","02/24/1959","MALE","WHITE"
"PRINCE WILLIAMS","12/02/1985","MALE","BLACK"
"QUANDARIUS WILLIAMS","12/12/1996","MALE","BLACK"
"QUASHAWN WILLIAMS","06/30/1993","MALE","BLACK"
"QUENTERIUS WILLIAMS","09/18/1994","MALE","BLACK"
"QUINTIN WILLIAMS","03/18/1987","MALE","BLACK"
"RAHIM WILLIAMS","01/13/1994","MALE","BLACK"
"RAMONDO WILLIAMS","11/30/1984","MALE","BLACK"
"RAMONE WILLIAMS","12/17/1973","MALE","BLACK"
"RANDALL WILLIAMS","07/07/1980","MALE","WHITE"
"RANDY WILLIAMS","02/14/1953","MALE","WHITE"
"RANDY WILLIAMS","03/09/1981","MALE","BLACK"
"RANDY WILLIAMS","11/27/1970","MALE","BLACK"
"REGIS WILLIAMS","11/19/1982","MALE","BLACK"
"RICHARD WILLIAMS","08/27/1986","MALE","BLACK"
"RICHARD WILLIAMS","07/06/1956","MALE","BLACK"
"RICHARD WILLIAMS","09/24/1985","MALE","WHITE"
"RICHARD WILLIAMS","01/18/1967","MALE","WHITE"
"ROBERT WILLIAMS","11/29/1965","MALE","BLACK"
"ROBERT WILLIAMS","03/30/1976","MALE","BLACK"
"ROBERT WILLIAMS","10/09/1963","MALE","BLACK"
"ROBERT WILLIAMS","01/18/1982","MALE","BLACK"
"ROBERT WILLIAMS","07/29/1991","MALE","BLACK"
"ROBERT WILLIAMS","02/27/1992","MALE","WHITE"
"RODERICK WILLIAMS","12/08/1989","MALE","BLACK"
"ROOSEVELT WILLIAMS","03/05/1991","MALE","BLACK"
"ROSHEA WILLIAMS","09/22/1989","MALE","BLACK"
"ROY WILLIAMS","10/10/1992","MALE","BLACK"
"ROY WILLIAMS","08/08/1983","MALE","BLACK"
"ROY WILLIAMS","05/06/1962","MALE","BLACK"
"ROY WILLIAMS","03/17/1985","MALE","BLACK"
"RUSSELL WILLIAMS","05/29/1989","MALE","WHITE"
"RUSTY WILLIAMS","04/23/1979","MALE","BLACK"
"SAM WILLIAMS","11/12/1961","MALE","BLACK"
"SAM WILLIAMS","02/20/1960","MALE","BLACK"
"SAMUEL WILLIAMS","06/29/1973","MALE","BLACK"
"SANDRA WILLIAMS","07/27/1969","FEMALE","BLACK"
"SANDRA WILLIAMS","07/27/1969","FEMALE","BLACK"
"SCOTT WILLIAMS","01/12/1968","MALE","WHITE"
"SERBASTIAN WILLIAMS","08/09/1991","MALE","BLACK"
"SETH WILLIAMS","09/21/1993","MALE","WHITE"
"SHAQUELLE WILLIAMS","02/28/1990","MALE","BLACK"
"SHARENE WILLIAMS","07/01/1987","FEMALE","BLACK"
"SHAUN WILLIAMS","11/24/1984","MALE","BLACK"
"SHAWN WILLIAMS","03/06/1991","MALE","WHITE"
"SHERMAN WILLIAMS","06/11/1957","MALE","BLACK"
"SHERMAN WILLIAMS","12/23/1996","MALE","BLACK"
"SINETRA WILLIAMS","08/10/1962","FEMALE","BLACK"
"STACEY WILLIAMS","05/04/1978","FEMALE","WHITE"
"STANFORD WILLIAMS","09/20/1990","MALE","BLACK"
"STEADMAN WILLIAMS","05/17/1994","MALE","BLACK"
"STEPHEN WILLIAMS","01/24/1996","MALE","BLACK"
"STEPHON WILLIAMS","07/22/1996","MALE","BLACK"
"STERLING WILLIAMS","11/28/1963","MALE","BLACK"
"STEVEN WILLIAMS","08/09/1986","MALE","BLACK"
"STEVEN WILLIAMS","09/20/1971","MALE","BLACK"
"SYLVESTER WILLIAMS","05/20/1975","MALE","BLACK"
"TANIKA WILLIAMS","02/09/1984","FEMALE","BLACK"
"TAVARUS WILLIAMS","05/16/1986","MALE","BLACK"
"TAZARIUS WILLIAMS","03/08/2002","MALE","BLACK"
"TEQUANA WILLIAMS","10/16/1975","FEMALE","BLACK"
"TERRANCE WILLIAMS","09/02/1987","MALE","BLACK"
"TERRANCE WILLIAMS","06/08/1983","MALE","BLACK"
"TERRELL WILLIAMS","07/29/1972","MALE","BLACK"
"TERRI WILLIAMS","07/18/1957","FEMALE","WHITE"
"TERRY WILLIAMS","01/20/1980","MALE","BLACK"
"TERRY WILLIAMS","09/01/1971","MALE","BLACK"
"TERRY WILLIAMS","10/28/1971","MALE","BLACK"
"TERRY WILLIAMS","07/09/1965","MALE","BLACK"
"THAIRS WILLIAMS","04/07/1989","MALE","BLACK"
"THALMUS WILLIAMS","10/14/1975","MALE","BLACK"
"THEODORE WILLIAMS","11/06/1981","MALE","BLACK"
"THOMAS WILLIAMS","11/17/1984","MALE","WHITE"
"THOMAS WILLIAMS","06/14/1992","MALE","BLACK"
"TIMOTHY WILLIAMS","10/09/1989","MALE","BLACK"
"TIMOTHY WILLIAMS","08/15/1965","MALE","WHITE"
"TIMOTHY WILLIAMS","06/28/1991","MALE","WHITE"
"TONY WILLIAMS","01/20/1966","MALE","BLACK"
"TORY WILLIAMS","06/11/1993","MALE","BLACK"
"TRAVIS WILLIAMS","04/14/1989","MALE","BLACK"
"TROYAL WILLIAMS","10/10/1991","MALE","BLACK"
"TRYSTIN WILLIAMS","08/15/1996","MALE","WHITE"
"TURE WILLIAMS","02/09/1977","MALE","BLACK"
"TWONIA WILLIAMS","12/29/1963","FEMALE","BLACK"
"TYRONE WILLIAMS","11/21/1985","MALE","BLACK"
"TYTUS WILLIAMS","01/05/1985","MALE","BLACK"
"VERSHAWN WILLIAMS","12/02/1999","MALE","BLACK"
"VINCENT WILLIAMS","08/26/1978","MALE","BLACK"
"WALTER WILLIAMS","05/15/1974","MALE","BLACK"
"WARREN WILLIAMS","11/17/1993","MALE","BLACK"
"WILBERT WILLIAMS","12/06/1984","MALE","BLACK"
"WILLIE WILLIAMS","05/31/1970","MALE","BLACK"
"WILLIE WILLIAMS","11/15/1983","MALE","BLACK"
"WILLIE WILLIAMS","09/06/1953","MALE","BLACK"
"XAVIER WILLIAMS","05/20/1996","MALE","BLACK"
"CHENZAR WILLIAMSON","01/24/1989","MALE","BLACK"
"CHESTER WILLIAMSON","04/23/1991","MALE","BLACK"
"DANIEL WILLIAMSON","08/07/1965","MALE","BLACK"
"FRANKIE WILLIAMSON","06/18/1973","MALE","WHITE"
"IRIE WILLIAMSON","07/18/1992","MALE","BLACK"
"JACOB WILLIAMSON","12/17/1983","MALE","WHITE"
"JAMES WILLIAMSON","08/13/1984","MALE","WHITE"
"JERMAINE WILLIAMSON","11/26/1986","MALE","BLACK"
"JERRY WILLIAMSON","07/25/1969","MALE","WHITE"
"KODA WILLIAMSON","09/19/1984","MALE","WHITE"
"PHILLIP WILLIAMSON","09/16/1971","MALE","WHITE"
"RAYSHON WILLIAMSON","10/17/1995","MALE","BLACK"
"ROBERT WILLIAMSON","11/28/1988","MALE","BLACK"
"SANTANA WILLIAMSON","09/14/1996","FEMALE","WHITE"
"TALON WILLIAMSON","08/11/1990","MALE","WHITE"
"TERICKA WILLIAMSON","12/09/1994","MALE","BLACK"
"TRAVIS WILLIAMSON","12/19/1985","MALE","WHITE"
"ADRIAN WILLIARD","01/14/1981","MALE","BLACK"
"JAMES WILLIE","06/08/1983","MALE","BLACK"
"MICHAEL WILLIE","11/29/1966","MALE","BLACK"
"JOSEPH WILLIFORD","06/06/1967","MALE","WHITE"
"STEVE WILLIFORD","08/14/1967","MALE","BLACK"
"DONOVAN WILLINGHAM","01/18/1993","MALE","BLACK"
"JOE WILLINGHAM","10/15/1961","MALE","BLACK"
"ASTRONIS WILLIS","04/28/1979","MALE","BLACK"
"BRANDON WILLIS","10/29/1982","MALE","WHITE"
"CHARLES WILLIS","09/18/1963","MALE","BLACK"
"CLARENCE WILLIS","04/07/1978","MALE","BLACK"
"DARRELL WILLIS","01/12/1993","MALE","BLACK"
"DERRICK WILLIS","09/27/1979","MALE","BLACK"
"DEVINIAN WILLIS","09/24/2000","MALE","BLACK"
"DONALD WILLIS","08/21/1961","MALE","BLACK"
"EDDIE WILLIS","10/15/1972","MALE","BLACK"
"GARY WILLIS","04/27/1949","MALE","WHITE"
"JAMALLE WILLIS","12/12/1986","MALE","BLACK"
"JAMES WILLIS","12/15/1978","MALE","WHITE"
"JAMES WILLIS","06/11/1972","MALE","BLACK"
"JAMES WILLIS","01/31/1996","MALE","BLACK"
"JERRY WILLIS","09/13/1975","MALE","WHITE"
"JOHNNY WILLIS","09/01/1988","MALE","BLACK"
"JOHNVONTE WILLIS","03/11/1978","MALE","BLACK"
"KEDARIOUS WILLIS","03/09/1999","MALE","BLACK"
"LAVORIS WILLIS","06/26/1988","MALE","BLACK"
"MCKENZIE WILLIS","11/17/1976","MALE","BLACK"
"MICHAEL WILLIS","08/23/1983","MALE","BLACK"
"OLAJUWON WILLIS","07/17/1986","MALE","BLACK"
"PHILLIP WILLIS","09/07/1981","MALE","BLACK"
"RAYMOND WILLIS","12/23/1977","MALE","BLACK"
"RICHARD WILLIS","01/20/1986","MALE","WHITE"
"SHARONDA WILLIS","06/08/1996","FEMALE","BLACK"
"SIANQUIS WILLIS","04/04/1994","MALE","BLACK"
"THUNDER WILLIS","10/02/1993","MALE","AMERICAN"
"WESLEY WILLIS","07/25/1987","MALE","WHITE"
"LLOYD WILLMOUTH","10/23/1963","MALE","WHITE"
"JOHNATHAN WILLOUGHBY","12/13/1989","MALE","WHITE"
"ADRIAN WILSON","08/18/1985","MALE","BLACK"
"ALBERT WILSON","12/21/1963","MALE","BLACK"
"ALVIN WILSON","06/14/1989","MALE","BLACK"
"ANTHONY WILSON","06/10/1977","MALE","BLACK"
"ANTHONY WILSON","09/13/1974","MALE","BLACK"
"ANTHONY WILSON","08/22/1987","MALE","BLACK"
"ANTHONY WILSON","01/28/1984","MALE","BLACK"
"ARIC WILSON","09/30/1982","MALE","BLACK"
"ARTAVIOUS WILSON","10/18/2002","MALE","BLACK"
"ASHLEY WILSON","09/14/1990","FEMALE","WHITE"
"BARBARA WILSON","11/29/1964","FEMALE","BLACK"
"BERTHA WILSON","01/01/1972","FEMALE","BLACK"
"BOBBY WILSON","04/01/1973","MALE","BLACK"
"BRITNI WILSON","10/17/1988","FEMALE","WHITE"
"CEDRIC WILSON","03/30/1992","MALE","BLACK"
"CHANNIN WILSON","05/24/1985","MALE","BLACK"
"CHARLES WILSON","09/20/1959","MALE","BLACK"
"CHARLES WILSON","05/21/1956","MALE","BLACK"
"CHARLES WILSON","12/23/1963","MALE","WHITE"
"CHRISTOPHER WILSON","11/02/1980","MALE","BLACK"
"CHRISTOPHER WILSON","11/13/1983","MALE","BLACK"
"CHRISTOPHER WILSON","09/14/1986","MALE","WHITE"
"CHRISTOPHER WILSON","06/04/1978","MALE","BLACK"
"CORY WILSON","03/14/1980","MALE","WHITE"
"CURTIS WILSON","11/02/1973","MALE","BLACK"
"CURTIS WILSON","06/01/1998","MALE","BLACK"
"DAMION WILSON","08/12/1990","MALE","BLACK"
"DANNY WILSON","08/28/1988","MALE","BLACK"
"DARNELL WILSON","05/15/1966","MALE","BLACK"
"DARRIN WILSON","11/26/1986","MALE","BLACK"
"DAVID WILSON","02/03/1956","MALE","BLACK"
"DAVID WILSON","09/06/1963","MALE","WHITE"
"DEMARCUS WILSON","08/14/1982","MALE","BLACK"
"DENNIS WILSON","05/06/1954","MALE","WHITE"
"DERRICK WILSON","12/25/1986","MALE","BLACK"
"DERRICK WILSON","03/20/1973","MALE","BLACK"
"DERRICK WILSON","12/26/1965","MALE","BLACK"
"DEUNDRE WILSON","11/15/1985","MALE","BLACK"
"DEVAUGHN WILSON","03/25/1995","MALE","WHITE"
"DEVON WILSON","09/08/1990","MALE","BLACK"
"DONALD WILSON","04/10/1987","MALE","BLACK"
"DONALD WILSON","05/24/1939","MALE","WHITE"
"DONALD WILSON","06/09/1979","MALE","BLACK"
"DOUGLAS WILSON","01/31/1985","MALE","BLACK"
"EDDIE WILSON","02/22/1976","MALE","WHITE"
"EURICE WILSON","04/22/1988","MALE","BLACK"
"FREDRICK WILSON","07/20/1984","MALE","BLACK"
"FREDRICK WILSON","08/11/1975","MALE","BLACK"
"GARY WILSON","12/16/1994","MALE","WHITE"
"ISLAM WILSON","03/10/1995","MALE","BLACK"
"JACK WILSON","07/25/1948","MALE","WHITE"
"JAKYNZI WILSON","06/22/1999","MALE","BLACK"
"JAMARION WILSON","06/12/1995","MALE","BLACK"
"JAMERIE WILSON","09/05/1993","MALE","BLACK"
"JAMEY WILSON","05/31/1990","MALE","BLACK"
"JAMIE WILSON","12/13/1972","MALE","BLACK"
"JARRETT WILSON","02/10/1987","MALE","BLACK"
"JARVIS WILSON","12/12/1984","MALE","BLACK"
"JASON WILSON","07/07/1976","MALE","WHITE"
"JASON WILSON","11/20/1998","MALE","BLACK"
"JAVISON WILSON","11/01/1997","MALE","AMERICAN"
"JAVON WILSON","02/09/1999","MALE","BLACK"
"JEFF WILSON","01/31/1962","MALE","WHITE"
"JEFFERY WILSON","06/28/1994","MALE","BLACK"
"JEFFREY WILSON","11/18/1957","MALE","BLACK"
"JERMAINE WILSON","06/27/1996","MALE","BLACK"
"JESSIE WILSON","08/12/1982","MALE","WHITE"
"JESSIE WILSON","02/03/1984","MALE","BLACK"
"JIMMIE WILSON","04/17/1965","MALE","BLACK"
"JOEY WILSON","01/11/1964","MALE","WHITE"
"JOHN WILSON","09/30/1986","MALE","BLACK"
"JOHN WILSON","11/22/1963","MALE","BLACK"
"JOHN WILSON","08/18/1973","MALE","WHITE"
"JOHNATHAN WILSON","02/23/1997","MALE","BLACK"
"JOHNNY WILSON","11/21/1991","MALE","BLACK"
"JONATHAN WILSON","02/02/1995","MALE","WHITE"
"JOSEPH WILSON","11/15/1976","MALE","WHITE"
"JOSHUA WILSON","04/12/1982","MALE","WHITE"
"KELLY WILSON","05/30/1990","FEMALE","WHITE"
"KENNETH WILSON","05/07/1978","MALE","BLACK"
"KENNY WILSON","12/17/1973","MALE","BLACK"
"KYLER WILSON","03/02/1992","MALE","WHITE"
"LAWRENCE WILSON","03/25/1992","MALE","BLACK"
"LITTERING WILSON","11/01/1987","MALE","BLACK"
"MAC WILSON","06/20/1994","MALE","BLACK"
"MALCOLM WILSON","03/08/1995","MALE","BLACK"
"MARCUS WILSON","07/23/1982","MALE","BLACK"
"MARCUS WILSON","11/18/1985","MALE","BLACK"
"MICHAEL WILSON","11/10/1970","MALE","WHITE"
"MICHAEL WILSON","12/28/1980","MALE","BLACK"
"NIKKO WILSON","05/09/1986","MALE","BLACK"
"OSCAR WILSON","02/02/1988","MALE","BLACK"
"PATRICK WILSON","08/15/1963","MALE","BLACK"
"PORSHA WILSON","08/07/1990","FEMALE","BLACK"
"QUINTARIS WILSON","10/20/1992","MALE","BLACK"
"RANDY WILSON","03/17/1966","MALE","WHITE"
"RETASA WILSON","02/29/1980","FEMALE","BLACK"
"RICHARD WILSON","08/28/1999","MALE","BLACK"
"ROBERT WILSON","03/01/1981","MALE","BLACK"
"RODNEY WILSON","10/30/1972","MALE","BLACK"
"RODVID WILSON","10/08/1973","MALE","BLACK"
"ROMELLO WILSON","06/07/1996","MALE","BLACK"
"RONALD WILSON","08/01/1970","MALE","BLACK"
"RONDRIQUE'CU WILSON","02/15/1991","MALE","BLACK"
"SAKOOL WILSON","08/07/1982","MALE","BLACK"
"SHAWN WILSON","08/09/1972","MALE","BLACK"
"SHELBY WILSON","06/23/1994","MALE","WHITE"
"STEPHANIE WILSON","02/03/1991","FEMALE","WHITE"
"SURBRENDA WILSON","07/12/1971","FEMALE","BLACK"
"TERRELL WILSON","07/06/1986","MALE","BLACK"
"TERRELL WILSON","12/05/1986","MALE","BLACK"
"TERRY WILSON","06/27/1982","MALE","WHITE"
"TIMOTHY WILSON","11/08/1967","MALE","BLACK"
"TINA WILSON","02/18/1971","FEMALE","WHITE"
"TOBIAS WILSON","09/20/1993","MALE","BLACK"
"TOICE WILSON","01/24/1970","MALE","BLACK"
"TOMMY WILSON","09/25/1991","MALE","BLACK"
"TRAVIS WILSON","11/22/1958","MALE","BLACK"
"TREVON WILSON","12/24/1994","MALE","BLACK"
"TROY WILSON","05/15/1970","MALE","BLACK"
"TYRONE WILSON","03/25/1966","MALE","BLACK"
"WENDY WILSON","02/23/1992","FEMALE","WHITE"
"WILLIAM WILSON","05/21/1978","MALE","WHITE"
"WILLIAM WILSON","05/03/1976","MALE","BLACK"
"WILLIAM WILSON","09/17/1980","MALE","WHITE"
"WILLIE WILSON","05/03/1969","MALE","BLACK"
"WILLIE WILSON","08/09/1957","MALE","BLACK"
"ROBERT WILTCHER","07/12/1955","MALE","WHITE"
"JOHN WILTSHIRE","06/24/1955","MALE","WHITE"
"CHRISTOPHER WIMBERLY","02/18/1982","MALE","BLACK"
"JEFFERY WIMBERLY","01/14/1976","MALE","BLACK"
"BILLY WIMBLEY","04/08/1984","MALE","BLACK"
"WOODROW WINCHESTER","12/28/1955","MALE","WHITE"
"ANGELA WINDHAM","07/28/1985","FEMALE","WHITE"
"BRANDON WINDHAM","12/12/1983","MALE","WHITE"
"BRANDON WINDHAM","01/19/1986","MALE","BLACK"
"DUSTIN WINDHAM","03/16/1988","MALE","WHITE"
"LESTER WINDHAM","04/05/1966","MALE","BLACK"
"PATRICK WINDHAM","07/03/1984","MALE","WHITE"
"STEPHEN WINDHAM","09/14/1977","MALE","WHITE"
"TEDDY WINDHAM","07/05/1975","MALE","WHITE"
"TONY WINDHAM","09/07/1963","MALE","BLACK"
"ELIJAH WINDING","01/09/1988","MALE","BLACK"
"ERIC WINDING","10/15/1975","MALE","BLACK"
"JAMES WINDING","11/05/1982","MALE","BLACK"
"ANTHONY WINDLESS","12/31/1987","MALE","BLACK"
"CLEARENCE WINDOM","12/14/1992","MALE","BLACK"
"HOLLEY WINDOM","05/15/1980","FEMALE","WHITE"
"RODSHEED WINDOM","05/19/1997","MALE","BLACK"
"KEITH WINDSOR","11/19/1980","MALE","WHITE"
"CEDRIC WINFIELD","06/28/1995","MALE","BLACK"
"CHRISTOPHER WINFIELD","07/24/1984","MALE","BLACK"
"DAVID WINFIELD","06/08/1967","MALE","WHITE"
"DUSTIN WINFIELD","06/19/1987","MALE","WHITE"
"JIRMACK WINFIELD","02/24/1990","MALE","BLACK"
"KEVIN WINFIELD","11/28/1978","MALE","BLACK"
"CODY WINGATE","03/07/1993","MALE","WHITE"
"CURTIS WINGO","09/06/1960","MALE","BLACK"
"DEANGELO WINGO","02/15/1995","MALE","BLACK"
"MICHAEL WINKLES","12/29/1972","MALE","WHITE"
"ANTHONY WINNICK","03/14/1983","MALE","BLACK"
"EDWARD WINNICKI","01/15/1950","MALE","WHITE"
"STEVEN WINNINGHAM","05/19/1989","MALE","WHITE"
"BRANDON WINSLOW","11/06/1983","MALE","WHITE"
"CHARLES WINSTEAD","08/15/1963","MALE","WHITE"
"KEVIN WINSTEAD","06/22/1962","MALE","WHITE"
"MITCHELL WINSTEAD","08/11/1970","MALE","WHITE"
"ANDREW WINSTON","06/17/1970","MALE","BLACK"
"DERRICK WINSTON","04/07/1977","MALE","BLACK"
"FADARIUS WINSTON","01/13/1995","MALE","BLACK"
"FREDRICK WINSTON","02/13/1978","MALE","BLACK"
"JEREMY WINSTON","06/06/1991","MALE","BLACK"
"JOHNNY WINSTON","03/10/1947","MALE","BLACK"
"MICHAEL WINSTON","06/11/1996","MALE","BLACK"
"TRENNIS WINSTON","09/02/1989","MALE","BLACK"
"JOHN WINSTON WALKER","01/22/2001","MALE","WHITE"
"DEWARD WINTER","03/16/1953","MALE","WHITE"
"ALEXANDRO WINTERS","08/20/1973","MALE","BLACK"
"ANTON WINTERS","12/04/1986","MALE","BLACK"
"ANTONIO WINTERS","08/31/1986","MALE","BLACK"
"ANTONIO WINTERS","04/07/1981","MALE","BLACK"
"CLINTON WINTERS","11/08/1975","MALE","WHITE"
"CORTEZ WINTERS","02/20/1998","MALE","BLACK"
"CURTIS WINTERS","01/31/1967","MALE","BLACK"
"DENNIS WINTERS","11/23/1959","MALE","WHITE"
"EDWARD WINTERS","09/03/1981","MALE","BLACK"
"ERVIN WINTERS","10/27/1980","MALE","BLACK"
"ERVIN WINTERS","02/14/1970","MALE","BLACK"
"HARVEY WINTERS","05/19/1959","MALE","BLACK"
"JAMES WINTERS","07/13/1969","MALE","BLACK"
"JAMES WINTERS","11/20/1997","MALE","BLACK"
"JONATHAN WINTERS","12/27/1985","MALE","WHITE"
"KENNETH WINTERS","01/10/1991","MALE","BLACK"
"MARIO WINTERS","03/03/1980","MALE","BLACK"
"NICHOLAS WINTERS","03/16/1973","MALE","BLACK"
"OPAL WINTERS","09/09/1985","FEMALE","WHITE"
"QUENTIN WINTERS","01/04/2006","MALE","BLACK"
"RAYMOND WINTERS","11/06/1997","MALE","WHITE"
"RORICO WINTERS","12/16/1988","MALE","BLACK"
"SAMMIE WINTERS","03/02/1996","MALE","BLACK"
"TERRANCE WINTERS","05/27/1960","MALE","BLACK"
"TIMOTHY WINTERS","07/14/1982","MALE","BLACK"
"TONY WINTERS","10/05/1969","MALE","BLACK"
"TROY WINTERS","10/28/1975","MALE","WHITE"
"KIRSTINA WIRT","01/08/1996","FEMALE","UNKNOWN"
"ALEX WISCHMANN","12/16/1993","MALE","WHITE"
"CHRISTOPHER WISE","12/06/1987","MALE","BLACK"
"LATASHA WISE","11/11/1981","FEMALE","BLACK"
"WILLIE WISE","09/28/1988","MALE","BLACK"
"CORDARIA WISEMAN","10/27/1989","MALE","BLACK"
"KIMBERLY WISEMAN","04/20/1981","FEMALE","BLACK"
"WILLIAM WISEMAN","09/29/1976","MALE","WHITE"
"CHRISTOPHER WITHERS","10/22/1967","MALE","WHITE"
"JERMAINE WITHERS","04/01/1994","MALE","BLACK"
"DESMOND WITHERSPOON","04/30/1976","MALE","BLACK"
"CLOVIS WITT","09/29/1976","MALE","WHITE"
"JEFFREY WITT","10/18/1973","MALE","BLACK"
"LYNDAL WITT","02/05/1968","MALE","WHITE"
"JOSEPH WOFFORD","07/27/1961","MALE","BLACK"
"KENNY WOFFORD","09/12/1983","MALE","BLACK"
"RICKY WOFFORD","07/15/1986","MALE","BLACK"
"RICKY WOFFORD","12/02/1992","MALE","BLACK"
"THAD WOFFORD","03/27/1982","MALE","BLACK"
"DEMARICO WOLF","09/19/1992","MALE","BLACK"
"CODEY WOLFE","06/27/1995","MALE","WHITE"
"JOHNNY WOLFE","12/20/1990","MALE","WHITE"
"XAVIER WOLFE","11/21/1990","MALE","BLACK"
"SHERRI WOLVERTON","01/10/1982","FEMALE","WHITE"
"JAMES WOMACK","12/19/1960","MALE","WHITE"
"JOE WOMACK","05/28/1974","MALE","BLACK"
"LARRY WOMACK","11/30/1978","MALE","BLACK"
"THOMAS WOMACK","09/14/1971","MALE","WHITE"
"CURTIS WOOD","09/15/1962","MALE","WHITE"
"DANIEL WOOD","10/28/1968","MALE","WHITE"
"DANIEL WOOD","02/03/1987","MALE","WHITE"
"DOROTHY WOOD","01/11/1984","FEMALE","WHITE"
"GEORGIE WOOD","09/28/1959","MALE","WHITE"
"JOSEPH WOOD","12/16/1969","MALE","WHITE"
"MATTHEW WOOD","08/18/1988","MALE","WHITE"
"CODY WOODALL","04/09/1991","MALE","WHITE"
"LADARIUS WOODALL","06/04/1991","MALE","BLACK"
"GARRICK WOODARD","03/24/1977","MALE","BLACK"
"JAMES WOODARD","05/10/1986","MALE","WHITE"
"KAMERON WOODARD","05/13/1990","MALE","BLACK"
"KENZAVION WOODARD","07/22/2000","MALE","BLACK"
"MARTIN WOODARD","04/20/1998","MALE","BLACK"
"RODERICK WOODARD","04/21/1976","MALE","BLACK"
"TAVARES WOODARD","03/22/1981","MALE","BLACK"
"WOODROW WOODARD","10/13/1978","MALE","BLACK"
"WILEY WOODCOCK","11/24/1989","MALE","WHITE"
"LUKE WOODHAM","02/05/1981","MALE","WHITE"
"JOSHUA WOODLAND","10/20/1998","MALE","BLACK"
"ANTHONY WOODS","01/24/1984","MALE","BLACK"
"ARTHUR WOODS","02/09/1952","MALE","BLACK"
"BRENT WOODS","01/30/1987","MALE","WHITE"
"BRUCE WOODS","10/11/1967","MALE","WHITE"
"CHARLES WOODS","06/22/1990","MALE","BLACK"
"CHRIS WOODS","01/15/1977","MALE","BLACK"
"CURTIS WOODS","12/24/1959","MALE","BLACK"
"DEANDREAS WOODS","03/15/1982","MALE","BLACK"
"DENNIS WOODS","03/23/1964","MALE","BLACK"
"DEON WOODS","06/10/1990","MALE","BLACK"
"GARRICK WOODS","07/12/1973","MALE","BLACK"
"GREGORY WOODS","02/21/1968","MALE","BLACK"
"HERMAN WOODS","09/23/1964","MALE","BLACK"
"IRA WOODS","12/05/1960","MALE","BLACK"
"JEFFERY WOODS","09/30/1988","MALE","BLACK"
"JENNY WOODS","02/02/2000","FEMALE","WHITE"
"JOHN WOODS","06/20/1985","MALE","BLACK"
"JOHN WOODS","12/16/1982","MALE","WHITE"
"MARCUS WOODS","03/03/1982","MALE","BLACK"
"MARSHALL WOODS","07/11/1976","MALE","BLACK"
"REGINA WOODS","12/21/1980","FEMALE","WHITE"
"RONALD WOODS","03/15/1971","MALE","BLACK"
"SAMANTHA WOODS","06/19/1989","FEMALE","WHITE"
"SHUN WOODS","07/08/1981","MALE","BLACK"
"STACY WOODS","12/08/1996","MALE","BLACK"
"TAMBRICH WOODS","01/30/1984","MALE","BLACK"
"TIMOTHY WOODS","02/25/1976","MALE","WHITE"
"VIRGIL WOODS","12/01/1986","MALE","BLACK"
"WILLIE WOODS","12/13/1970","MALE","BLACK"
"AMAREA WOODSON","07/26/1994","MALE","BLACK"
"KENDALL WOODSON","05/18/1977","MALE","BLACK"
"CHARLES WOODWARD","05/20/1966","MALE","WHITE"
"KIAUITTIS WOODWARD","10/01/1996","MALE","BLACK"
"MICHAEL WOODWARD","02/09/1992","MALE","BLACK"
"REX WOODWARD","05/18/1985","MALE","WHITE"
"DANNY WOOFORD","01/18/1963","MALE","BLACK"
"ERIC WOOLAM","03/05/1982","MALE","WHITE"
"JOHN WOOLARD","11/11/1962","MALE","WHITE"
"CHARLES WOOLDRIDGE","10/11/1952","MALE","WHITE"
"MELVIN WOOLIE","12/16/1962","MALE","BLACK"
"CALVIN WOOTEN","09/17/1983","MALE","BLACK"
"CAMERON WOOTEN","02/10/1988","MALE","BLACK"
"CHARLES WOOTEN","11/25/1980","MALE","WHITE"
"CORTEZ WOOTEN","08/16/1993","MALE","BLACK"
"DARIUS WOOTEN","07/17/1982","MALE","BLACK"
"JESSIE WOOTEN","03/06/1990","MALE","BLACK"
"MAURICE WOOTEN","09/16/1973","MALE","BLACK"
"STANLEY WOOTEN","08/04/1964","MALE","BLACK"
"CHRISTOPHER WORD","01/28/1982","MALE","WHITE"
"JAMARCUS WORD","07/22/2001","MALE","BLACK"
"MARCUS WORD","10/19/1994","MALE","BLACK"
"JAMES WORDLAW","12/25/1969","MALE","BLACK"
"TIFFANY WORLEY","11/18/1981","FEMALE","WHITE"
"WILLIAM WORLEY","07/26/1974","MALE","WHITE"
"JOSEPH WORMSER","01/25/1995","MALE","WHITE"
"ROBERT WORTH","06/18/1957","MALE","WHITE"
"BRAZEL WORTHAM","07/22/1994","MALE","WHITE"
"MICHAEL WORTHAM","04/14/1977","MALE","BLACK"
"WILLIAM WORTHAM","07/24/1944","MALE","BLACK"
"DEYTON WORTHY","04/11/1999","MALE","WHITE"
"EDDIE WOULARD","12/31/1952","MALE","BLACK"
"PRINCE WOULLARD","12/06/1994","MALE","BLACK"
"CHAMPAYNE WUESCHER","07/21/1993","FEMALE","WHITE"
