"ANTHONY WHALEN","09/28/1983","MALE","WHITE"
"DARRIEL WHALUM","08/21/1990","MALE","BLACK"
"DARREN WHARTON","04/28/1977","MALE","WHITE"
"DAN WHATLEY","12/07/1979","MALE","BLACK"
"LISA WHATLEY","12/31/1980","FEMALE","WHITE"
"MICHAEL WHATLEY","04/16/1953","MALE","WHITE"
"SANDY WHATLEY","04/28/1986","FEMALE","WHITE"
"WILLIAM WHATLEY","05/02/1967","MALE","WHITE"
"BIANCA WHAVERS","09/02/1988","FEMALE","BLACK"
"TRIPP WHAVERS","03/27/1975","MALE","BLACK"
"DANIEL WHEAT","05/28/1968","MALE","WHITE"
"PAUL WHEAT","01/22/1979","MALE","WHITE"
"BILLY WHEATER","11/15/1981","MALE","WHITE"
"MARK WHEATLEY","08/03/1975","MALE","BLACK"
"MARK WHEATLEY","05/28/1997","MALE","BLACK"
"BRANDON WHEELER","08/05/1983","MALE","WHITE"
"DEVIN WHEELER","05/15/1996","MALE","BLACK"
"GREGORY WHEELER","11/20/1960","MALE","BLACK"
"ISRAEL WHEELER","07/19/1965","MALE","BLACK"
"JOHNNIE WHEELER","04/23/1951","MALE","BLACK"
"JOSEPH WHEELER","03/28/1992","MALE","WHITE"
"ROBQUIEL WHEELER","05/09/2000","MALE","BLACK"
"WESLEY WHEELER","07/15/1979","MALE","WHITE"
"NEVIN WHETSTONE","08/08/1953","MALE","WHITE"
"MILTON WHIDDON","06/07/1963","MALE","WHITE"
"BURVELL WHISENANT","10/08/1951","MALE","WHITE"
"JOSEPH WHISENANT","02/27/1997","MALE","WHITE"
"MICHAEL WHISENANT","02/13/1975","MALE","WHITE"
"TERRY WHISENTON","09/21/1970","MALE","BLACK"
"EVERETT WHITACRE","01/08/1971","MALE","WHITE"
"FRANK WHITAKER","06/06/1985","MALE","WHITE"
"JONATHAN WHITAKER","07/25/1990","MALE","WHITE"
"MICHAEL WHITAKER","12/11/1972","MALE","WHITE"
"STEELY WHITAKER","02/07/1985","FEMALE","WHITE"
"TIMMY WHITAKER","03/04/1964","MALE","WHITE"
"TREMAINE WHITAKER","08/11/1979","MALE","BLACK"
"AMOS WHITE","03/05/1983","MALE","BLACK"
"ANDREA WHITE","10/20/1981","MALE","BLACK"
"ANTHONY WHITE","06/28/1994","MALE","BLACK"
"ANTHONY WHITE","02/05/1986","MALE","BLACK"
"ANTONIO WHITE","10/05/1990","MALE","BLACK"
"ANTONIO WHITE","10/11/1985","MALE","BLACK"
"BOBBY WHITE","05/06/1990","MALE","WHITE"
"BRANDON WHITE","03/08/1985","MALE","WHITE"
"BRIAN WHITE","06/15/1980","MALE","BLACK"
"BRICE WHITE","01/21/1998","MALE","WHITE"
"BRODRICK WHITE","09/20/1975","MALE","BLACK"
"CAMERON WHITE","07/11/1991","MALE","BLACK"
"CARLOS WHITE","10/28/1984","MALE","BLACK"
"CHRISTOPHER WHITE","10/23/1990","MALE","WHITE"
"CHRISTOPHER WHITE","03/25/1984","MALE","WHITE"
"CONNELL WHITE","07/25/1983","MALE","BLACK"
"CURTIS WHITE","03/13/1981","MALE","WHITE"
"DAN WHITE","03/02/1978","MALE","WHITE"
"DANIEL WHITE","11/05/1992","MALE","BLACK"
"DARIUS WHITE","10/19/1992","MALE","BLACK"
"DAVID WHITE","11/29/1993","MALE","WHITE"
"DENESICIA WHITE","07/17/1989","FEMALE","BLACK"
"DESHAWN WHITE","12/30/1974","MALE","BLACK"
"DESHUN WHITE","03/04/1994","MALE","BLACK"
"DONALD WHITE","04/21/1967","MALE","WHITE"
"EARNEST WHITE","08/11/1978","MALE","BLACK"
"EARNEST WHITE","12/30/1956","MALE","WHITE"
"EARNEST WHITE","10/01/1990","MALE","WHITE"
"EDDIE WHITE","03/04/1957","MALE","BLACK"
"EDWARD WHITE","06/19/1989","MALE","BLACK"
"ELLIS WHITE","08/10/1963","MALE","BLACK"
"ERICA WHITE","02/24/1991","FEMALE","BLACK"
"ESSIC WHITE","07/08/1991","MALE","BLACK"
"FRANK WHITE","01/05/1989","MALE","BLACK"
"FRED WHITE","01/10/1951","MALE","WHITE"
"FREDRICK WHITE","05/03/1990","MALE","BLACK"
"GARY WHITE","01/21/1989","MALE","BLACK"
"GEORGE WHITE","03/22/1969","MALE","BLACK"
"GERALD WHITE","01/19/1964","MALE","BLACK"
"GERONE WHITE","09/10/1996","MALE","BLACK"
"GREGORY NEAL WHITE","08/02/1965","MALE","WHITE"
"HOUSTON WHITE","10/18/1980","MALE","WHITE"
"ISAISH WHITE","03/05/1998","MALE","BLACK"
"JACK WHITE","10/06/1969","MALE","WHITE"
"JAIME WHITE","07/24/1991","MALE","BLACK"
"JAMES WHITE","06/22/1980","MALE","WHITE"
"JAY WHITE","08/08/1938","MALE","BLACK"
"JEREMY WHITE","10/02/1994","MALE","BLACK"
"JESSICA WHITE","02/02/1986","FEMALE","WHITE"
"JESSIE WHITE","01/04/1954","MALE","BLACK"
"JOHN WHITE","11/02/1966","MALE","BLACK"
"JOHN WHITE","11/11/1982","MALE","WHITE"
"JOHN WHITE","05/06/1981","MALE","WHITE"
"JOHN WHITE","02/15/1947","MALE","WHITE"
"JOHNNY WHITE","10/23/1949","MALE","BLACK"
"JONATHAN WHITE","04/30/1976","MALE","BLACK"
"JORDAN WHITE","01/27/1998","MALE","WHITE"
"JOSEPH WHITE","01/13/1984","MALE","WHITE"
"JUSTIN WHITE","05/14/1984","MALE","WHITE"
"JUSTIN WHITE","08/19/1981","MALE","BLACK"
"KADARIUS WHITE","11/23/1992","MALE","BLACK"
"KELLY WHITE","11/16/1978","FEMALE","WHITE"
"KELLY WHITE","10/02/1990","MALE","WHITE"
"KEVIN WHITE","07/08/1984","MALE","BLACK"
"KEVIN WHITE","05/25/1983","MALE","BLACK"
"LARRY WHITE","09/11/1982","MALE","BLACK"
"LEE WHITE","07/26/1979","MALE","BLACK"
"LOU WHITE","06/29/1955","FEMALE","WHITE"
"MICHAEL WHITE","03/22/1985","MALE","WHITE"
"MICHAEL WHITE","04/19/1981","MALE","WHITE"
"MIKEL WHITE","11/28/1955","MALE","BLACK"
"MIVHAEL WHITE","09/23/1996","MALE","BLACK"
"NORDE WHITE","12/16/1980","MALE","BLACK"
"PATRICK WHITE","11/08/1973","MALE","BLACK"
"PATRICK WHITE","12/06/1990","MALE","WHITE"
"QUENTON WHITE","01/02/1991","MALE","BLACK"
"RANDY WHITE","02/06/1984","MALE","BLACK"
"REUBEN WHITE","08/03/1969","MALE","BLACK"
"RICHARD WHITE","03/08/1970","MALE","BLACK"
"ROBERT WHITE","05/02/1961","MALE","BLACK"
"ROBERT WHITE","03/05/1981","MALE","BLACK"
"ROBERT WHITE","04/08/1993","MALE","WHITE"
"ROGER WHITE","11/22/1968","MALE","WHITE"
"RONALD WHITE","04/23/1976","MALE","WHITE"
"ROOSEVELT WHITE","05/29/1934","MALE","BLACK"
"RUFUS WHITE","05/25/1948","MALE","BLACK"
"SAMUEL WHITE","05/15/1981","MALE","WHITE"
"SAMUEL WHITE","07/20/1981","MALE","BLACK"
"SANTAZ WHITE","12/29/1989","MALE","BLACK"
"SHANNON WHITE","07/10/1984","MALE","BLACK"
"STANLEY WHITE","08/05/1959","MALE","BLACK"
"STEVEN WHITE","10/23/1969","MALE","WHITE"
"STEVEN WHITE","02/08/1994","MALE","BLACK"
"STEVIE WHITE","06/12/1974","MALE","BLACK"
"TERRANCE WHITE","10/08/1998","MALE","BLACK"
"TERRELL WHITE","09/02/1986","MALE","BLACK"
"THADDEUS WHITE","08/01/1978","MALE","BLACK"
"TIMOTHY WHITE","11/06/1959","MALE","WHITE"
"TIMOTHY WHITE","01/21/1987","MALE","WHITE"
"TIMOTHY WHITE","09/22/1978","MALE","WHITE"
"TOMMY WHITE","09/29/1982","MALE","WHITE"
"TONY WHITE","08/11/1976","MALE","BLACK"
"TOREZ WHITE","01/09/1996","MALE","BLACK"
"TRAVIS WHITE","09/15/1973","MALE","WHITE"
"TYLER WHITE","09/04/1993","MALE","WHITE"
"TYRONE WHITE","12/16/1990","MALE","BLACK"
"TYUNDRE WHITE","01/21/1995","MALE","BLACK"
"WESLEY WHITE","01/21/1996","MALE","WHITE"
"WILLIAM WHITE","10/22/1973","MALE","WHITE"
"WILLIAM WHITE","07/23/1985","MALE","WHITE"
"WILLIE WHITE","08/11/1981","MALE","BLACK"
"WILLIE WHITE","03/16/1954","MALE","BLACK"
"WILLIE WHITE","03/03/1974","MALE","BLACK"
"WILSON WHITE","03/04/1957","MALE","BLACK"
"ZACHARY WHITE","06/25/1993","MALE","WHITE"
"ANGELA WHITEHEAD","05/09/1991","FEMALE","WHITE"
"ANTHONY WHITEHEAD","08/18/1983","MALE","WHITE"
"FREDERICK WHITEHEAD","02/14/1971","MALE","BLACK"
"GARY WHITEHEAD","08/16/1959","MALE","WHITE"
"JOHN WHITEHEAD","01/11/1988","MALE","BLACK"
"JOSEPH WHITEHEAD","09/10/1974","MALE","BLACK"
"MARCUS WHITEHEAD","03/26/1980","MALE","BLACK"
"MARSHALL WHITEHEAD","07/23/1973","MALE","WHITE"
"RAY WHITEHEAD","04/14/1977","MALE","BLACK"
"RONALD WHITEHEAD","12/14/1987","MALE","WHITE"
"RAYSHUN WHITESIDE","12/21/1989","MALE","BLACK"
"BILLY WHITFIELD","08/07/1972","MALE","WHITE"
"DONALD WHITFIELD","10/16/1972","MALE","BLACK"
"EDDIE WHITFIELD","08/15/1969","MALE","BLACK"
"EFREM WHITFIELD","07/30/1987","MALE","BLACK"
"JEFFERY WHITFIELD","01/31/1991","MALE","BLACK"
"KORDARIEN WHITFIELD","07/04/1989","MALE","BLACK"
"LAMONT WHITFIELD","06/17/1980","MALE","WHITE"
"LUCAUS WHITFIELD","06/29/1996","MALE","WHITE"
"NATHANIEL WHITFIELD","08/16/1994","MALE","BLACK"
"PATRICK WHITFIELD","10/29/1952","MALE","WHITE"
"SPENCER WHITFIELD","06/07/1983","MALE","BLACK"
"TARUS WHITFIELD","01/27/1986","MALE","BLACK"
"TAVELL WHITFIELD","07/08/1996","MALE","BLACK"
"MISTY WHITHEAD","02/22/1978","FEMALE","WHITE"
"TREY WHITLEY","07/19/1993","MALE","BLACK"
"CALVIN WHITLOCK","08/17/1997","MALE","BLACK"
"DEMARCUS WHITLOCK","12/03/1995","MALE","BLACK"
"EARNEST WHITLOCK","07/11/1999","MALE","BLACK"
"JERRY WHITLOCK","05/07/1958","MALE","BLACK"
"THERON WHITLOCK","11/06/1994","MALE","BLACK"
"TREMAYNE WHITLOCK","12/28/1978","MALE","BLACK"
"TYREE WHITLOCK","06/26/1963","MALE","BLACK"
"CHARLIE WHITNEY","02/01/1982","MALE","WHITE"
"JABARRINE WHITNEY","12/19/1987","MALE","BLACK"
"WILLIAM WHITSELL","02/16/1980","MALE","WHITE"
"DARYL WHITSETT","09/30/1981","MALE","BLACK"
"MATTHEW WHITT","04/25/1988","MALE","WHITE"
"ROBERT WHITT","06/28/1956","MALE","BLACK"
"WILLIAM WHITTAKER","12/21/1982","MALE","WHITE"
"BRITTANY WHITTEN","03/02/1991","FEMALE","WHITE"
"ABDULLA WHITTINGTON","05/08/1978","MALE","BLACK"
"CHADWICK WHITTINGTON","03/22/1979","MALE","WHITE"
"CHARLES WHITTINGTON","05/13/1987","MALE","WHITE"
"CHRISTOPHER WHITTINGTON","07/21/1986","MALE","WHITE"
"JIMMY WHITTINGTON","12/21/1965","MALE","WHITE"
"LACI WHITTINGTON","10/13/1990","FEMALE","WHITE"
"NICHOLAS WHITTINGTON","02/01/1993","MALE","WHITE"
"TREMAYNE WHITTLE","08/18/1977","MALE","BLACK"
"DAMION WHITTLEY","03/17/1995","MALE","BLACK"
"RAYMOND WHITWORTH","06/29/1985","MALE","WHITE"
"CHRISTOPHER WHOOPER","03/11/1984","MALE","BLACK"
