"FREDDIE WRAGGS","04/11/1951","MALE","BLACK"
"WILLIS WRAGGS","08/05/1984","MALE","BLACK"
"SAMUEL WRAY","01/13/1987","MALE","WHITE"
"JIMMY WREN","01/16/1977","MALE","BLACK"
"JOE WREN","09/01/1973","MALE","BLACK"
"JONATHAN WREN","02/08/1971","MALE","WHITE"
"JOHN WRENN","11/24/1972","MALE","WHITE"
"A WRIGHT","06/14/1955","MALE","BLACK"
"ANTONIO WRIGHT","12/24/1973","MALE","BLACK"
"ANTONIO WRIGHT","11/23/1986","MALE","BLACK"
"BENJAMIN WRIGHT","04/17/1973","MALE","BLACK"
"BILLY WRIGHT","02/02/1987","MALE","WHITE"
"BRAC WRIGHT","03/02/1984","MALE","WHITE"
"CHARLES WRIGHT","08/07/1980","MALE","WHITE"
"CHRISTOPHER WRIGHT","03/31/1987","MALE","WHITE"
"COREY WRIGHT","07/05/1985","MALE","BLACK"
"COURTNI WRIGHT","12/06/1983","FEMALE","BLACK"
"CRYSTAL WRIGHT","08/23/1978","FEMALE","WHITE"
"DANNY WRIGHT","03/23/1973","MALE","BLACK"
"DEMARCUS WRIGHT","10/21/1996","MALE","BLACK"
"DENNIS WRIGHT","08/03/1995","MALE","BLACK"
"DUSTIN WRIGHT","08/18/1984","MALE","WHITE"
"EARL WRIGHT","05/24/1962","MALE","BLACK"
"EUGENE WRIGHT","08/26/1953","MALE","BLACK"
"FRANKIE WRIGHT","05/24/1979","MALE","WHITE"
"FREDERICK WRIGHT","04/28/1996","MALE","BLACK"
"GEORGE WRIGHT","06/26/1959","MALE","BLACK"
"HOPE WRIGHT","01/01/1977","FEMALE","WHITE"
"HOUSTON WRIGHT","05/02/1991","MALE","BLACK"
"JACOB WRIGHT","08/18/1980","MALE","WHITE"
"JACOREY WRIGHT","12/18/1992","MALE","BLACK"
"JASON WRIGHT","03/05/1980","MALE","WHITE"
"JEFFREY WRIGHT","10/03/1968","MALE","BLACK"
"JEREMY WRIGHT","11/01/1985","MALE","BLACK"
"JERRIOUS WRIGHT","07/02/2002","MALE","BLACK"
"JESSIE WRIGHT","09/28/1983","MALE","WHITE"
"JOE WRIGHT","05/09/1975","MALE","BLACK"
"JOHN WRIGHT","08/11/1980","MALE","WHITE"
"JOHNNY WRIGHT","06/06/1964","MALE","BLACK"
"JUSTIN WRIGHT","04/25/1978","MALE","WHITE"
"KANESHIA WRIGHT","02/06/1991","FEMALE","BLACK"
"KELLY WRIGHT","12/10/1980","FEMALE","WHITE"
"KENTA WRIGHT","12/14/1991","MALE","BLACK"
"KEYLANTE WRIGHT","08/17/1999","MALE","BLACK"
"LADRELL WRIGHT","07/07/1994","MALE","BLACK"
"LAQUITA WRIGHT","06/11/1986","FEMALE","BLACK"
"LARSON WRIGHT","07/20/1990","MALE","BLACK"
"LAWRENCE WRIGHT","11/18/1977","MALE","BLACK"
"LESLIE WRIGHT","03/16/1975","MALE","BLACK"
"LONDON WRIGHT","07/23/1989","MALE","BLACK"
"LONIA WRIGHT","11/20/1941","MALE","BLACK"
"MARCO WRIGHT","12/14/1973","MALE","BLACK"
"MARCUS WRIGHT","04/17/1993","MALE","BLACK"
"MATT WRIGHT","10/07/1982","MALE","BLACK"
"MICHAEL WRIGHT","04/16/1979","MALE","BLACK"
"MICHAEL WRIGHT","02/15/1976","MALE","BLACK"
"MILTON WRIGHT","06/01/1957","MALE","BLACK"
"MISHAD WRIGHT","01/07/1995","MALE","BLACK"
"OTIS WRIGHT","09/25/1987","MALE","BLACK"
"QUINTIN WRIGHT","06/16/1985","MALE","BLACK"
"RASHAD WRIGHT","08/17/1990","MALE","BLACK"
"RAY WRIGHT","11/09/1954","MALE","BLACK"
"RICHARD WRIGHT","04/03/1967","MALE","BLACK"
"RONALD WRIGHT","01/21/1964","MALE","WHITE"
"RONNIE WRIGHT","10/10/1971","MALE","BLACK"
"RUSSELL WRIGHT","09/21/1962","MALE","WHITE"
"SENQUE WRIGHT","09/03/1980","MALE","BLACK"
"SHAQUITTA WRIGHT","06/18/1992","FEMALE","BLACK"
"SYLVESTER WRIGHT","05/20/1986","MALE","BLACK"
"TAURUS WRIGHT","03/07/1977","MALE","BLACK"
"TIFFANY WRIGHT","06/20/1987","FEMALE","BLACK"
"TIMOTHY WRIGHT","04/16/1999","MALE","BLACK"
"WILLIE WRIGHT","12/10/1971","MALE","BLACK"
"WILLIE WRIGHT","02/14/1949","MALE","BLACK"
